icao24,registration,aircraft_manufacturer,aircraft_model,aircraft_category,engine_manufacturer,engine_model,engine_count
a8150c,N62MW,Bombardier,Challenger 300,Large,Honeywell,HTF7000,2
0d05eb,XA-CHC,Bombardier,Challenger 300,Large,Honeywell,HTF7000,2
a23c9e,N243RC,Bombardier,Challenger 300,Large,Honeywell,HTF7000,2
a524b8,N430SK,Bombardier,Challenger 300,Large,Honeywell,HTF7000,2
a7c678,N60SB,Bombardier,Challenger 300,Large,Honeywell,HTF7000,2
0d07a6,XA-RUA,Bombardier,Challenger 300,Large,Honeywell,HTF7000,2
a7dfa8,N606XT,Bombardier,Challenger 300,Large,Honeywell,HTF7000,2
e024d3,LV-BSS,Bombardier,Challenger 300,Large,Honeywell,HTF7000,2
ad7d9b,N969AF,Bombardier,Challenger 300,Large,Honeywell,HTF7000,2
4d029f,LX-AVT,Bombardier,Challenger 300,Large,Honeywell,HTF7000,2
800743,VT-RSP,Bombardier,Challenger 300,Large,Honeywell,HTF7000,2
a58959,N456KT,Bombardier,Challenger 300,Large,Honeywell,HTF7000,2
400fa7,G-KALS,Bombardier,Challenger 300,Large,Honeywell,HTF7000,2
4b182e,HB-JEC,Bombardier,Challenger 300,Large,Honeywell,HTF7000,2
aac85b,N794RC,Bombardier,Challenger 300,Large,Honeywell,HTF7000,2
3c848f,D-BADO,Bombardier,Challenger 300,Large,Honeywell,HTF7000,2
a31091,N297MC,Bombardier,Challenger 300,Large,Honeywell,HTF7000,2
4b8642,TC-ARB,Bombardier,Challenger 300,Large,Honeywell,HTF7000,2
506c1f,S5-ADE,Bombardier,Challenger 300,Large,Honeywell,HTF7000,2
a48316,N390DB,Bombardier,Challenger 300,Large,Honeywell,HTF7000,2
e48aed,PR-ADB,Bombardier,Challenger 300,Large,Honeywell,HTF7000,2
ad11b7,N941JR,Bombardier,Challenger 300,Large,Honeywell,HTF7000,2
a71299,N555GE,Bombardier,Challenger 300,Large,Honeywell,HTF7000,2
a36562,N318JS,Bombardier,Challenger 300,Large,Honeywell,HTF7000,2
40689a,G-LEAZ,Bombardier,Challenger 300,Large,Honeywell,HTF7000,2
0d0e61,XA-BOM,Bombardier,Challenger 300,Large,Honeywell,HTF7000,2
a07324,N128TS,Bombardier,Challenger 300,Large,Honeywell,HTF7000,2
adda5f,N992DC,Bombardier,Challenger 300,Large,Honeywell,HTF7000,2
150698,RA-67224,Bombardier,Challenger 300,Large,Honeywell,HTF7000,2
a98f6c,N715JD,Bombardier,Challenger 300,Large,Honeywell,HTF7000,2
a18305,N197JS,Bombardier,Challenger 300,Large,Honeywell,HTF7000,2
3c942d,D-BEAM,Bombardier,Challenger 300,Large,Honeywell,HTF7000,2
4840dd,P4-AMR,Bombardier,Challenger 300,Large,Honeywell,HTF7000,2
a48874,N391W,Bombardier,Challenger 300,Large,Honeywell,HTF7000,2
ab43b2,N825CT,Bombardier,Challenger 300,Large,Honeywell,HTF7000,2
8007c7,VT-APF,Bombardier,Challenger 300,Large,Honeywell,HTF7000,2
a3207c,N300MY,Bombardier,Challenger 300,Large,Honeywell,HTF7000,2
43e9aa,M-ARRH,Bombardier,Challenger 300,Large,Honeywell,HTF7000,2
a32ac1,N303CZ,Bombardier,Challenger 300,Large,Honeywell,HTF7000,2
a66175,N510AF,Bombardier,Challenger 300,Large,Honeywell,HTF7000,2
a46706,N383GA,Bombardier,Challenger 300,Large,Honeywell,HTF7000,2
a980fa,N711NK,Bombardier,Challenger 300,Large,Honeywell,HTF7000,2
a3a512,N334EC,Bombardier,Challenger 300,Large,Honeywell,HTF7000,2
48d635,SP-ZSZ,Bombardier,Challenger 300,Large,Honeywell,HTF7000,2
4241a6,VP-CPF,Bombardier,Challenger 300,Large,Honeywell,HTF7000,2
45ce02,OY-SPB,Bombardier,Challenger 300,Large,Honeywell,HTF7000,2
e48ba5,PR-FMW,Bombardier,Challenger 300,Large,Honeywell,HTF7000,2
a952c3,N70FS,Bombardier,Challenger 300,Large,Honeywell,HTF7000,2
0d06e0,XA-NTG,Bombardier,Challenger 300,Large,Honeywell,HTF7000,2
44042f,OE-HOO,Bombardier,Challenger 300,Large,Honeywell,HTF7000,2
a417ae,N363CL,Bombardier,Challenger 300,Large,Honeywell,HTF7000,2
4405db,OE-HBA,Bombardier,Challenger 300,Large,Honeywell,HTF7000,2
150691,RA-67217,Bombardier,Challenger 300,Large,Honeywell,HTF7000,2
aaa754,N786FG,Bombardier,Challenger 300,Large,Honeywell,HTF7000,2
4ac9a1,SE-RMA,Bombardier,Challenger 300,Large,Honeywell,HTF7000,2
150697,RA-67223,Bombardier,Challenger 300,Large,Honeywell,HTF7000,2
ad81a1,N97DK,Bombardier,Challenger 300,Large,Honeywell,HTF7000,2
4405b2,OE-HDU,Bombardier,Challenger 300,Large,Honeywell,HTF7000,2
a7b4c7,N596MC,Bombardier,Challenger 300,Large,Honeywell,HTF7000,2
0d0753,XA-OVA,Bombardier,Challenger 300,Large,Honeywell,HTF7000,2
0d0515,XA-DLA,Bombardier,Challenger 300,Large,Honeywell,HTF7000,2
4400fb,OE-HRR,Bombardier,Challenger 300,Large,Honeywell,HTF7000,2
ac072a,N874WD,Bombardier,Challenger 300,Large,Honeywell,HTF7000,2
4057f1,G-KSFR,Bombardier,Challenger 300,Large,Honeywell,HTF7000,2
a5e8b3,N480BA,Bombardier,Challenger 300,Large,Honeywell,HTF7000,2
1506b2,RA-67250,Bombardier,Challenger 300,Large,Honeywell,HTF7000,2
490d0a,CS-CHJ,Bombardier,Challenger 300,Large,Honeywell,HTF7000,2
a68923,N520CC,Bombardier,Challenger 300,Large,Honeywell,HTF7000,2
43e7b7,M-HSNT,Bombardier,Challenger 300,Large,Honeywell,HTF7000,2
48c511,SP-SIS,Bombardier,Challenger 300,Large,Honeywell,HTF7000,2
780807,B-8192,Bombardier,Challenger 300,Large,Honeywell,HTF7000,2
5000c4,T7-GOB,Bombardier,Challenger 300,Large,Honeywell,HTF7000,2
3c2d57,D-BUBI,Bombardier,Challenger 300,Large,Honeywell,HTF7000,2
440465,OE-HCA,Bombardier,Challenger 300,Large,Honeywell,HTF7000,2
78081d,B-8233,Bombardier,Challenger 300,Large,Honeywell,HTF7000,2
a50a8b,N424AR,Bombardier,Challenger 300,Large,Honeywell,HTF7000,2
ac7137,N900WY,Bombardier,Challenger 300,Large,Honeywell,HTF7000,2
8005d4,VT-PIL,Bombardier,Challenger 300,Large,Honeywell,HTF7000,2
3c958f,D-BELO,Bombardier,Challenger 300,Large,Honeywell,HTF7000,2
7580ee,RP-C8215,Bombardier,Challenger 300,Large,Honeywell,HTF7000,2
8004c3,VT-JSE,Bombardier,Challenger 300,Large,Honeywell,HTF7000,2
a7c4ea,N60AD,Bombardier,Challenger 300,Large,Honeywell,HTF7000,2
4ac9a3,SE-RMC,Bombardier,Challenger 300,Large,Honeywell,HTF7000,2
a372b3,N321GX,Bombardier,Challenger 300,Large,Honeywell,HTF7000,2
a78158,N583D,Bombardier,Challenger 300,Large,Honeywell,HTF7000,2
4407d6,OE-HDC,Bombardier,Challenger 300,Large,Honeywell,HTF7000,2
a5a566,N463GR,Bombardier,Challenger 300,Large,Honeywell,HTF7000,2
008058,ZS-ACT,Bombardier,Challenger 300,Large,Honeywell,HTF7000,2
a31ff6,N300GP,Bombardier,Challenger 300,Large,Honeywell,HTF7000,2
ac0cf2,N876DG,Bombardier,Challenger 300,Large,Honeywell,HTF7000,2
a40405,N358RJ,Bombardier,Challenger 300,Large,Honeywell,HTF7000,2
4b84c6,TC-AFF,Bombardier,Challenger 300,Large,Honeywell,HTF7000,2
a9afc7,N723MC,Bombardier,Challenger 300,Large,Honeywell,HTF7000,2
a67d7c,N517WZ,Bombardier,Challenger 300,Large,Honeywell,HTF7000,2
ad67b2,N963EC,Bombardier,Challenger 300,Large,Honeywell,HTF7000,2
4405aa,OE-HPG,Bombardier,Challenger 300,Large,Honeywell,HTF7000,2
e49196,PP-MQS,Bombardier,Challenger 300,Large,Honeywell,HTF7000,2
a7e9b9,N609LS,Bombardier,Challenger 300,Large,Honeywell,HTF7000,2
43e7d8,M-EANS,Bombardier,Challenger 300,Large,Honeywell,HTF7000,2
a32453,N301PE,Bombardier,Challenger 300,Large,Honeywell,HTF7000,2
3c86c2,D-BAVB,Bombardier,Challenger 300,Large,Honeywell,HTF7000,2
aae603,N801EL,Bombardier,Challenger 300,Large,Honeywell,HTF7000,2
0ac379,HK-5186,Bombardier,Challenger 300,Large,Honeywell,HTF7000,2
a40d92,N360PA,Bombardier,Challenger 300,Large,Honeywell,HTF7000,2
a92c2f,N690RB,Bombardier,Challenger 300,Large,Honeywell,HTF7000,2
a944bf,N697AH,Bombardier,Challenger 300,Large,Honeywell,HTF7000,2
0d07f1,XA-VFV,Bombardier,Challenger 300,Large,Honeywell,HTF7000,2
abcf1a,N860CS,Bombardier,Challenger 300,Large,Honeywell,HTF7000,2
a09923,N138CH,Bombardier,Challenger 300,Large,Honeywell,HTF7000,2
a845bc,N632FW,Bombardier,Challenger 300,Large,Honeywell,HTF7000,2
440799,OE-HHH,Bombardier,Challenger 300,Large,Honeywell,HTF7000,2
a54957,N44M,Bombardier,Challenger 300,Large,Honeywell,HTF7000,2
4bce0c,TC-SPL,Bombardier,Challenger 300,Large,Honeywell,HTF7000,2
abd82e,N862VP,Bombardier,Challenger 300,Large,Honeywell,HTF7000,2
4bcb41,TC-RZA,Bombardier,Challenger 300,Large,Honeywell,HTF7000,2
e4869c,PP-BIC,Bombardier,Challenger 300,Large,Honeywell,HTF7000,2
424152,VP-CDV,Bombardier,Challenger 300,Large,Honeywell,HTF7000,2
0d0915,XA-GXG,Bombardier,Challenger 300,Large,Honeywell,HTF7000,2
4a5243,YR-TRC,Bombardier,Challenger 300,Large,Honeywell,HTF7000,2
a31fc9,N300EU,Bombardier,Challenger 300,Large,Honeywell,HTF7000,2
a2e4ac,N286EC,Bombardier,Challenger 300,Large,Honeywell,HTF7000,2
a32c7c,N303WS,Bombardier,Challenger 300,Large,Honeywell,HTF7000,2
43e856,M-OZZA,Bombardier,Challenger 300,Large,Honeywell,HTF7000,2
4406b3,OE-HDI,Bombardier,Challenger 300,Large,Honeywell,HTF7000,2
a27cf4,N26DE,Bombardier,Challenger 300,Large,Honeywell,HTF7000,2
a31fdc,N300FN,Bombardier,Challenger 300,Large,Honeywell,HTF7000,2
4d20a5,9H-SMI,Bombardier,Challenger 300,Large,Honeywell,HTF7000,2
43e8b3,M-EVAN,Bombardier,Challenger 300,Large,Honeywell,HTF7000,2
a7850f,N584D,Bombardier,Challenger 300,Large,Honeywell,HTF7000,2
3c9570,D-BEKP,Bombardier,Challenger 300,Large,Honeywell,HTF7000,2
020106,CN-CTA,Bombardier,Challenger 300,Large,Honeywell,HTF7000,2
a43832,N371HA,Bombardier,Challenger 300,Large,Honeywell,HTF7000,2
440751,OE-HCZ,Bombardier,Challenger 300,Large,Honeywell,HTF7000,2
adbe40,N985FM,Bombardier,Challenger 300,Large,Honeywell,HTF7000,2
e48e6b,PR-RBZ,Bombardier,Challenger 300,Large,Honeywell,HTF7000,2
0d06d5,XA-ARO,Bombardier,Challenger 300,Large,Honeywell,HTF7000,2
7501f2,9M-TST,Bombardier,Challenger 300,Large,Honeywell,HTF7000,2
a6cfc0,N538SL,Bombardier,Challenger 300,Large,Honeywell,HTF7000,2
150695,RA-67221,Bombardier,Challenger 300,Large,Honeywell,HTF7000,2
adc5e2,N987HP,Bombardier,Challenger 300,Large,Honeywell,HTF7000,2
440211,OE-HII,Bombardier,Challenger 300,Large,Honeywell,HTF7000,2
a956e9,N7000C,Bombardier,Challenger 300,Large,Honeywell,HTF7000,2
3c85ce,D-BANN,Bombardier,Challenger 300,Large,Honeywell,HTF7000,2
a7897a,N585LE,Bombardier,Challenger 300,Large,Honeywell,HTF7000,2
a03fc6,N115LF,Bombardier,Challenger 300,Large,Honeywell,HTF7000,2
4bda07,TC-VPG,Bombardier,Challenger 300,Large,Honeywell,HTF7000,2
a65945,N508SN,Bombardier,Challenger 300,Large,Honeywell,HTF7000,2
a7d798,N604RF,Bombardier,Challenger 300,Large,Honeywell,HTF7000,2
a97e68,N7100C,Bombardier,Challenger 300,Large,Honeywell,HTF7000,2
440562,OE-HLL,Bombardier,Challenger 300,Large,Honeywell,HTF7000,2
43e7ee,M-CLAB,Bombardier,Challenger 300,Large,Honeywell,HTF7000,2
780859,B-8116,Bombardier,Challenger 300,Large,Honeywell,HTF7000,2
ad47e9,N955H,Bombardier,Challenger 300,Large,Honeywell,HTF7000,2
4950d6,CS-TFV,Bombardier,Challenger 300,Large,Honeywell,HTF7000,2
adf542,N999ND,Bombardier,Challenger 300,Large,Honeywell,HTF7000,2
e48c82,PT-STU,Bombardier,Challenger 300,Large,Honeywell,HTF7000,2
3c2bc2,D-BTLT,Bombardier,Challenger 300,Large,Honeywell,HTF7000,2
aae037,N80HD,Bombardier,Challenger 300,Large,Honeywell,HTF7000,2
a39d76,N332CG,Bombardier,Challenger 300,Large,Honeywell,HTF7000,2
009969,ZS-JPO,Bombardier,Challenger 300,Large,Honeywell,HTF7000,2
a0586f,N121LM,Bombardier,Challenger 300,Large,Honeywell,HTF7000,2
ab58c1,N830EC,Bombardier,Challenger 300,Large,Honeywell,HTF7000,2
a32081,N300NC,Bombardier,Challenger 300,Large,Honeywell,HTF7000,2
adabef,N980JC,Bombardier,Challenger 300,Large,Honeywell,HTF7000,2
780808,B-8193,Bombardier,Challenger 300,Large,Honeywell,HTF7000,2
a74cc0,N57HA,Bombardier,Challenger 300,Large,Honeywell,HTF7000,2
43e84e,M-MTOO,Bombardier,Challenger 300,Large,Honeywell,HTF7000,2
e073cb,LV-GOK,Bombardier,Challenger 300,Large,Honeywell,HTF7000,2
ad82e4,N97SH,Bombardier,Challenger 300,Large,Honeywell,HTF7000,2
0d071c,XA-EZI,Bombardier,Challenger 300,Large,Honeywell,HTF7000,2
780858,B-8115,Bombardier,Challenger 300,Large,Honeywell,HTF7000,2
a2a188,N269MJ,Bombardier,Challenger 300,Large,Honeywell,HTF7000,2
3c2141,D-BPMI,Bombardier,Challenger 350,Large,Honeywell,HTF7350,2
a12c19,N175DP,Bombardier,Challenger 350,Large,Honeywell,HTF7350,2
a3f944,N355VJ,Bombardier,Challenger 350,Large,Honeywell,HTF7350,2
40722a,G-CJOF,Bombardier,Challenger 350,Large,Honeywell,HTF7350,2
490d07,CS-CHG,Bombardier,Challenger 350,Large,Honeywell,HTF7350,2
4d20e6,9H-VCD,Bombardier,Challenger 350,Large,Honeywell,HTF7350,2
4d20ea,9H-VCH,Bombardier,Challenger 350,Large,Honeywell,HTF7350,2
e08054,LV-HAT,Bombardier,Challenger 350,Large,Honeywell,HTF7350,2
4d20d9,9H-VCC,Bombardier,Challenger 350,Large,Honeywell,HTF7350,2
490d03,CS-CHC,Bombardier,Challenger 350,Large,Honeywell,HTF7350,2
4d2102,9H-VCJ,Bombardier,Challenger 350,Large,Honeywell,HTF7350,2
c06bfa,C-GOXD,Bombardier,Challenger 350,Large,Honeywell,HTF7350,2
1506ab,RA-67243,Bombardier,Challenger 350,Large,Honeywell,HTF7350,2
e49111,PT-PTR,Bombardier,Challenger 350,Large,Honeywell,HTF7350,2
46005a,OH-ADM,Bombardier,Challenger 350,Large,Honeywell,HTF7350,2
47b007,LN-STB,Bombardier,Challenger 350,Large,Honeywell,HTF7350,2
4d20e9,9H-VCG,Bombardier,Challenger 350,Large,Honeywell,HTF7350,2
c06bf8,C-GOXB,Bombardier,Challenger 350,Large,Honeywell,HTF7350,2
4d2134,9H-VCN,Bombardier,Challenger 350,Large,Honeywell,HTF7350,2
a0902d,N1350S,Bombardier,Challenger 350,Large,Honeywell,HTF7350,2
4408d8,OE-HGG,Bombardier,Challenger 350,Large,Honeywell,HTF7350,2
3ca0ee,D-BHGN,Bombardier,Challenger 350,Large,Honeywell,HTF7350,2
ada5f8,N979KC,Bombardier,Challenger 350,Large,Honeywell,HTF7350,2
4d2149,9H-VCO,Bombardier,Challenger 350,Large,Honeywell,HTF7350,2
a3ee1f,N352VJ,Bombardier,Challenger 350,Large,Honeywell,HTF7350,2
4d20e8,9H-VCF,Bombardier,Challenger 350,Large,Honeywell,HTF7350,2
a63dd8,N501BZ,Bombardier,Challenger 350,Large,Honeywell,HTF7350,2
490d05,CS-CHE,Bombardier,Challenger 350,Large,Honeywell,HTF7350,2
00982e,ZS-JDL,Bombardier,Challenger 350,Large,Honeywell,HTF7350,2
490d02,CS-CHB,Bombardier,Challenger 350,Large,Honeywell,HTF7350,2
a7df02,N606RB,Bombardier,Challenger 350,Large,Honeywell,HTF7350,2
440765,OE-HRS,Bombardier,Challenger 350,Large,Honeywell,HTF7350,2
00865d,ZS-CKA,Bombardier,Challenger 350,Large,Honeywell,HTF7350,2
4d2119,9H-VCK,Bombardier,Challenger 350,Large,Honeywell,HTF7350,2
4d20d1,9H-VCA,Bombardier,Challenger 350,Large,Honeywell,HTF7350,2
4d0227,LX-GJM,Bombardier,Challenger 350,Large,Honeywell,HTF7350,2
43ea96,M-TECH,Bombardier,Challenger 350,Large,Honeywell,HTF7350,2
490d01,CS-CHA,Bombardier,Challenger 350,Large,Honeywell,HTF7350,2
43ea6e,M-SGJS,Bombardier,Challenger 350,Large,Honeywell,HTF7350,2
48a4e8,SP-KHI,Bombardier,Challenger 350,Large,Honeywell,HTF7350,2
4d2127,9H-VCL,Bombardier,Challenger 350,Large,Honeywell,HTF7350,2
490d06,CS-CHF,Bombardier,Challenger 350,Large,Honeywell,HTF7350,2
c06c14,C-GOYD,Bombardier,Challenger 350,Large,Honeywell,HTF7350,2
ade56a,N995CB,Bombardier,Challenger 350,Large,Honeywell,HTF7350,2
4407cd,OE-HUG,Bombardier,Challenger 350,Large,Honeywell,HTF7350,2
e49194,PR-HNG,Bombardier,Challenger 350,Large,Honeywell,HTF7350,2
4d21f3,9H-JLG,Bombardier,Challenger 350,Large,Honeywell,HTF7350,2
4d2133,9H-VCM,Bombardier,Challenger 350,Large,Honeywell,HTF7350,2
a3f58d,N354VJ,Bombardier,Challenger 350,Large,Honeywell,HTF7350,2
4d20f4,9H-VCI,Bombardier,Challenger 350,Large,Honeywell,HTF7350,2
a41ef3,N365AV,Bombardier,Challenger 350,Large,Honeywell,HTF7350,2
43ea72,M-OCNY,Bombardier,Challenger 350,Large,Honeywell,HTF7350,2
c06bfd,C-GOXG,Bombardier,Challenger 350,Large,Honeywell,HTF7350,2
a98ed9,N715CG,Bombardier,Challenger 350,Large,Honeywell,HTF7350,2
c06bed,C-GOWQ,Bombardier,Challenger 350,Large,Honeywell,HTF7350,2
4d20cf,9H-VCB,Bombardier,Challenger 350,Large,Honeywell,HTF7350,2
a40359,N358JM,Bombardier,Challenger 350,Large,Honeywell,HTF7350,2
4d20e7,9H-VCE,Bombardier,Challenger 350,Large,Honeywell,HTF7350,2
3c9085,D-BDDE,Bombardier,Challenger 350,Large,Honeywell,HTF7350,2
484364,P4-AGL,Bombardier,Challenger 350,Large,Honeywell,HTF7350,2
800b67,VT-JUI,Bombardier,Challenger 350,Large,Honeywell,HTF7350,2
490d04,CS-CHD,Bombardier,Challenger 350,Large,Honeywell,HTF7350,2
c06c1f,C-GOYO,Bombardier,Challenger 350,Large,Honeywell,HTF7350,2
45cdb3,OY-SMS,Bombardier,Challenger 350,Large,Honeywell,HTF7350,2
a3f1d6,N353VJ,Bombardier,Challenger 350,Large,Honeywell,HTF7350,2
406ca9,G-SCAR,Bombardier,Challenger 350,Large,Honeywell,HTF7350,2
a0c9b4,N15VC,Bombardier,Challenger 605,Large,GE Aviation,CF34-3B,2
451c29,LZ-BVD,Bombardier,Challenger 605,Large,GE Aviation,CF34-3B,2
780814,B-7796,Bombardier,Challenger 605,Large,GE Aviation,CF34-3B,2
4d20cb,9H-VFE,Bombardier,Challenger 605,Large,GE Aviation,CF34-3B,2
1506a6,RA-67238,Bombardier,Challenger 605,Large,GE Aviation,CF34-3B,2
7806cb,B-3566,Bombardier,Challenger 605,Large,GE Aviation,CF34-3B,2
43e840,M-MARI,Bombardier,Challenger 605,Large,GE Aviation,CF34-3B,2
a317da,N299KR,Bombardier,Challenger 605,Large,GE Aviation,CF34-3B,2
4d20e3,9H-VFH,Bombardier,Challenger 605,Large,GE Aviation,CF34-3B,2
a1e00c,N22QF,Bombardier,Challenger 605,Large,GE Aviation,CF34-3B,2
43e95b,M-AYRU,Bombardier,Challenger 605,Large,GE Aviation,CF34-3B,2
50006e,T7-YES,Bombardier,Challenger 605,Large,GE Aviation,CF34-3B,2
4d20f5,9H-VFJ,Bombardier,Challenger 605,Large,GE Aviation,CF34-3B,2
405eaa,G-SJSS,Bombardier,Challenger 605,Large,GE Aviation,CF34-3B,2
ac3f04,N8888G,Bombardier,Challenger 605,Large,GE Aviation,CF34-3B,2
e07588,LV-GVH,Bombardier,Challenger 605,Large,GE Aviation,CF34-3B,2
4cab2c,EJ-AWES,Bombardier,Challenger 605,Large,GE Aviation,CF34-3B,2
a7db28,N605PS,Bombardier,Challenger 605,Large,GE Aviation,CF34-3B,2
a7da6e,N605GF,Bombardier,Challenger 605,Large,GE Aviation,CF34-3B,2
a1c54e,N213GS,Bombardier,Challenger 605,Large,GE Aviation,CF34-3B,2
4b8d88,TC-CLH,Bombardier,Challenger 605,Large,GE Aviation,CF34-3B,2
aa4093,N76QF,Bombardier,Challenger 605,Large,GE Aviation,CF34-3B,2
4d20c9,9H-VFC,Bombardier,Challenger 605,Large,GE Aviation,CF34-3B,2
a6f975,N549BA,Bombardier,Challenger 605,Large,GE Aviation,CF34-3B,2
a220bf,N236WA,Bombardier,Challenger 605,Large,GE Aviation,CF34-3B,2
43e8da,M-ASHI,Bombardier,Challenger 605,Large,GE Aviation,CF34-3B,2
4b9922,TC-FIB,Bombardier,Challenger 605,Large,GE Aviation,CF34-3B,2
4844b4,P4-SAT,Bombardier,Challenger 605,Large,GE Aviation,CF34-3B,2
a85265,N635XJ,Bombardier,Challenger 605,Large,GE Aviation,CF34-3B,2
a7dbcc,N605WF,Bombardier,Challenger 605,Large,GE Aviation,CF34-3B,2
461202,OH-GVI,Bombardier,Challenger 605,Large,GE Aviation,CF34-3B,2
15069b,RA-67227,Bombardier,Challenger 605,Large,GE Aviation,CF34-3B,2
44098b,OE-IXI,Bombardier,Challenger 605,Large,GE Aviation,CF34-3B,2
4066bb,G-LTSK,Bombardier,Challenger 605,Large,GE Aviation,CF34-3B,2
a7daab,N605JS,Bombardier,Challenger 605,Large,GE Aviation,CF34-3B,2
43ea1e,M-ALTI,Bombardier,Challenger 605,Large,GE Aviation,CF34-3B,2
5000e4,T7-AOO,Bombardier,Challenger 605,Large,GE Aviation,CF34-3B,2
4850d0,PH-HWM,Bombardier,Challenger 605,Large,GE Aviation,CF34-3B,2
50010a,T7-EZE,Bombardier,Challenger 605,Large,GE Aviation,CF34-3B,2
60185c,EZ-B023,Bombardier,Challenger 605,Large,GE Aviation,CF34-3B,2
3c08bb,D-ASHY,Bombardier,Challenger 605,Large,GE Aviation,CF34-3B,2
4068c0,G-LCDH,Bombardier,Challenger 605,Large,GE Aviation,CF34-3B,2
43e7be,M-NHOI,Bombardier,Challenger 605,Large,GE Aviation,CF34-3B,2
89635d,A6-MVD,Bombardier,Challenger 605,Large,GE Aviation,CF34-3B,2
ad8286,N97NP,Bombardier,Challenger 605,Large,GE Aviation,CF34-3B,2
06a085,A7-CEA,Bombardier,Challenger 605,Large,GE Aviation,CF34-3B,2
abbab6,N855JC,Bombardier,Challenger 605,Large,GE Aviation,CF34-3B,2
a4ad16,N400ES,Bombardier,Challenger 605,Large,GE Aviation,CF34-3B,2
5000af,T7-DMA,Bombardier,Challenger 605,Large,GE Aviation,CF34-3B,2
a34f04,N312HX,Bombardier,Challenger 605,Large,GE Aviation,CF34-3B,2
4d20ca,9H-VFD,Bombardier,Challenger 605,Large,GE Aviation,CF34-3B,2
a11d21,N171CL,Bombardier,Challenger 605,Large,GE Aviation,CF34-3B,2
a7dab5,N605KB,Bombardier,Challenger 605,Large,GE Aviation,CF34-3B,2
4b1982,HB-JRE,Bombardier,Challenger 605,Large,GE Aviation,CF34-3B,2
5000f5,T7-MHA,Bombardier,Challenger 605,Large,GE Aviation,CF34-3B,2
4d20e2,9H-VFG,Bombardier,Challenger 605,Large,GE Aviation,CF34-3B,2
0d05f2,XA-GRB,Bombardier,Challenger 605,Large,GE Aviation,CF34-3B,2
a7986e,N589MD,Bombardier,Challenger 605,Large,GE Aviation,CF34-3B,2
4408ed,OE-IMM,Bombardier,Challenger 605,Large,GE Aviation,CF34-3B,2
4d20cc,9H-JCD,Bombardier,Challenger 605,Large,GE Aviation,CF34-3B,2
a674f4,N515KS,Bombardier,Challenger 605,Large,GE Aviation,CF34-3B,2
06a086,A7-CEB,Bombardier,Challenger 605,Large,GE Aviation,CF34-3B,2
4408c4,OE-IKZ,Bombardier,Challenger 605,Large,GE Aviation,CF34-3B,2
a6aab4,N529DM,Bombardier,Challenger 605,Large,GE Aviation,CF34-3B,2
4241b3,VP-CLJ,Bombardier,Challenger 605,Large,GE Aviation,CF34-3B,2
4b1873,HB-JGT,Bombardier,Challenger 605,Large,GE Aviation,CF34-3B,2
780954,B-7768,Bombardier,Challenger 605,Large,GE Aviation,CF34-3B,2
ac6362,N898DL,Bombardier,Challenger 605,Large,GE Aviation,CF34-3B,2
710258,HZ-ATG,Bombardier,Challenger 605,Large,GE Aviation,CF34-3B,2
a8dbdf,N670BP,Bombardier,Challenger 605,Large,GE Aviation,CF34-3B,2
a55d51,N445BH,Bombardier,Challenger 605,Large,GE Aviation,CF34-3B,2
8961ca,A6-AAG,Bombardier,Challenger 605,Large,GE Aviation,CF34-3B,2
780910,B-7799,Bombardier,Challenger 605,Large,GE Aviation,CF34-3B,2
a8b422,N66ZC,Bombardier,Challenger 605,Large,GE Aviation,CF34-3B,2
43e9d7,M-ABGS,Bombardier,Challenger 605,Large,GE Aviation,CF34-3B,2
a6b200,N530SC,Bombardier,Challenger 605,Large,GE Aviation,CF34-3B,2
43e73d,M-RLIV,Bombardier,Challenger 605,Large,GE Aviation,CF34-3B,2
43e9b5,M-FRZN,Bombardier,Challenger 605,Large,GE Aviation,CF34-3B,2
43eac1,M-AKER,Bombardier,Challenger 605,Large,GE Aviation,CF34-3B,2
43ea01,M-MSGG,Bombardier,Challenger 605,Large,GE Aviation,CF34-3B,2
50007b,T7-BCH,Bombardier,Challenger 605,Large,GE Aviation,CF34-3B,2
a7da75,N605GN,Bombardier,Challenger 605,Large,GE Aviation,CF34-3B,2
4bad85,TC-KLE,Bombardier,Challenger 605,Large,GE Aviation,CF34-3B,2
44096b,OE-IOS,Bombardier,Challenger 605,Large,GE Aviation,CF34-3B,2
4d20ce,9H-VFF,Bombardier,Challenger 605,Large,GE Aviation,CF34-3B,2
a7c84a,N600LS,Bombardier,Challenger 605,Large,GE Aviation,CF34-3B,2
ac177c,N87878,Bombardier,Challenger 605,Large,GE Aviation,CF34-3B,2
894064,A9C-ACE,Bombardier,Challenger 605,Large,GE Aviation,CF34-3B,2
4d20c7,9H-VFA,Bombardier,Challenger 605,Large,GE Aviation,CF34-3B,2
a67f7d,N518DL,Bombardier,Challenger 605,Large,GE Aviation,CF34-3B,2
4bad8e,TC-KLN,Bombardier,Challenger 605,Large,GE Aviation,CF34-3B,2
43e7bb,M-TOPI,Bombardier,Challenger 605,Large,GE Aviation,CF34-3B,2
a52229,N43QF,Bombardier,Challenger 605,Large,GE Aviation,CF34-3B,2
43e9d3,M-BAEP,Bombardier,Challenger 605,Large,GE Aviation,CF34-3B,2
424243,VP-BGO,Bombardier,Challenger 605,Large,GE Aviation,CF34-3B,2
4850bd,P4-AAG,Bombardier,Challenger 605,Large,GE Aviation,CF34-3B,2
e030d7,LV-CCW,Bombardier,Challenger 605,Large,GE Aviation,CF34-3B,2
46cd03,SX-SHC,Bombardier,Challenger 605,Large,GE Aviation,CF34-3B,2
a7c699,N60TK,Bombardier,Challenger 605,Large,GE Aviation,CF34-3B,2
ac1e8e,N880HK,Bombardier,Challenger 605,Large,GE Aviation,CF34-3B,2
43e992,M-WFAM,Bombardier,Challenger 605,Large,GE Aviation,CF34-3B,2
a92285,N688SF,Bombardier,Challenger 605,Large,GE Aviation,CF34-3B,2
43ea0d,M-SEVN,Bombardier,Challenger 605,Large,GE Aviation,CF34-3B,2
3c1160,D-AVPB,Bombardier,Challenger 605,Large,GE Aviation,CF34-3B,2
780095,B-7763,Bombardier,Challenger 605,Large,GE Aviation,CF34-3B,2
4b844e,TC-ABN,Bombardier,Challenger 605,Large,GE Aviation,CF34-3B,2
a74327,N567YX,Bombardier,Challenger 605,Large,GE Aviation,CF34-3B,2
a6df74,N542BA,Bombardier,Challenger 605,Large,GE Aviation,CF34-3B,2
acf63d,N934TQ,Bombardier,Challenger 605,Large,GE Aviation,CF34-3B,2
424135,VP-COO,Bombardier,Challenger 605,Large,GE Aviation,CF34-3B,2
4d213a,9H-MYU,Bombardier,Challenger 605,Large,GE Aviation,CF34-3B,2
4bcc22,TC-SAB,Bombardier,Challenger 605,Large,GE Aviation,CF34-3B,2
a7d9ed,N605BB,Bombardier,Challenger 605,Large,GE Aviation,CF34-3B,2
a9672d,N705AM,Bombardier,Challenger 605,Large,GE Aviation,CF34-3B,2
ac67ae,N899KK,Bombardier,Challenger 605,Large,GE Aviation,CF34-3B,2
50010c,T7-CTG,Bombardier,Challenger 605,Large,GE Aviation,CF34-3B,2
761725,EYE77,Bombardier,Challenger 605,Large,GE Aviation,CF34-3B,2
06a132,A7-CEG,Bombardier,Challenger 605,Large,GE Aviation,CF34-3B,2
506c1e,S5-ADF,Bombardier,Challenger 605,Large,GE Aviation,CF34-3B,2
a3b7d1,N339FX,Bombardier,Challenger 605,Large,GE Aviation,CF34-3B,2
424252,VP-BGM,Bombardier,Challenger 605,Large,GE Aviation,CF34-3B,2
440550,OE-INK,Bombardier,Challenger 605,Large,GE Aviation,CF34-3B,2
43eab0,M-ABJN,Bombardier,Challenger 605,Large,GE Aviation,CF34-3B,2
506c17,S5-ADD,Bombardier,Challenger 605,Large,GE Aviation,CF34-3B,2
440918,OE-IIX,Bombardier,Challenger 605,Large,GE Aviation,CF34-3B,2
4d20eb,9H-VFI,Bombardier,Challenger 605,Large,GE Aviation,CF34-3B,2
3c48b9,D-ABEY,Bombardier,Challenger 605,Large,GE Aviation,CF34-3B,2
a7dc19,N605ZH,Bombardier,Challenger 605,Large,GE Aviation,CF34-3B,2
4d2031,9H-AFC,Bombardier,Challenger 605,Large,GE Aviation,CF34-3B,2
43e9fa,M-SPBM,Bombardier,Challenger 605,Large,GE Aviation,CF34-3B,2
a549a8,N44QF,Bombardier,Challenger 605,Large,GE Aviation,CF34-3B,2
c010b4,C-FGIL,Bombardier,Challenger 605,Large,GE Aviation,CF34-3B,2
aa8fc1,N78SD,Bombardier,Challenger 605,Large,GE Aviation,CF34-3B,2
780973,B-7769,Bombardier,Challenger 605,Large,GE Aviation,CF34-3B,2
43ea1b,M-BASH,Bombardier,Challenger 605,Large,GE Aviation,CF34-3B,2
a3bde1,N340FX,Bombardier,Challenger 605,Large,GE Aviation,CF34-3B,2
ab2361,N817AD,Bombardier,Challenger 605,Large,GE Aviation,CF34-3B,2
a7dab4,N605KA,Bombardier,Challenger 605,Large,GE Aviation,CF34-3B,2
4d2113,9H-KAS,Bombardier,Challenger 605,Large,GE Aviation,CF34-3B,2
3c682e,D-AJAN,Bombardier,Challenger 605,Large,GE Aviation,CF34-3B,2
43e9e7,M-AAAA,Bombardier,Challenger 605,Large,GE Aviation,CF34-3B,2
4d20c8,9H-VFB,Bombardier,Challenger 605,Large,GE Aviation,CF34-3B,2
78073f,B-3561,Bombardier,Challenger 605,Large,GE Aviation,CF34-3B,2
750207,9M-ATM,Bombardier,Challenger 605,Large,GE Aviation,CF34-3B,2
800642,VT-MKJ,Bombardier,Challenger 605,Large,GE Aviation,CF34-3B,2
a7db4c,N605RC,Bombardier,Challenger 605,Large,GE Aviation,CF34-3B,2
aa86d9,N778BA,Bombardier,Challenger 605,Large,GE Aviation,CF34-3B,2
3c1cf3,D-AZZA,Bombardier,Challenger 605,Large,GE Aviation,CF34-3B,2
4d0211,LX-AGA,Bombardier,Challenger 605,Large,GE Aviation,CF34-3B,2
a3d074,N345FX,Bombardier,Challenger 605,Large,GE Aviation,CF34-3B,2
8962ea,A6-SAJ,Bombardier,Challenger 605,Large,GE Aviation,CF34-3B,2
4911e6,CS-DOF,Bombardier,Challenger 650,Large,GE Aviation,CF34-3B,2
c0350d,C-FUCI,Bombardier,Challenger 650,Large,GE Aviation,CF34-3B,2
43eaa4,M-ARUB,Bombardier,Challenger 650,Large,GE Aviation,CF34-3B,2
440900,OE-IGA,Bombardier,Challenger 650,Large,GE Aviation,CF34-3B,2
ac555c,N894N,Bombardier,Challenger 650,Large,GE Aviation,CF34-3B,2
a88cf0,N650CD,Bombardier,Challenger 650,Large,GE Aviation,CF34-3B,2
c0021a,C-FAUR,Bombardier,Challenger 650,Large,GE Aviation,CF34-3B,2
50015a,T7-ZIS,Bombardier,Challenger 650,Large,GE Aviation,CF34-3B,2
43ea5b,M-DSTZ,Bombardier,Challenger 650,Large,GE Aviation,CF34-3B,2
440948,OE-LDN,Bombardier,Challenger 650,Large,GE Aviation,CF34-3B,2
39ce6b,F-HTTL,Bombardier,Challenger 650,Large,GE Aviation,CF34-3B,2
896c6b,1350,Bombardier,Challenger 650,Large,GE Aviation,CF34-3B,2
440949,OE-LAN,Bombardier,Challenger 650,Large,GE Aviation,CF34-3B,2
300696,I-DBLR,Bombardier,Challenger 650,Large,GE Aviation,CF34-3B,2
c0351a,C-FUCV,Bombardier,Challenger 650,Large,GE Aviation,CF34-3B,2
43eaa2,M-RAYS,Bombardier,Challenger 650,Large,GE Aviation,CF34-3B,2
c087bc,C-GZKL,Bombardier,Challenger 650,Large,GE Aviation,CF34-3B,2
a88f02,N650ZJ,Bombardier,Challenger 650,Large,GE Aviation,CF34-3B,2
a64dfa,N505R,Bombardier,Challenger 650,Large,GE Aviation,CF34-3B,2
43e8e6,M-TRBS,Bombardier,Challenger 650,Large,GE Aviation,CF34-3B,2
a2a6f9,N270F,Bombardier,Global 5000,Large,Rolls-Royce,BR710,2
4242fe,VP-BCY,Bombardier,Global 5000,Large,Rolls-Royce,BR710,2
aa2e14,N755RA,Bombardier,Global 5000,Large,Rolls-Royce,BR710,2
399438,F-HFBY,Bombardier,Global 5000,Large,Rolls-Royce,BR710,2
7501f3,9M-TAN,Bombardier,Global 5000,Large,Rolls-Royce,BR710,2
4d2156,9H-AVA,Bombardier,Global 5000,Large,Rolls-Royce,BR710,2
01804e,5A-UAC,Bombardier,Global 5000,Large,Rolls-Royce,BR710,2
a9af68,N723HH,Bombardier,Global 5000,Large,Rolls-Royce,BR710,2
3f58ae,14+01,Bombardier,Global 5000,Large,Rolls-Royce,BR710,2
407292,G-KBMM,Bombardier,Global 5000,Large,Rolls-Royce,BR710,2
44095e,OE-IMA,Bombardier,Global 5000,Large,Rolls-Royce,BR710,2
4a512b,YR-TIK,Bombardier,Global 5000,Large,Rolls-Royce,BR710,2
43e85c,M-GRAN,Bombardier,Global 5000,Large,Rolls-Royce,BR710,2
06a198,A7-TAT,Bombardier,Global 5000,Large,Rolls-Royce,BR710,2
440a76,OE-IXG,Bombardier,Global 5000,Large,Rolls-Royce,BR710,2
a637f3,N50DS,Bombardier,Global 5000,Large,Rolls-Royce,BR710,2
a3ec41,N352AF,Bombardier,Global 5000,Large,Rolls-Royce,BR710,2
5000ca,T7-FGL,Bombardier,Global 5000,Large,Rolls-Royce,BR710,2
ab5684,N83FF,Bombardier,Global 5000,Large,Rolls-Royce,BR710,2
440360,OE-IBC,Bombardier,Global 5000,Large,Rolls-Royce,BR710,2
407343,G-SGSG,Bombardier,Global 5000,Large,Rolls-Royce,BR710,2
43e89c,M-RIDE,Bombardier,Global 5000,Large,Rolls-Royce,BR710,2
adbe26,N985EL,Bombardier,Global 5000,Large,Rolls-Royce,BR710,2
06a19b,A7-CEV,Bombardier,Global 5000,Large,Rolls-Royce,BR710,2
e07445,LV-GQE,Bombardier,Global 5000,Large,Rolls-Royce,BR710,2
3f4e27,14+02,Bombardier,Global 5000,Large,Rolls-Royce,BR710,2
780a23,B-KMF,Bombardier,Global 5000,Large,Rolls-Royce,BR710,2
4401aa,OE-INC,Bombardier,Global 5000,Large,Rolls-Royce,BR710,2
a094f7,N1368M,Bombardier,Global 5000,Large,Rolls-Royce,BR710,2
4d2120,9H-CMA,Bombardier,Global 5000,Large,Rolls-Royce,BR710,2
48433d,P4-PIF,Bombardier,Global 5000,Large,Rolls-Royce,BR710,2
4242ff,VP-BGS,Bombardier,Global 5000,Large,Rolls-Royce,BR710,2
4bae4d,TC-KRM,Bombardier,Global 5000,Large,Rolls-Royce,BR710,2
43ea08,M-FINE,Bombardier,Global 5000,Large,Rolls-Royce,BR710,2
ad84e7,N970NX,Bombardier,Global 5000,Large,Rolls-Royce,BR710,2
7809cd,B-7765,Bombardier,Global 5000,Large,Rolls-Royce,BR710,2
4b1990,HB-JRS,Bombardier,Global 5000,Large,Rolls-Royce,BR710,2
a8faea,N678RC,Bombardier,Global 5000,Large,Rolls-Royce,BR710,2
4d203d,9H-AFR,Bombardier,Global 5000,Large,Rolls-Royce,BR710,2
a00054,N1DG,Bombardier,Global 5000,Large,Rolls-Royce,BR710,2
a3b722,N3389H,Bombardier,Global 5000,Large,Rolls-Royce,BR710,2
44070e,OE-ICA,Bombardier,Global 5000,Large,Rolls-Royce,BR710,2
06a133,A7-CEI,Bombardier,Global 5000,Large,Rolls-Royce,BR710,2
4d20af,9H-TOR,Bombardier,Global 5000,Large,Rolls-Royce,BR710,2
424158,VP-CWN,Bombardier,Global 5000,Large,Rolls-Royce,BR710,2
43ea48,M-KBSD,Bombardier,Global 5000,Large,Rolls-Royce,BR710,2
43e96b,M-BIGG,Bombardier,Global 5000,Large,Rolls-Royce,BR710,2
4d211f,9H-GVA,Bombardier,Global 5000,Large,Rolls-Royce,BR710,2
3f7b3c,14+04,Bombardier,Global 5000,Large,Rolls-Royce,BR710,2
c03221,C-FSZO,Bombardier,Global 5000,Large,Rolls-Royce,BR710,2
43e9d0,M-ANGO,Bombardier,Global 5000,Large,Rolls-Royce,BR710,2
43ea9c,M-CITI,Bombardier,Global 5000,Large,Rolls-Royce,BR710,2
a0c931,N15PX,Bombardier,Global 5000,Large,Rolls-Royce,BR710,2
43eaf5,M-SETT,Bombardier,Global 5000,Large,Rolls-Royce,BR710,2
150699,RA-67225,Bombardier,Global 5000,Large,Rolls-Royce,BR710,2
a3d492,N346L,Bombardier,Global 5000,Large,Rolls-Royce,BR710,2
43ea7a,M-AABG,Bombardier,Global 5000,Large,Rolls-Royce,BR710,2
06a0d8,A7-CEE,Bombardier,Global 5000,Large,Rolls-Royce,BR710,2
491d99,CS-GLY,Bombardier,Global 5000,Large,Rolls-Royce,BR710,2
896423,A6-RJD,Bombardier,Global 5000,Large,Rolls-Royce,BR710,2
424138,VP-CWQ,Bombardier,Global 5000,Large,Rolls-Royce,BR710,2
49302d,CS-LAM,Bombardier,Global 5000,Large,Rolls-Royce,BR710,2
a07ca0,N130QS,Bombardier,Global 5000,Large,Rolls-Royce,BR710,2
800e04,GB8002,Bombardier,Global 5000,Large,Rolls-Royce,BR710,2
4242f0,VP-BMG,Bombardier,Global 5000,Large,Rolls-Royce,BR710,2
a795e8,N588ZJ,Bombardier,Global 5000,Large,Rolls-Royce,BR710,2
42430d,VP-BLQ,Bombardier,Global 5000,Large,Rolls-Royce,BR710,2
4406d1,OE-IXX,Bombardier,Global 5000,Large,Rolls-Royce,BR710,2
4d20bd,9H-OMK,Bombardier,Global 5000,Large,Rolls-Royce,BR710,2
43e899,M-DANK,Bombardier,Global 5000,Large,Rolls-Royce,BR710,2
42424f,VP-BJN,Bombardier,Global 5000,Large,Rolls-Royce,BR710,2
06a0d7,A7-CED,Bombardier,Global 5000,Large,Rolls-Royce,BR710,2
43e98b,M-SAID,Bombardier,Global 5000,Large,Rolls-Royce,BR710,2
5000c0,T7-LRW,Bombardier,Global 5000,Large,Rolls-Royce,BR710,2
800501,VT-BAJ,Bombardier,Global 5000,Large,Rolls-Royce,BR710,2
4d2111,9H-FLN,Bombardier,Global 5000,Large,Rolls-Royce,BR710,2
c03562,C-FUFP,Bombardier,Global 5000,Large,Rolls-Royce,BR710,2
459934,OY-FIT,Bombardier,Global 5000,Large,Rolls-Royce,BR710,2
43ea8e,M-MICS,Bombardier,Global 5000,Large,Rolls-Royce,BR710,2
4243c5,VQ-BMM,Bombardier,Global 5000,Large,Rolls-Royce,BR710,2
48d409,SP-ZAK,Bombardier,Global 5000,Large,Rolls-Royce,BR710,2
424750,VP-CBF,Bombardier,Global 5000,Large,Rolls-Royce,BR710,2
4d20b6,9H-VTB,Bombardier,Global 5000,Large,Rolls-Royce,BR710,2
43e971,M-AQUA,Bombardier,Global 5000,Large,Rolls-Royce,BR710,2
4241cf,VP-CKM,Bombardier,Global 5000,Large,Rolls-Royce,BR710,2
800e03,GB8001,Bombardier,Global 5000,Large,Rolls-Royce,BR710,2
3f6533,14+03,Bombardier,Global 5000,Large,Rolls-Royce,BR710,2
440685,OE-INL,Bombardier,Global 5000,Large,Rolls-Royce,BR710,2
a63b4f,N500QA,Bombardier,Global 5000,Large,Rolls-Royce,BR710,2
4d2147,9H-IBD,Bombardier,Global 5000,Large,Rolls-Royce,BR710,2
3c4c85,D-ACDE,Bombardier,Global 5000,Large,Rolls-Royce,BR710,2
4242fb,VP-BSG,Bombardier,Global 5000,Large,Rolls-Royce,BR710,2
c035f2,C-FULD,Bombardier,Global 5000,Large,Rolls-Royce,BR710,2
4b1847,HB-JFB,Bombardier,Global 5000,Large,Rolls-Royce,BR710,2
a3c8c3,N343DE,Bombardier,Global 5000,Large,Rolls-Royce,BR710,2
80043f,VT-JSK,Bombardier,Global 5000,Large,Rolls-Royce,BR710,2
49526c,CS-TSL,Bombardier,Global 5000,Large,Rolls-Royce,BR710,2
43e948,M-JGVJ,Bombardier,Global 5000,Large,Rolls-Royce,BR710,2
424774,VP-CES,Bombardier,Global 5000,Large,Rolls-Royce,BR710,2
01803c,5A-UAB,Bombardier,Global 5000,Large,Rolls-Royce,BR710,2
adccea,N989DM,Bombardier,Global 5000,Large,Rolls-Royce,BR710,2
899069,B-98888,Bombardier,Global 5000,Large,Rolls-Royce,BR710,2
43e821,M-JSMN,Bombardier,Global 5000,Large,Rolls-Royce,BR710,2
43e945,M-SEAS,Bombardier,Global 5000,Large,Rolls-Royce,BR710,2
4406a6,OE-LPZ,Bombardier,Global 5000,Large,Rolls-Royce,BR710,2
800b66,VT-IBG,Bombardier,Global 5000,Large,Rolls-Royce,BR710,2
780229,B-LIM,Bombardier,Global 5000,Large,Rolls-Royce,BR710,2
4d20b7,9H-VTC,Bombardier,Global 5000,Large,Rolls-Royce,BR710,2
43e78f,M-BLUE,Bombardier,Global 5000,Large,Rolls-Royce,BR710,2
8006e5,VT-KJB,Bombardier,Global 5000,Large,Rolls-Royce,BR710,2
c037f1,C-FVEU,Bombardier,Global 5000,Large,Rolls-Royce,BR710,2
424179,VP-CSB,Bombardier,Global 5000,Large,Rolls-Royce,BR710,2
45d93a,OY-VIZ,Bombardier,Global 5000,Large,Rolls-Royce,BR710,2
39ce6e,F-HTTO,Bombardier,Global 5000,Large,Rolls-Royce,BR710,2
440649,OE-LAA,Bombardier,Global 5000,Large,Rolls-Royce,BR710,2
06002d,3B-PGT,Bombardier,Global 5000,Large,Rolls-Royce,BR710,2
43e8a9,M-CCCP,Bombardier,Global 5000,Large,Rolls-Royce,BR710,2
ab4ec8,N828CC,Bombardier,Global 5000,Large,Rolls-Royce,BR710,2
5000d9,T7-TAA,Bombardier,Global 5000,Large,Rolls-Royce,BR710,2
500193,T7-YMF,Bombardier,Global 5000,Large,Rolls-Royce,BR710,2
43e9e8,M-IUNI,Bombardier,Global 5000,Large,Rolls-Royce,BR710,2
43ea5a,M-SAPT,Bombardier,Global 5000,Large,Rolls-Royce,BR710,2
440430,OE-IOO,Bombardier,Global 5000,Large,Rolls-Royce,BR710,2
ac70e5,N900TR,Bombardier,Global 5000,Large,Rolls-Royce,BR710,2
43e78b,M-JANP,Bombardier,Global 5000,Large,Rolls-Royce,BR710,2
a3a464,N3338,Bombardier,Global 5000,Large,Rolls-Royce,BR710,2
780a04,B-LRH,Bombardier,Global 5000,Large,Rolls-Royce,BR710,2
c077a9,C-GTIE,Bombardier,Global 5000,Large,Rolls-Royce,BR710,2
43ea9a,M-CVGL,Bombardier,Global 5000,Large,Rolls-Royce,BR710,2
0d0516,XA-JGT,Bombardier,Global 5000,Large,Rolls-Royce,BR710,2
43ea21,M-IBID,Bombardier,Global 5000,Large,Rolls-Royce,BR710,2
896231,A6-FBQ,Bombardier,Global 5000,Large,Rolls-Royce,BR710,2
4241b9,VP-CGM,Bombardier,Global 5000,Large,Rolls-Royce,BR710,2
89641b,A6-RJC,Bombardier,Global 5000,Large,Rolls-Royce,BR710,2
780a2f,B-KEZ,Bombardier,Global 5000,Large,Rolls-Royce,BR710,2
43e822,M-YSAI,Bombardier,Global 5000,Large,Rolls-Royce,BR710,2
896370,A6-ACE,Bombardier,Global 5000,Large,Rolls-Royce,BR710,2
4bb541,TC-MJA,Bombardier,Global 5000,Large,Rolls-Royce,BR710,2
43e72a,M-SKSM,Bombardier,Global 5000,Large,Rolls-Royce,BR710,2
a4abf6,N40TE,Bombardier,Global 5000,Large,Rolls-Royce,BR710,2
aae132,N80TE,Bombardier,Global 6000,Large,Rolls-Royce,BR710,2
4d20d7,9H-VJL,Bombardier,Global 6000,Large,Rolls-Royce,BR710,2
a1c374,N2121J,Bombardier,Global 6000,Large,Rolls-Royce,BR710,2
a2005a,N228SS,Bombardier,Global 6000,Large,Rolls-Royce,BR710,2
c07440,C-GSAP,Bombardier,Global 6000,Large,Rolls-Royce,BR710,2
7c2919,VH-IEJ,Bombardier,Global 6000,Large,Rolls-Royce,BR710,2
06a1f0,A7-TAA,Bombardier,Global 6000,Large,Rolls-Royce,BR710,2
4d2131,9H-VJV,Bombardier,Global 6000,Large,Rolls-Royce,BR710,2
43ea29,M-ARGO,Bombardier,Global 6000,Large,Rolls-Royce,BR710,2
a31be8,N3PC,Bombardier,Global 6000,Large,Rolls-Royce,BR710,2
506c25,S5-ZFL,Bombardier,Global 6000,Large,Rolls-Royce,BR710,2
a4b241,N401VP,Bombardier,Global 6000,Large,Rolls-Royce,BR710,2
aa6876,N77UF,Bombardier,Global 6000,Large,Rolls-Royce,BR710,2
3c79a2,D-ANMB,Bombardier,Global 6000,Large,Rolls-Royce,BR710,2
ac70d1,N900SW,Bombardier,Global 6000,Large,Rolls-Royce,BR710,2
34510b,EC-MKH,Bombardier,Global 6000,Large,Rolls-Royce,BR710,2
39950f,F-HFIP,Bombardier,Global 6000,Large,Rolls-Royce,BR710,2
c037ca,C-FVDH,Bombardier,Global 6000,Large,Rolls-Royce,BR710,2
42474f,VP-CAF,Bombardier,Global 6000,Large,Rolls-Royce,BR710,2
a396e2,N330M,Bombardier,Global 6000,Large,Rolls-Royce,BR710,2
acc306,N921MT,Bombardier,Global 6000,Large,Rolls-Royce,BR710,2
c0412b,C-FYRQ,Bombardier,Global 6000,Large,Rolls-Royce,BR710,2
a1c1f0,N212LF,Bombardier,Global 6000,Large,Rolls-Royce,BR710,2
43ea07,M-SAMA,Bombardier,Global 6000,Large,Rolls-Royce,BR710,2
3ebe12,14+07,Bombardier,Global 6000,Large,Rolls-Royce,BR710,2
406422,G-GABY,Bombardier,Global 6000,Large,Rolls-Royce,BR710,2
43ea64,M-YSSF,Bombardier,Global 6000,Large,Rolls-Royce,BR710,2
a980da,N711MC,Bombardier,Global 6000,Large,Rolls-Royce,BR710,2
a8f665,N677GX,Bombardier,Global 6000,Large,Rolls-Royce,BR710,2
43e8a0,M-HOME,Bombardier,Global 6000,Large,Rolls-Royce,BR710,2
781853,B-605D,Bombardier,Global 6000,Large,Rolls-Royce,BR710,2
a88e57,N650SN,Bombardier,Global 6000,Large,Rolls-Royce,BR710,2
ac828e,N905JG,Bombardier,Global 6000,Large,Rolls-Royce,BR710,2
4ac9ba,SE-RMZ,Bombardier,Global 6000,Large,Rolls-Royce,BR710,2
ac9975,N9103J,Bombardier,Global 6000,Large,Rolls-Royce,BR710,2
a41f1a,N365CJ,Bombardier,Global 6000,Large,Rolls-Royce,BR710,2
a6286f,N496X,Bombardier,Global 6000,Large,Rolls-Royce,BR710,2
a336b0,N306MA,Bombardier,Global 6000,Large,Rolls-Royce,BR710,2
015a4e,EC-LNM,Bombardier,Global 6000,Large,Rolls-Royce,BR710,2
424770,VP-CFO,Bombardier,Global 6000,Large,Rolls-Royce,BR710,2
a029e9,N11AQ,Bombardier,Global 6000,Large,Rolls-Royce,BR710,2
5000fc,T7-BRS,Bombardier,Global 6000,Large,Rolls-Royce,BR710,2
c04136,C-FYSB,Bombardier,Global 6000,Large,Rolls-Royce,BR710,2
c068c9,C-GNRS,Bombardier,Global 6000,Large,Rolls-Royce,BR710,2
a9a7c6,N721FF,Bombardier,Global 6000,Large,Rolls-Royce,BR710,2
4d20d6,9H-VJJ,Bombardier,Global 6000,Large,Rolls-Royce,BR710,2
c039e5,C-FVYA,Bombardier,Global 6000,Large,Rolls-Royce,BR710,2
a7bf10,N599CH,Bombardier,Global 6000,Large,Rolls-Royce,BR710,2
a7eed3,N610AW,Bombardier,Global 6000,Large,Rolls-Royce,BR710,2
c03566,C-FUFT,Bombardier,Global 6000,Large,Rolls-Royce,BR710,2
c0456b,C-GAHM,Bombardier,Global 6000,Large,Rolls-Royce,BR710,2
c020df,C-FMLQ,Bombardier,Global 6000,Large,Rolls-Royce,BR710,2
a88c60,N65WL,Bombardier,Global 6000,Large,Rolls-Royce,BR710,2
43eacd,M-RRRR,Bombardier,Global 6000,Large,Rolls-Royce,BR710,2
a40b12,N36MM,Bombardier,Global 6000,Large,Rolls-Royce,BR710,2
a88e47,N650RX,Bombardier,Global 6000,Large,Rolls-Royce,BR710,2
3442c9,EC-LTF,Bombardier,Global 6000,Large,Rolls-Royce,BR710,2
a368dd,N319GG,Bombardier,Global 6000,Large,Rolls-Royce,BR710,2
ac89d9,N907GX,Bombardier,Global 6000,Large,Rolls-Royce,BR710,2
4d20cd,9H-VJG,Bombardier,Global 6000,Large,Rolls-Royce,BR710,2
ac0f4a,N8762M,Bombardier,Global 6000,Large,Rolls-Royce,BR710,2
a92e8a,N691BD,Bombardier,Global 6000,Large,Rolls-Royce,BR710,2
a105b0,N165QS,Bombardier,Global 6000,Large,Rolls-Royce,BR710,2
a03f9f,N115JS,Bombardier,Global 6000,Large,Rolls-Royce,BR710,2
ac1b7d,N88AA,Bombardier,Global 6000,Large,Rolls-Royce,BR710,2
aa545e,N765CS,Bombardier,Global 6000,Large,Rolls-Royce,BR710,2
ab2f3f,N82HP,Bombardier,Global 6000,Large,Rolls-Royce,BR710,2
a2dda0,N284JA,Bombardier,Global 6000,Large,Rolls-Royce,BR710,2
c08180,C-GXBB,Bombardier,Global 6000,Large,Rolls-Royce,BR710,2
a7b11b,N595MP,Bombardier,Global 6000,Large,Rolls-Royce,BR710,2
43ea51,M-ABCC,Bombardier,Global 6000,Large,Rolls-Royce,BR710,2
a3e98f,N351LS,Bombardier,Global 6000,Large,Rolls-Royce,BR710,2
42418f,VP-CPT,Bombardier,Global 6000,Large,Rolls-Royce,BR710,2
a8cf06,N667JD,Bombardier,Global 6000,Large,Rolls-Royce,BR710,2
c0357c,C-FUGP,Bombardier,Global 6000,Large,Rolls-Royce,BR710,2
a8a777,N657HN,Bombardier,Global 6000,Large,Rolls-Royce,BR710,2
43ea0a,M-YSKY,Bombardier,Global 6000,Large,Rolls-Royce,BR710,2
a9c8b8,N73AF,Bombardier,Global 6000,Large,Rolls-Royce,BR710,2
a00084,N1FE,Bombardier,Global 6000,Large,Rolls-Royce,BR710,2
a7c81b,N600JV,Bombardier,Global 6000,Large,Rolls-Royce,BR710,2
c04323,C-FZLA,Bombardier,Global 6000,Large,Rolls-Royce,BR710,2
4d2066,9H-OPE,Bombardier,Global 6000,Large,Rolls-Royce,BR710,2
a0c527,N149LP,Bombardier,Global 6000,Large,Rolls-Royce,BR710,2
a80556,N616DC,Bombardier,Global 6000,Large,Rolls-Royce,BR710,2
4d20f8,9H-VJP,Bombardier,Global 6000,Large,Rolls-Royce,BR710,2
a18efa,N2T,Bombardier,Global 6000,Large,Rolls-Royce,BR710,2
43e99b,M-MYNA,Bombardier,Global 6000,Large,Rolls-Royce,BR710,2
c0224d,C-FMZS,Bombardier,Global 6000,Large,Rolls-Royce,BR710,2
aad24a,N797CT,Bombardier,Global 6000,Large,Rolls-Royce,BR710,2
4d214c,9H-TNF,Bombardier,Global 6000,Large,Rolls-Royce,BR710,2
ac94e5,N91FX,Bombardier,Global 6000,Large,Rolls-Royce,BR710,2
a19068,N20HQ,Bombardier,Global 6000,Large,Rolls-Royce,BR710,2
a63ec1,N501MG,Bombardier,Global 6000,Large,Rolls-Royce,BR710,2
c04335,C-FZLS,Bombardier,Global 6000,Large,Rolls-Royce,BR710,2
a0ba69,N146QS,Bombardier,Global 6000,Large,Rolls-Royce,BR710,2
406aec,G-GOYA,Bombardier,Global 6000,Large,Rolls-Royce,BR710,2
aa67f2,N77NZ,Bombardier,Global 6000,Large,Rolls-Royce,BR710,2
42475d,VP-CYA,Bombardier,Global 6000,Large,Rolls-Royce,BR710,2
c040d8,C-FYOL,Bombardier,Global 6000,Large,Rolls-Royce,BR710,2
c04a51,C-GCDS,Bombardier,Global 6000,Large,Rolls-Royce,BR710,2
a9a867,N721MS,Bombardier,Global 6000,Large,Rolls-Royce,BR710,2
aaa403,N785KJ,Bombardier,Global 6000,Large,Rolls-Royce,BR710,2
4d02a1,LX-NAD,Bombardier,Global 6000,Large,Rolls-Royce,BR710,2
a0b6b2,N145QS,Bombardier,Global 6000,Large,Rolls-Royce,BR710,2
a6a7c7,N528MP,Bombardier,Global 6000,Large,Rolls-Royce,BR710,2
aafc2c,N807DC,Bombardier,Global 6000,Large,Rolls-Royce,BR710,2
7c3b43,VH-LZP,Bombardier,Global 6000,Large,Rolls-Royce,BR710,2
c03565,C-FUFS,Bombardier,Global 6000,Large,Rolls-Royce,BR710,2
43ea4a,M-EDZE,Bombardier,Global 6000,Large,Rolls-Royce,BR710,2
a141f6,N180PE,Bombardier,Global 6000,Large,Rolls-Royce,BR710,2
4d20fe,9H-VJZ,Bombardier,Global 6000,Large,Rolls-Royce,BR710,2
aa50b1,N764DB,Bombardier,Global 6000,Large,Rolls-Royce,BR710,2
a0c882,N15GX,Bombardier,Global 6000,Large,Rolls-Royce,BR710,2
a848e3,N633AB,Bombardier,Global 6000,Large,Rolls-Royce,BR710,2
7c37e8,VH-LBU,Bombardier,Global 6000,Large,Rolls-Royce,BR710,2
00a513,ZS-OAK,Bombardier,Global 6000,Large,Rolls-Royce,BR710,2
395588,F-GVMI,Bombardier,Global 6000,Large,Rolls-Royce,BR710,2
4d20f7,9H-VJO,Bombardier,Global 6000,Large,Rolls-Royce,BR710,2
a9c1fa,N728HG,Bombardier,Global 6000,Large,Rolls-Royce,BR710,2
491d82,CS-GLB,Bombardier,Global 6000,Large,Rolls-Royce,BR710,2
7c2ad1,VH-IQR,Bombardier,Global 6000,Large,Rolls-Royce,BR710,2
a7c508,N60BJ,Bombardier,Global 6000,Large,Rolls-Royce,BR710,2
a92481,N68889,Bombardier,Global 6000,Large,Rolls-Royce,BR710,2
acae14,N916MM,Bombardier,Global 6000,Large,Rolls-Royce,BR710,2
7c37c6,VH-LAW,Bombardier,Global 6000,Large,Rolls-Royce,BR710,2
a0cb9e,N150QS,Bombardier,Global 6000,Large,Rolls-Royce,BR710,2
a36efc,N320GX,Bombardier,Global 6000,Large,Rolls-Royce,BR710,2
a8d2ca,N668JS,Bombardier,Global 6000,Large,Rolls-Royce,BR710,2
aba54a,N85D,Bombardier,Global 6000,Large,Rolls-Royce,BR710,2
4d2097,9H-CIO,Bombardier,Global 6000,Large,Rolls-Royce,BR710,2
a10967,N166QS,Bombardier,Global 6000,Large,Rolls-Royce,BR710,2
a3c8c4,N343DF,Bombardier,Global 6000,Large,Rolls-Royce,BR710,2
a493a2,N394WJ,Bombardier,Global 6000,Large,Rolls-Royce,BR710,2
7c0a6b,VH-CCD,Bombardier,Global 6000,Large,Rolls-Royce,BR710,2
c037ed,C-FVEQ,Bombardier,Global 6000,Large,Rolls-Royce,BR710,2
7815b3,B-602V,Bombardier,Global 6000,Large,Rolls-Royce,BR710,2
7c1a31,VH-FGJ,Bombardier,Global 6000,Large,Rolls-Royce,BR710,2
a1619f,N1886S,Bombardier,Global 6000,Large,Rolls-Royce,BR710,2
a54a3f,N44WG,Bombardier,Global 6000,Large,Rolls-Royce,BR710,2
a9b9dc,N726AF,Bombardier,Global 6000,Large,Rolls-Royce,BR710,2
a82540,N624BP,Bombardier,Global 6000,Large,Rolls-Royce,BR710,2
3905cb,F-GBOL,Bombardier,Global 6000,Large,Rolls-Royce,BR710,2
c02f6e,C-FRYZ,Bombardier,Global 6000,Large,Rolls-Royce,BR710,2
4407c5,OE-LII,Bombardier,Global 6000,Large,Rolls-Royce,BR710,2
c07f7c,C-GWHF,Bombardier,Global 6000,Large,Rolls-Royce,BR710,2
a1e17e,N220F,Bombardier,Global 6000,Large,Rolls-Royce,BR710,2
ab8baa,N843GX,Bombardier,Global 6000,Large,Rolls-Royce,BR710,2
c082ac,C-GXMP,Bombardier,Global 6000,Large,Rolls-Royce,BR710,2
ad35c8,N950MP,Bombardier,Global 6000,Large,Rolls-Royce,BR710,2
440654,OE-IRT,Bombardier,Global 6000,Large,Rolls-Royce,BR710,2
a660ab,N51SE,Bombardier,Global 6000,Large,Rolls-Royce,BR710,2
c024b5,C-FNXK,Bombardier,Global 6000,Large,Rolls-Royce,BR710,2
c01e4f,C-FLMK,Bombardier,Global 6000,Large,Rolls-Royce,BR710,2
a95599,N700LS,Bombardier,Global 6000,Large,Rolls-Royce,BR710,2
a6aec0,N53GX,Bombardier,Global 6000,Large,Rolls-Royce,BR710,2
a2bd95,N276JG,Bombardier,Global 6000,Large,Rolls-Royce,BR710,2
a88d00,N650CV,Bombardier,Global 6000,Large,Rolls-Royce,BR710,2
a05b46,N122BN,Bombardier,Global 6000,Large,Rolls-Royce,BR710,2
43ead7,M-TSLT,Bombardier,Global 6000,Large,Rolls-Royce,BR710,2
a43b55,N372BC,Bombardier,Global 6000,Large,Rolls-Royce,BR710,2
4d20f9,9H-VJQ,Bombardier,Global 6000,Large,Rolls-Royce,BR710,2
4d0299,LX-JNC,Bombardier,Global 6000,Large,Rolls-Royce,BR710,2
4d2065,9H-VJA,Bombardier,Global 6000,Large,Rolls-Royce,BR710,2
a1405f,N18WZ,Bombardier,Global 6000,Large,Rolls-Royce,BR710,2
a79bba,N59GX,Bombardier,Global 6000,Large,Rolls-Royce,BR710,2
ac6a3d,N8998K,Bombardier,Global 6000,Large,Rolls-Royce,BR710,2
a73f7c,N566ZJ,Bombardier,Global 6000,Large,Rolls-Royce,BR710,2
a82d60,N626JS,Bombardier,Global 6000,Large,Rolls-Royce,BR710,2
aa69ee,N770KF,Bombardier,Global 6000,Large,Rolls-Royce,BR710,2
a3201b,N300JA,Bombardier,Global 6000,Large,Rolls-Royce,BR710,2
a7ef06,N610CX,Bombardier,Global 6000,Large,Rolls-Royce,BR710,2
a3d722,N34681,Bombardier,Global 6000,Large,Rolls-Royce,BR710,2
4ac9b4,SE-RMT,Bombardier,Global 6000,Large,Rolls-Royce,BR710,2
ac4905,N89095,Bombardier,Global 6000,Large,Rolls-Royce,BR710,2
a7c694,N60TE,Bombardier,Global 6000,Large,Rolls-Royce,BR710,2
a4d533,N410M,Bombardier,Global 6000,Large,Rolls-Royce,BR710,2
a05ed9,N123AB,Bombardier,Global 6000,Large,Rolls-Royce,BR710,2
a0d30c,N152QS,Bombardier,Global 6000,Large,Rolls-Royce,BR710,2
a03fe1,N115MH,Bombardier,Global 6000,Large,Rolls-Royce,BR710,2
7c0a7d,VH-CCV,Bombardier,Global 6000,Large,Rolls-Royce,BR710,2
a137a6,N178HT,Bombardier,Global 6000,Large,Rolls-Royce,BR710,2
c01dc2,C-FLGZ,Bombardier,Global 6000,Large,Rolls-Royce,BR710,2
a93241,N692BD,Bombardier,Global 6000,Large,Rolls-Royce,BR710,2
a40d47,N360LA,Bombardier,Global 6000,Large,Rolls-Royce,BR710,2
a1c0fe,N212AP,Bombardier,Global 6000,Large,Rolls-Royce,BR710,2
40635c,G-OXRS,Bombardier,Global 6000,Large,Rolls-Royce,BR710,2
a04413,N116SF,Bombardier,Global 6000,Large,Rolls-Royce,BR710,2
a939af,N694BD,Bombardier,Global 6000,Large,Rolls-Royce,BR710,2
a4acbd,N400BC,Bombardier,Global 6000,Large,Rolls-Royce,BR710,2
4d0236,LX-ABB,Bombardier,Global 6000,Large,Rolls-Royce,BR710,2
c04d73,C-GDIO,Bombardier,Global 6000,Large,Rolls-Royce,BR710,2
3c7583,D-AMLC,Bombardier,Global 6000,Large,Rolls-Royce,BR710,2
43e9ff,M-YFTA,Bombardier,Global 6000,Large,Rolls-Royce,BR710,2
a03071,N111FK,Bombardier,Global 6000,Large,Rolls-Royce,BR710,2
ac8155,N9047,Bombardier,Global 6000,Large,Rolls-Royce,BR710,2
a5e83b,N48WG,Bombardier,Global 6000,Large,Rolls-Royce,BR710,2
abd32f,N861GL,Bombardier,Global 6000,Large,Rolls-Royce,BR710,2
a0a7d6,N141QS,Bombardier,Global 6000,Large,Rolls-Royce,BR710,2
43ea2d,M-YVVF,Bombardier,Global 6000,Large,Rolls-Royce,BR710,2
a6aaaa,N529DB,Bombardier,Global 6000,Large,Rolls-Royce,BR710,2
4b185d,HB-JFX,Bombardier,Global 6000,Large,Rolls-Royce,BR710,2
4d2125,9H-AMZ,Bombardier,Global 6000,Large,Rolls-Royce,BR710,2
a1619b,N1886N,Bombardier,Global 6000,Large,Rolls-Royce,BR710,2
c0461a,C-GAOF,Bombardier,Global 6000,Large,Rolls-Royce,BR710,2
aa1899,N75KH,Bombardier,Global 6000,Large,Rolls-Royce,BR710,2
440834,OE-IGL,Bombardier,Global 6000,Large,Rolls-Royce,BR710,2
3c5d50,D-AGJP,Bombardier,Global 6000,Large,Rolls-Royce,BR710,2
c04d51,C-GDHG,Bombardier,Global 6000,Large,Rolls-Royce,BR710,2
a0cf55,N151QS,Bombardier,Global 6000,Large,Rolls-Royce,BR710,2
a0e1e8,N156QS,Bombardier,Global 6000,Large,Rolls-Royce,BR710,2
a83c0f,N63GX,Bombardier,Global 6000,Large,Rolls-Royce,BR710,2
c02d32,C-FRCZ,Bombardier,Global 6000,Large,Rolls-Royce,BR710,2
a10d1e,N167QS,Bombardier,Global 6000,Large,Rolls-Royce,BR710,2
aad2f1,N797KK,Bombardier,Global 6000,Large,Rolls-Royce,BR710,2
a82542,N624BR,Bombardier,Global 6000,Large,Rolls-Royce,BR710,2
c06de2,C-GPPX,Bombardier,Global 6000,Large,Rolls-Royce,BR710,2
800afd,VT-JSY,Bombardier,Global 6000,Large,Rolls-Royce,BR710,2
a0ab8d,N142QS,Bombardier,Global 6000,Large,Rolls-Royce,BR710,2
a95c57,N702DR,Bombardier,Global 6000,Large,Rolls-Royce,BR710,2
a781d8,N583JC,Bombardier,Global 6000,Large,Rolls-Royce,BR710,2
a0fe42,N163QS,Bombardier,Global 6000,Large,Rolls-Royce,BR710,2
7c47ab,VH-OFX,Bombardier,Global 6000,Large,Rolls-Royce,BR710,2
4d20d0,9H-VJH,Bombardier,Global 6000,Large,Rolls-Royce,BR710,2
a1d80b,N218JJ,Bombardier,Global 6000,Large,Rolls-Royce,BR710,2
a7b05e,N595E,Bombardier,Global 6000,Large,Rolls-Royce,BR710,2
5000f9,T7-OKY,Bombardier,Global 6000,Large,Rolls-Royce,BR710,2
ac9436,N9099H,Bombardier,Global 6000,Large,Rolls-Royce,BR710,2
ac8a7a,N907PH,Bombardier,Global 6000,Large,Rolls-Royce,BR710,2
c025bc,C-FOHN,Bombardier,Global 6000,Large,Rolls-Royce,BR710,2
4d2168,9H-RSS,Bombardier,Global 6000,Large,Rolls-Royce,BR710,2
c044fe,C-GADH,Bombardier,Global 6000,Large,Rolls-Royce,BR710,2
ac6d66,N90FX,Bombardier,Global 6000,Large,Rolls-Royce,BR710,2
a3874a,N3262T,Bombardier,Global 6000,Large,Rolls-Royce,BR710,2
a0e956,N158QS,Bombardier,Global 6000,Large,Rolls-Royce,BR710,2
ab349e,N821AM,Bombardier,Global 6000,Large,Rolls-Royce,BR710,2
407414,G-SALD,Bombardier,Global 6000,Large,Rolls-Royce,BR710,2
7c0a7f,VH-CCX,Bombardier,Global 6000,Large,Rolls-Royce,BR710,2
add295,N99ZM,Bombardier,Global 6000,Large,Rolls-Royce,BR710,2
a8d20c,N668BB,Bombardier,Global 6000,Large,Rolls-Royce,BR710,2
a61032,N490BA,Bombardier,Global 6000,Large,Rolls-Royce,BR710,2
a80e70,N618WF,Bombardier,Global 6000,Large,Rolls-Royce,BR710,2
a24891,N246ZJ,Bombardier,Global 6000,Large,Rolls-Royce,BR710,2
a0fd6f,N163GF,Bombardier,Global 6000,Large,Rolls-Royce,BR710,2
4b19a2,HB-JSK,Bombardier,Global 6000,Large,Rolls-Royce,BR710,2
acbc64,N92FX,Bombardier,Global 6000,Large,Rolls-Royce,BR710,2
a0407f,N115TR,Bombardier,Global 6000,Large,Rolls-Royce,BR710,2
a6bc98,N533LM,Bombardier,Global 6000,Large,Rolls-Royce,BR710,2
aa690e,N770AG,Bombardier,Global 6000,Large,Rolls-Royce,BR710,2
ab77a5,N838SC,Bombardier,Global 6000,Large,Rolls-Royce,BR710,2
a67f76,N518DD,Bombardier,Global 6000,Large,Rolls-Royce,BR710,2
ac1bc7,N88D,Bombardier,Global 6000,Large,Rolls-Royce,BR710,2
aae6e6,N801PN,Bombardier,Global 6000,Large,Rolls-Royce,BR710,2
a817e4,N620SY,Bombardier,Global 6000,Large,Rolls-Royce,BR710,2
a7db57,N605RP,Bombardier,Global 6000,Large,Rolls-Royce,BR710,2
00b290,ZS-TDF,Bombardier,Global 6000,Large,Rolls-Royce,BR710,2
ace61a,N930EN,Bombardier,Global 6000,Large,Rolls-Royce,BR710,2
ab57fc,N83WG,Bombardier,Global 6000,Large,Rolls-Royce,BR710,2
a794a9,N588LQ,Bombardier,Global 6000,Large,Rolls-Royce,BR710,2
4b184a,HB-JFE,Bombardier,Global 6000,Large,Rolls-Royce,BR710,2
4247bb,VP-CBO,Bombardier,Global 6000,Large,Rolls-Royce,BR710,2
ad447d,N954L,Bombardier,Global 6000,Large,Rolls-Royce,BR710,2
adcb24,N988ZJ,Bombardier,Global 6000,Large,Rolls-Royce,BR710,2
c0432d,C-FZLK,Bombardier,Global 6000,Large,Rolls-Royce,BR710,2
a110d5,N168QS,Bombardier,Global 6000,Large,Rolls-Royce,BR710,2
4d206d,9H-AMF,Bombardier,Global 6000,Large,Rolls-Royce,BR710,2
506c31,S5-SAD,Bombardier,Global 6000,Large,Rolls-Royce,BR710,2
a4ea87,N416BD,Bombardier,Global 6000,Large,Rolls-Royce,BR710,2
a0752b,N129AK,Bombardier,Global 6000,Large,Rolls-Royce,BR710,2
a5706f,N45GX,Bombardier,Global 6000,Large,Rolls-Royce,BR710,2
ad1ca5,N944GL,Bombardier,Global 6000,Large,Rolls-Royce,BR710,2
c04e20,C-GDPF,Bombardier,Global 6000,Large,Rolls-Royce,BR710,2
a8098f,N617JH,Bombardier,Global 6000,Large,Rolls-Royce,BR710,2
c069a2,C-GOAB,Bombardier,Global 6000,Large,Rolls-Royce,BR710,2
a99414,N716TV,Bombardier,Global 6000,Large,Rolls-Royce,BR710,2
a00012,N1AR,Bombardier,Global 6000,Large,Rolls-Royce,BR710,2
a0aefd,N143MW,Bombardier,Global 6000,Large,Rolls-Royce,BR710,2
a18d54,N2AC,Bombardier,Global 6000,Large,Rolls-Royce,BR710,2
a55c73,N4444X,Bombardier,Global 6000,Large,Rolls-Royce,BR710,2
ad5cf5,N960JG,Bombardier,Global 6000,Large,Rolls-Royce,BR710,2
3ebd41,14+06,Bombardier,Global 6000,Large,Rolls-Royce,BR710,2
ac3dda,N888ZP,Bombardier,Global 6000,Large,Rolls-Royce,BR710,2
424405,VQ-BEB,Bombardier,Global 6000,Large,Rolls-Royce,BR710,2
4d2136,9H-FCA,Bombardier,Global 6000,Large,Rolls-Royce,BR710,2
a7090b,N552YM,Bombardier,Global 6000,Large,Rolls-Royce,BR710,2
4d211b,9H-VJS,Bombardier,Global 6000,Large,Rolls-Royce,BR710,2
c05ccc,C-GJDR,Bombardier,Global 6000,Large,Rolls-Royce,BR710,2
a207ec,N23UC,Bombardier,Global 6000,Large,Rolls-Royce,BR710,2
4b186f,HB-JGP,Bombardier,Global 6000,Large,Rolls-Royce,BR710,2
4ac9b5,SE-RMU,Bombardier,Global 6000,Large,Rolls-Royce,BR710,2
4d2121,9H-GFI,Bombardier,Global 6000,Large,Rolls-Royce,BR710,2
a812cd,N6192B,Bombardier,Global 6000,Large,Rolls-Royce,BR710,2
aa8668,N7777U,Bombardier,Global 6000,Large,Rolls-Royce,BR710,2
780bc3,B-8195,Bombardier,Global 6000,Large,Rolls-Royce,BR710,2
300619,I-PFLY,Bombardier,Global 6000,Large,Rolls-Royce,BR710,2
a29251,N265HT,Bombardier,Global 6000,Large,Rolls-Royce,BR710,2
aa6923,N770BC,Bombardier,Global 6000,Large,Rolls-Royce,BR710,2
aadf08,N8VB,Bombardier,Global 6000,Large,Rolls-Royce,BR710,2
ad7a0d,N968BX,Bombardier,Global 6000,Large,Rolls-Royce,BR710,2
a2cde5,N28ZD,Bombardier,Global 6000,Large,Rolls-Royce,BR710,2
a0117e,N103SW,Bombardier,Global 6000,Large,Rolls-Royce,BR710,2
89915a,B-96999,Bombardier,Global 6000,Large,Rolls-Royce,BR710,2
a91223,N684AR,Bombardier,Global 6000,Large,Rolls-Royce,BR710,2
a0f31d,N160QS,Bombardier,Global 6000,Large,Rolls-Royce,BR710,2
4061fb,G-SANL,Bombardier,Global 6000,Large,Rolls-Royce,BR710,2
43ead5,M-INER,Bombardier,Global 6000,Large,Rolls-Royce,BR710,2
4d212d,9H-VJT,Bombardier,Global 6000,Large,Rolls-Royce,BR710,2
c016be,C-FIPX,Bombardier,Global 6000,Large,Rolls-Royce,BR710,2
c06732,C-GNCB,Bombardier,Global 6000,Large,Rolls-Royce,BR710,2
43eaba,M-MAVP,Bombardier,Global 6000,Large,Rolls-Royce,BR710,2
a79661,N5883,Bombardier,Global 6000,Large,Rolls-Royce,BR710,2
a373e5,N321VC,Bombardier,Global 6000,Large,Rolls-Royce,BR710,2
4b1833,HB-JEH,Bombardier,Global 6000,Large,Rolls-Royce,BR710,2
acd5c6,N926PN,Bombardier,Global 6000,Large,Rolls-Royce,BR710,2
a0af44,N143QS,Bombardier,Global 6000,Large,Rolls-Royce,BR710,2
a18e6b,N2MG,Bombardier,Global 6000,Large,Rolls-Royce,BR710,2
a0c1d7,N148QS,Bombardier,Global 6000,Large,Rolls-Royce,BR710,2
4d2139,9H-VJX,Bombardier,Global 6000,Large,Rolls-Royce,BR710,2
4d20d5,9H-VJI,Bombardier,Global 6000,Large,Rolls-Royce,BR710,2
a7f6b0,N612FG,Bombardier,Global 6000,Large,Rolls-Royce,BR710,2
a101f9,N164QS,Bombardier,Global 6000,Large,Rolls-Royce,BR710,2
4912d6,CS-DVV,Bombardier,Global 6000,Large,Rolls-Royce,BR710,2
c040cf,C-FYOC,Bombardier,Global 6000,Large,Rolls-Royce,BR710,2
a0299e,N1098L,Bombardier,Global 6000,Large,Rolls-Royce,BR710,2
a9b9f5,N726BF,Bombardier,Global 6000,Large,Rolls-Royce,BR710,2
a4ff61,N421AL,Bombardier,Global 6000,Large,Rolls-Royce,BR710,2
ace3e3,N93FX,Bombardier,Global 6000,Large,Rolls-Royce,BR710,2
43ead2,M-LLIN,Bombardier,Global 6000,Large,Rolls-Royce,BR710,2
a1bbe5,N2100L,Bombardier,Global 6000,Large,Rolls-Royce,BR710,2
43e950,M-LAAA,Bombardier,Global 6000,Large,Rolls-Royce,BR710,2
a9538b,N70PS,Bombardier,Global 6000,Large,Rolls-Royce,BR710,2
a69fe4,N526GX,Bombardier,Global 6000,Large,Rolls-Royce,BR710,2
4063df,G-CGSJ,Bombardier,Global 6000,Large,Rolls-Royce,BR710,2
42413b,VP-CJC,Bombardier,Global 6000,Large,Rolls-Royce,BR710,2
39b038,F-HMBY,Bombardier,Global 6000,Large,Rolls-Royce,BR710,2
a19950,N2019C,Bombardier,Global 6000,Large,Rolls-Royce,BR710,2
a168f4,N190JA,Bombardier,Global 6000,Large,Rolls-Royce,BR710,2
710021,HZ-ATH,Bombardier,Global 6000,Large,Rolls-Royce,BR710,2
a79b5b,N59DB,Bombardier,Global 6000,Large,Rolls-Royce,BR710,2
c03ba4,C-FWPF,Bombardier,Global 6000,Large,Rolls-Royce,BR710,2
a8fd4e,N679BP,Bombardier,Global 6000,Large,Rolls-Royce,BR710,2
a06430,N124ST,Bombardier,Global 6000,Large,Rolls-Royce,BR710,2
ac7037,N900LS,Bombardier,Global 6000,Large,Rolls-Royce,BR710,2
ac84e9,N9056,Bombardier,Global 6000,Large,Rolls-Royce,BR710,2
c0432f,C-FZLM,Bombardier,Global 6000,Large,Rolls-Royce,BR710,2
43e924,M-NALE,Bombardier,Global 6000,Large,Rolls-Royce,BR710,2
a1cc7f,N215EF,Bombardier,Global 6000,Large,Rolls-Royce,BR710,2
a35dc7,N316GX,Bombardier,Global 6000,Large,Rolls-Royce,BR710,2
a4ef31,N417LX,Bombardier,Global 6000,Large,Rolls-Royce,BR710,2
a7c076,N599SR,Bombardier,Global 6000,Large,Rolls-Royce,BR710,2
4ca723,EI-ITN,Bombardier,Global 6000,Large,Rolls-Royce,BR710,2
43ea87,M-MAXX,Bombardier,Global 6000,Large,Rolls-Royce,BR710,2
4d0237,LX-ZAK,Bombardier,Global 6000,Large,Rolls-Royce,BR710,2
50018a,T7-ELL,Bombardier,Global 6000,Large,Rolls-Royce,BR710,2
a2e8c5,N287JA,Bombardier,Global 6000,Large,Rolls-Royce,BR710,2
a22626,N2379T,Bombardier,Global 6000,Large,Rolls-Royce,BR710,2
a1d745,N218AL,Bombardier,Global 6000,Large,Rolls-Royce,BR710,2
491d85,CS-GLE,Bombardier,Global 6000,Large,Rolls-Royce,BR710,2
a4b238,N401VE,Bombardier,Global 6000,Large,Rolls-Royce,BR710,2
acb223,N917R,Bombardier,Global 6000,Large,Rolls-Royce,BR710,2
a7df36,N606TD,Bombardier,Global 6000,Large,Rolls-Royce,BR710,2
ad6821,N963JP,Bombardier,Global 6000,Large,Rolls-Royce,BR710,2
a597ee,N46GX,Bombardier,Global 6000,Large,Rolls-Royce,BR710,2
43e9c5,M-HAWK,Bombardier,Global 6000,Large,Rolls-Royce,BR710,2
43ea99,M-NAME,Bombardier,Global 6000,Large,Rolls-Royce,BR710,2
a14704,N1812C,Bombardier,Global 6000,Large,Rolls-Royce,BR710,2
c04e94,C-GDTR,Bombardier,Global 6000,Large,Rolls-Royce,BR710,2
3c582c,D-AFAL,Bombardier,Global 6000,Large,Rolls-Royce,BR710,2
ad0b62,N94FX,Bombardier,Global 6000,Large,Rolls-Royce,BR710,2
4247ad,VP-CBD,Bombardier,Global 6000,Large,Rolls-Royce,BR710,2
a0e59f,N157QS,Bombardier,Global 6000,Large,Rolls-Royce,BR710,2
c0431f,C-FZKW,Bombardier,Global 6000,Large,Rolls-Royce,BR710,2
500104,T7-CAM,Bombardier,Global 6000,Large,Rolls-Royce,BR710,2
44068c,OE-IRS,Bombardier,Global 6000,Large,Rolls-Royce,BR710,2
aaf838,N806AS,Bombardier,Global 6000,Large,Rolls-Royce,BR710,2
a9905a,N715TS,Bombardier,Global 6000,Large,Rolls-Royce,BR710,2
a7e514,N608BD,Bombardier,Global 6000,Large,Rolls-Royce,BR710,2
4d207e,9H-VJC,Bombardier,Global 6000,Large,Rolls-Royce,BR710,2
4d2122,9H-GVG,Bombardier,Global 6000,Large,Rolls-Royce,BR710,2
0d07fb,XA-OVR,Bombardier,Global 6000,Large,Rolls-Royce,BR710,2
c031c4,C-FSVZ,Bombardier,Global 6000,Large,Rolls-Royce,BR710,2
a9cb5a,N730DD,Bombardier,Global 6000,Large,Rolls-Royce,BR710,2
a14008,N18TM,Bombardier,Global 6000,Large,Rolls-Royce,BR710,2
a04b07,N118MJ,Bombardier,Global 6000,Large,Rolls-Royce,BR710,2
ab2ef2,N82EM,Bombardier,Global 6000,Large,Rolls-Royce,BR710,2
a5c133,N470B,Bombardier,Global 6000,Large,Rolls-Royce,BR710,2
c03fd5,C-FYEM,Bombardier,Global 6000,Large,Rolls-Royce,BR710,2
c0364a,C-FUON,Bombardier,Global 6000,Large,Rolls-Royce,BR710,2
405ffd,G-IRAP,Bombardier,Global 6000,Large,Rolls-Royce,BR710,2
a35219,N313BK,Bombardier,Global 6000,Large,Rolls-Royce,BR710,2
c001d8,C-FASD,Bombardier,Global 6000,Large,Rolls-Royce,BR710,2
a40d09,N360HP,Bombardier,Global 6000,Large,Rolls-Royce,BR710,2
4d20f6,9H-VJN,Bombardier,Global 6000,Large,Rolls-Royce,BR710,2
ab496a,N826ZF,Bombardier,Global 6000,Large,Rolls-Royce,BR710,2
a440cd,N373VB,Bombardier,Global 6000,Large,Rolls-Royce,BR710,2
a1db21,N219BY,Bombardier,Global 6000,Large,Rolls-Royce,BR710,2
acaa0d,N915JG,Bombardier,Global 6000,Large,Rolls-Royce,BR710,2
aca5a1,N914BA,Bombardier,Global 6000,Large,Rolls-Royce,BR710,2
c0358c,C-FUHF,Bombardier,Global 6000,Large,Rolls-Royce,BR710,2
ac6428,N898MJ,Bombardier,Global 6000,Large,Rolls-Royce,BR710,2
c08289,C-GXLG,Bombardier,Global 6000,Large,Rolls-Royce,BR710,2
a96483,N704MF,Bombardier,Global 6000,Large,Rolls-Royce,BR710,2
491d87,CS-GLG,Bombardier,Global 6000,Large,Rolls-Royce,BR710,2
a058fa,N121SA,Bombardier,Global 6000,Large,Rolls-Royce,BR710,2
c03548,C-FUEP,Bombardier,Global 6000,Large,Rolls-Royce,BR710,2
43ea20,M-HOME,Bombardier,Global 6000,Large,Rolls-Royce,BR710,2
45b0e9,OY-LGI,Bombardier,Global 6000,Large,Rolls-Royce,BR710,2
4d2089,9H-VJE,Bombardier,Global 6000,Large,Rolls-Royce,BR710,2
a144a0,N181CL,Bombardier,Global 6000,Large,Rolls-Royce,BR710,2
c04e18,C-GDOX,Bombardier,Global 6000,Large,Rolls-Royce,BR710,2
a62a80,N497EC,Bombardier,Global 6000,Large,Rolls-Royce,BR710,2
4d20d4,9H-SMB,Bombardier,Global 6000,Large,Rolls-Royce,BR710,2
a1744b,N193LA,Bombardier,Global 6000,Large,Rolls-Royce,BR710,2
ac738f,N901GX,Bombardier,Global 6000,Large,Rolls-Royce,BR710,2
a704c7,N551SW,Bombardier,Global 6000,Large,Rolls-Royce,BR710,2
c049bc,C-GBXZ,Bombardier,Global 6000,Large,Rolls-Royce,BR710,2
1506a9,RA-67241,Bombardier,Global 6000,Large,Rolls-Royce,BR710,2
a92337,N688ZJ,Bombardier,Global 6000,Large,Rolls-Royce,BR710,2
a20ef9,N2313A,Bombardier,Global 6000,Large,Rolls-Royce,BR710,2
a956b6,N700YB,Bombardier,Global 6000,Large,Rolls-Royce,BR710,2
c0448c,C-FZYX,Bombardier,Global 6000,Large,Rolls-Royce,BR710,2
a95c70,N702ER,Bombardier,Global 6000,Large,Rolls-Royce,BR710,2
a88e45,N650RV,Bombardier,Global 6000,Large,Rolls-Royce,BR710,2
4056a2,G-CEYL,Bombardier,Global 6000,Large,Rolls-Royce,BR710,2
491d81,CS-GLA,Bombardier,Global 6000,Large,Rolls-Royce,BR710,2
491d84,CS-GLD,Bombardier,Global 6000,Large,Rolls-Royce,BR710,2
a5530b,N442LF,Bombardier,Global 6000,Large,Rolls-Royce,BR710,2
a1b8c7,N21SP,Bombardier,Global 6000,Large,Rolls-Royce,BR710,2
424b37,M-LOLA,Bombardier,Global 6000,Large,Rolls-Royce,BR710,2
49120c,CS-DPL,Bombardier,Global 6000,Large,Rolls-Royce,BR710,2
c04330,C-FZLN,Bombardier,Global 6000,Large,Rolls-Royce,BR710,2
a00133,N1NE,Bombardier,Global 6000,Large,Rolls-Royce,BR710,2
ac15a1,N878SC,Bombardier,Global 6000,Large,Rolls-Royce,BR710,2
a0030e,N10HD,Bombardier,Global 6000,Large,Rolls-Royce,BR710,2
440901,OE-LML,Bombardier,Global 6000,Large,Rolls-Royce,BR710,2
c03582,C-FUGV,Bombardier,Global 6000,Large,Rolls-Royce,BR710,2
a905ad,N68005,Bombardier,Global 6000,Large,Rolls-Royce,BR710,2
a901c8,N68KJ,Bombardier,Global 6000,Large,Rolls-Royce,BR710,2
aada4c,N799JR,Bombardier,Global 6000,Large,Rolls-Royce,BR710,2
a762f2,N575WB,Bombardier,Global 6000,Large,Rolls-Royce,BR710,2
c0828f,C-GXLM,Bombardier,Global 6000,Large,Rolls-Royce,BR710,2
a0667f,N125CH,Bombardier,Global 6000,Large,Rolls-Royce,BR710,2
42475e,VP-CJK,Bombardier,Global 6000,Large,Rolls-Royce,BR710,2
a034cb,N112MY,Bombardier,Global 6000,Large,Rolls-Royce,BR710,2
a013dc,N104DA,Bombardier,Global 6000,Large,Rolls-Royce,BR710,2
a35373,N313RF,Bombardier,Global 6000,Large,Rolls-Royce,BR710,2
a0fd3e,N163EG,Bombardier,Global 6000,Large,Rolls-Royce,BR710,2
a935f8,N693BD,Bombardier,Global 6000,Large,Rolls-Royce,BR710,2
a47898,N3877,Bombardier,Global 6000,Large,Rolls-Royce,BR710,2
aad301,N797LA,Bombardier,Global 6000,Large,Rolls-Royce,BR710,2
a0da7a,N154QS,Bombardier,Global 6000,Large,Rolls-Royce,BR710,2
a960ae,N703LA,Bombardier,Global 6000,Large,Rolls-Royce,BR710,2
a396b3,N330KC,Bombardier,Global 6000,Large,Rolls-Royce,BR710,2
43ea8c,M-YOIL,Bombardier,Global 6000,Large,Rolls-Royce,BR710,2
e4924f,PR-FIS,Bombardier,Global 6000,Large,Rolls-Royce,BR710,2
a4fba6,N420AG,Bombardier,Global 6000,Large,Rolls-Royce,BR710,2
a0be20,N147QS,Bombardier,Global 6000,Large,Rolls-Royce,BR710,2
7810c5,B-3246,Bombardier,Global 6000,Large,Rolls-Royce,BR710,2
4406a3,OE-IEO,Bombardier,Global 6000,Large,Rolls-Royce,BR710,2
a9a3c6,N720CH,Bombardier,Global 6000,Large,Rolls-Royce,BR710,2
a13037,N176HS,Bombardier,Global 6000,Large,Rolls-Royce,BR710,2
c02567,C-FOEG,Bombardier,Global 6000,Large,Rolls-Royce,BR710,2
4d20ec,9H-VJM,Bombardier,Global 6000,Large,Rolls-Royce,BR710,2
a9b339,N724JJ,Bombardier,Global 6000,Large,Rolls-Royce,BR710,2
a63a0f,N500BF,Bombardier,Global 6000,Large,Rolls-Royce,BR710,2
4242e4,VP-BVM,Bombardier,Global 6000,Large,Rolls-Royce,BR710,2
491d83,CS-GLC,Bombardier,Global 6000,Large,Rolls-Royce,BR710,2
a67ff2,N518JC,Bombardier,Global 6000,Large,Rolls-Royce,BR710,2
a2f3ae,N29FR,Bombardier,Global 6000,Large,Rolls-Royce,BR710,2
a4bd05,N404RS,Bombardier,Global 6000,Large,Rolls-Royce,BR710,2
a18dd3,N2FE,Bombardier,Global 6000,Large,Rolls-Royce,BR710,2
a047e3,N117TF,Bombardier,Global 6000,Large,Rolls-Royce,BR710,2
a5c0bc,N47WG,Bombardier,Global 6000,Large,Rolls-Royce,BR710,2
a7f063,N610SW,Bombardier,Global 6000,Large,Rolls-Royce,BR710,2
4d2155,9H-VTD,Bombardier,Global 6000,Large,Rolls-Royce,BR710,2
a7c6f6,N60XC,Bombardier,Global 6000,Large,Rolls-Royce,BR710,2
c03648,C-FUOL,Bombardier,Global 6000,Large,Rolls-Royce,BR710,2
ad4454,N954JJ,Bombardier,Global 6000,Large,Rolls-Royce,BR710,2
424773,VP-CEW,Bombardier,Global 6000,Large,Rolls-Royce,BR710,2
a794bf,N588MM,Bombardier,Global 6000,Large,Rolls-Royce,BR710,2
a981c4,N711WM,Bombardier,Global 6000,Large,Rolls-Royce,BR710,2
a80994,N617JN,Bombardier,Global 6000,Large,Rolls-Royce,BR710,2
a2ec05,N288DG,Bombardier,Global 6000,Large,Rolls-Royce,BR710,2
c0460c,C-GANR,Bombardier,Global 6000,Large,Rolls-Royce,BR710,2
a0954d,N137BB,Bombardier,Global 6000,Large,Rolls-Royce,BR710,2
a47c74,N3888B,Bombardier,Global 6000,Large,Rolls-Royce,BR710,2
a7f294,N611BF,Bombardier,Global 6000,Large,Rolls-Royce,BR710,2
a8b8ac,N661HN,Bombardier,Global 6000,Large,Rolls-Royce,BR710,2
4241e8,VP-CZL,Bombardier,Global 6000,Large,Rolls-Royce,BR710,2
a326ca,N302AK,Bombardier,Global 6000,Large,Rolls-Royce,BR710,2
a2dd33,N284DS,Bombardier,Global 6000,Large,Rolls-Royce,BR710,2
ad0435,N938JM,Bombardier,Global 6000,Large,Rolls-Royce,BR710,2
4d215f,9H-LDN,Bombardier,Global 6000,Large,Rolls-Royce,BR710,2
c0237a,C-FNLH,Bombardier,Global 6000,Large,Rolls-Royce,BR710,2
a90ff7,N683SL,Bombardier,Global 6000,Large,Rolls-Royce,BR710,2
a79dcb,N590E,Bombardier,Global 6000,Large,Rolls-Royce,BR710,2
ab3a32,N822VP,Bombardier,Global 6000,Large,Rolls-Royce,BR710,2
491d86,CS-GLF,Bombardier,Global 6000,Large,Rolls-Royce,BR710,2
ad4521,N954SP,Bombardier,Global 6000,Large,Rolls-Royce,BR710,2
a6e3b2,N543GL,Bombardier,Global 6000,Large,Rolls-Royce,BR710,2
500199,T7-CJK,Bombardier,Global 6000,Large,Rolls-Royce,BR710,2
800c0e,VT-SNT,Bombardier,Global 6000,Large,Rolls-Royce,BR710,2
a48e1f,N393BZ,Bombardier,Global 6000,Large,Rolls-Royce,BR710,2
4d210b,9H-VJY,Bombardier,Global 6000,Large,Rolls-Royce,BR710,2
c03553,C-FUFA,Bombardier,Global 6000,Large,Rolls-Royce,BR710,2
ac66fd,N899CH,Bombardier,Global 6000,Large,Rolls-Royce,BR710,2
a7bb59,N598CH,Bombardier,Global 6000,Large,Rolls-Royce,BR710,2
ac1d25,N88T,Bombardier,Global 6000,Large,Rolls-Royce,BR710,2
adf2b0,N998ZX,Bombardier,Global 6000,Large,Rolls-Royce,BR710,2
ac6c2c,N9TJ,Bombardier,Global 6000,Large,Rolls-Royce,BR710,2
4d2130,9H-VJU,Bombardier,Global 6000,Large,Rolls-Royce,BR710,2
c039c2,C-FVWR,Bombardier,Global 6000,Large,Rolls-Royce,BR710,2
a92ad3,N690BD,Bombardier,Global 6000,Large,Rolls-Royce,BR710,2
ac1fe2,N880X,Bombardier,Global 6000,Large,Rolls-Royce,BR710,2
aab5c3,N79AY,Bombardier,Global 6000,Large,Rolls-Royce,BR710,2
a980cf,N711LS,Bombardier,Global 6000,Large,Rolls-Royce,BR710,2
a86407,N64MT,Bombardier,Global 6000,Large,Rolls-Royce,BR710,2
a9816a,N711SX,Bombardier,Global 6000,Large,Rolls-Royce,BR710,2
a1be80,N211PB,Bombardier,Global 6000,Large,Rolls-Royce,BR710,2
ab0b16,N810TS,Bombardier,Global 6000,Large,Rolls-Royce,BR710,2
a79e8b,N590MS,Bombardier,Global 6000,Large,Rolls-Royce,BR710,2
a63a67,N500EU,Bombardier,Global 6000,Large,Rolls-Royce,BR710,2
a7c30f,N6FE,Bombardier,Global 6000,Large,Rolls-Royce,BR710,2
4b1864,HB-JGE,Bombardier,Global 6000,Large,Rolls-Royce,BR710,2
4d207f,9H-VJD,Bombardier,Global 6000,Large,Rolls-Royce,BR710,2
c0590f,C-GHSW,Bombardier,Global 6000,Large,Rolls-Royce,BR710,2
400de9,G-XXRS,Bombardier,Global 6000,Large,Rolls-Royce,BR710,2
aa198d,N75VB,Bombardier,Global 6000,Large,Rolls-Royce,BR710,2
a17dd4,N1955Q,Bombardier,Global 6000,Large,Rolls-Royce,BR710,2
ac6d4c,N90EW,Bombardier,Global 6000,Large,Rolls-Royce,BR710,2
5000f1,T7-RSP,Bombardier,Global 6000,Large,Rolls-Royce,BR710,2
ad37d8,N9506G,Bombardier,Global 6000,Large,Rolls-Royce,BR710,2
aab086,N788ZJ,Bombardier,Global 6000,Large,Rolls-Royce,BR710,2
4d20aa,9H-IGH,Bombardier,Global 6000,Large,Rolls-Royce,BR710,2
4d20d8,9H-VJK,Bombardier,Global 6000,Large,Rolls-Royce,BR710,2
407269,G-GLOB,Bombardier,Global 6000,Large,Rolls-Royce,BR710,2
7c384f,VH-LEP,Bombardier,Global 6000,Large,Rolls-Royce,BR710,2
a7125b,N555DT,Bombardier,Global 6000,Large,Rolls-Royce,BR710,2
a34bb6,N311NB,Bombardier,Global 6000,Large,Rolls-Royce,BR710,2
a34e45,N312AF,Bombardier,Global 6000,Large,Rolls-Royce,BR710,2
aa2adc,N754WC,Bombardier,Global 6000,Large,Rolls-Royce,BR710,2
a8d53a,N66866,Bombardier,Global 6000,Large,Rolls-Royce,BR710,2
a901cd,N68KP,Bombardier,Global 6000,Large,Rolls-Royce,BR710,2
800b7e,VT-AHI,Bombardier,Global 6000,Large,Rolls-Royce,BR710,2
43e99a,M-DADA,Bombardier,Global 6000,Large,Rolls-Royce,BR710,2
4d211a,9H-VJR,Bombardier,Global 6000,Large,Rolls-Royce,BR710,2
c0412f,C-FYRU,Bombardier,Global 6000,Large,Rolls-Royce,BR710,2
c03644,C-FUOH,Bombardier,Global 6000,Large,Rolls-Royce,BR710,2
a7c86d,N600NB,Bombardier,Global 6000,Large,Rolls-Royce,BR710,2
ad35ee,N950PB,Bombardier,Global 6000,Large,Rolls-Royce,BR710,2
a64a43,N504R,Bombardier,Global 6000,Large,Rolls-Royce,BR710,2
a0fa8b,N162QS,Bombardier,Global 6000,Large,Rolls-Royce,BR710,2
ad1d23,N944MM,Bombardier,Global 6000,Large,Rolls-Royce,BR710,2
a06572,N1244,Bombardier,Global 6000,Large,Rolls-Royce,BR710,2
acd153,N925G,Bombardier,Global 6000,Large,Rolls-Royce,BR710,2
a0de31,N155QS,Bombardier,Global 6000,Large,Rolls-Royce,BR710,2
c040d7,C-FYOK,Bombardier,Global 6000,Large,Rolls-Royce,BR710,2
a8cb49,N666HY,Bombardier,Global 6000,Large,Rolls-Royce,BR710,2
c049c3,C-GBYG,Bombardier,Global 6000,Large,Rolls-Royce,BR710,2
aba879,N850MP,Bombardier,Global 6000,Large,Rolls-Royce,BR710,2
a9b274,N724AM,Bombardier,Global 6000,Large,Rolls-Royce,BR710,2
4d2132,9H-VJW,Bombardier,Global 6000,Large,Rolls-Royce,BR710,2
4b189c,HB-JII,Bombardier,Global 6000,Large,Rolls-Royce,BR710,2
aaf670,N805WM,Bombardier,Global 6000,Large,Rolls-Royce,BR710,2
c0455d,C-GAGY,Bombardier,Global 6000,Large,Rolls-Royce,BR710,2
780b27,B-8105,Bombardier,Global 6000,Large,Rolls-Royce,BR710,2
a0020b,N1WW,Bombardier,Global 6000,Large,Rolls-Royce,BR710,2
a7c51b,N60CC,Bombardier,Global 6000,Large,Rolls-Royce,BR710,2
ac810f,N9045,Bombardier,Global 6000,Large,Rolls-Royce,BR710,2
a1062e,N165VT,Bombardier,Global 6000,Large,Rolls-Royce,BR710,2
c0330b,C-FTIO,Bombardier,Global 6000,Large,Rolls-Royce,BR710,2
a1f8e4,N226SJ,Bombardier,Global 6000,Large,Rolls-Royce,BR710,2
a1f3b7,N225BK,Bombardier,Global 6000,Large,Rolls-Royce,BR710,2
a1db9d,N219GX,Bombardier,Global 6000,Large,Rolls-Royce,BR710,2
a9682d,N705LT,Bombardier,Global 6000,Large,Rolls-Royce,BR710,2
4d208a,9H-VJF,Bombardier,Global 6000,Large,Rolls-Royce,BR710,2
c04337,C-FZLU,Bombardier,Global 6000,Large,Rolls-Royce,BR710,2
a13e9d,N18CZ,Bombardier,Global 6000,Large,Rolls-Royce,BR710,2
a548f0,N44GX,Bombardier,Global 6000,Large,Rolls-Royce,BR710,2
ab53c2,N829RA,Bombardier,Global 6000,Large,Rolls-Royce,BR710,2
a63db5,N501AP,Bombardier,Global 6000,Large,Rolls-Royce,BR710,2
c034f1,C-FUBG,Bombardier,Global 6000,Large,Rolls-Royce,BR710,2
acf149,N933EY,Bombardier,Global 6000,Large,Rolls-Royce,BR710,2
a9974c,N717NT,Bombardier,Global 6000,Large,Rolls-Royce,BR710,2
4243f9,VQ-BCC,Bombardier,Global 6000,Large,Rolls-Royce,BR710,2
43e8f1,M-IGWT,Bombardier,Global 6000,Large,Rolls-Royce,BR710,2
a6831e,N519CP,Bombardier,Global 6000,Large,Rolls-Royce,BR710,2
a13f8c,N18NN,Bombardier,Global 6000,Large,Rolls-Royce,BR710,2
c03f94,C-FYBZ,Bombardier,Global 6000,Large,Rolls-Royce,BR710,2
a051ef,N12G,Bombardier,Global 6000,Large,Rolls-Royce,BR710,2
43eae0,M-LWSG,Bombardier,Global 6000,Large,Rolls-Royce,BR710,2
c03cd6,C-FXAZ,Bombardier,Global 7500,Large,GE Aviation,Passport 20,2
acb89e,N919FG,Bombardier,Global 7500,Large,GE Aviation,Passport 20,2
a13c0b,N179QS,Bombardier,Global 7500,Large,GE Aviation,Passport 20,2
c03cc6,C-FXAJ,Bombardier,Global 7500,Large,GE Aviation,Passport 20,2
424846,VP-CSY,Bombardier,Global 7500,Large,GE Aviation,Passport 20,2
a87b8f,N646AK,Bombardier,Global 7500,Large,GE Aviation,Passport 20,2
a4ab85,N40NS,Bombardier,Global 7500,Large,GE Aviation,Passport 20,2
395580,F-GVMA,Bombardier,Global 7500,Large,GE Aviation,Passport 20,2
440b17,OE-LVL,Bombardier,Global 7500,Large,GE Aviation,Passport 20,2
424b6b,M-LWCW,Bombardier,Global 7500,Large,GE Aviation,Passport 20,2
a996af,N717GL,Bombardier,Global 7500,Large,GE Aviation,Passport 20,2
ab0a46,N810KJ,Bombardier,Global 7500,Large,GE Aviation,Passport 20,2
aa1ab5,N750GX,Bombardier,Global 7500,Large,GE Aviation,Passport 20,2
ac3c39,N888GX,Bombardier,Global 7500,Large,GE Aviation,Passport 20,2
a0326c,N1111G,Bombardier,Global 7500,Large,GE Aviation,Passport 20,2
a42fc4,N369WW,Bombardier,Global 7500,Large,GE Aviation,Passport 20,2
50026f,T7-7AA,Bombardier,Global 7500,Large,GE Aviation,Passport 20,2
a98169,N711SW,Bombardier,Global 7500,Large,GE Aviation,Passport 20,2
aadd64,N8CG,Bombardier,Global 7500,Large,GE Aviation,Passport 20,2
a83ce8,N63RP,Bombardier,Global 7500,Large,GE Aviation,Passport 20,2
4d2227,9H-VIS,Bombardier,Global 7500,Large,GE Aviation,Passport 20,2
50020c,T7-AYA,Bombardier,Global 7500,Large,GE Aviation,Passport 20,2
c061d5,C-GLBG,Bombardier,Global 7500,Large,GE Aviation,Passport 20,2
a13854,N178QS,Bombardier,Global 7500,Large,GE Aviation,Passport 20,2
c04321,C-FZKY,Bombardier,Global 7500,Large,GE Aviation,Passport 20,2
a9c6e7,N729VS,Bombardier,Global 7500,Large,GE Aviation,Passport 20,2
a55b7f,N444WT,Bombardier,Global 7500,Large,GE Aviation,Passport 20,2
a71329,N555MZ,Bombardier,Global 7500,Large,GE Aviation,Passport 20,2
c03ccd,C-FXAQ,Bombardier,Global 7500,Large,GE Aviation,Passport 20,2
c04324,C-FZLB,Bombardier,Global 7500,Large,GE Aviation,Passport 20,2
a814f2,N62LV,Bombardier,Global 7500,Large,GE Aviation,Passport 20,2
424bd8,M-RAFI,Bombardier,Global 7500,Large,GE Aviation,Passport 20,2
a55c76,N44440,Bombardier,Global 7500,Large,GE Aviation,Passport 20,2
424468,VQ-BOK,Bombardier,Global 7500,Large,GE Aviation,Passport 20,2
c03cdc,C-FXBF,Bombardier,Global 7500,Large,GE Aviation,Passport 20,2
a48e1d,N393BX,Bombardier,Global 7500,Large,GE Aviation,Passport 20,2
a58c21,N457AD,Bombardier,Global 7500,Large,GE Aviation,Passport 20,2
c03cd5,C-FXAY,Bombardier,Global 7500,Large,GE Aviation,Passport 20,2
aafcd9,N807LA,Bombardier,Global 7500,Large,GE Aviation,Passport 20,2
4d02e2,LX-PAK,Bombardier,Global 7500,Large,GE Aviation,Passport 20,2
ac6865,N899ST,Bombardier,Global 7500,Large,GE Aviation,Passport 20,2
c061e6,C-GLBX,Bombardier,Global 7500,Large,GE Aviation,Passport 20,2
c0486c,C-GBLB,Bombardier,Global 7500,Large,GE Aviation,Passport 20,2
ac1bfe,N88FE,Bombardier,Global 7500,Large,GE Aviation,Passport 20,2
aa4973,N762F,Bombardier,Global 7500,Large,GE Aviation,Passport 20,2
a500fe,N421SZ,Bombardier,Global 7500,Large,GE Aviation,Passport 20,2
a31c5a,N3TS,Bombardier,Global 7500,Large,GE Aviation,Passport 20,2
a952ae,N70EW,Bombardier,Global 7500,Large,GE Aviation,Passport 20,2
424654,VP-BAT,Bombardier,Global 7500,Large,GE Aviation,Passport 20,2
440a0c,OE-IRM,Bombardier,Global 7500,Large,GE Aviation,Passport 20,2
ab1864,N814BU,Bombardier,Global 7500,Large,GE Aviation,Passport 20,2
4247b6,VP-CFK,Bombardier,Global 7500,Large,GE Aviation,Passport 20,2
a18504,N1973Y,Bombardier,Global 7500,Large,GE Aviation,Passport 20,2
a2c3da,N2777R,Bombardier,Global 7500,Large,GE Aviation,Passport 20,2
aa3aac,N7584G,Bombardier,Global 7500,Large,GE Aviation,Passport 20,2
a6697e,N512GL,Bombardier,Global 7500,Large,GE Aviation,Passport 20,2
a19df5,N203JE,Bombardier,Global 7500,Large,GE Aviation,Passport 20,2
ac3077,N885AQ,Bombardier,Global 7500,Large,GE Aviation,Passport 20,2
ac426d,N88959,Bombardier,Global 7500,Large,GE Aviation,Passport 20,2
aa6374,N769F,Bombardier,Global 7500,Large,GE Aviation,Passport 20,2
424625,VP-BLU,Bombardier,Global 7500,Large,GE Aviation,Passport 20,2
a6895e,N520EM,Bombardier,Global 7500,Large,GE Aviation,Passport 20,2
4d22f5,9H-VIB,Bombardier,Global 7500,Large,GE Aviation,Passport 20,2
a025ff,N1089,Bombardier,Global 7500,Large,GE Aviation,Passport 20,2
a9c5e2,N729KF,Bombardier,Global 7500,Large,GE Aviation,Passport 20,2
ad81a6,N97DQ,Bombardier,Global 7500,Large,GE Aviation,Passport 20,2
c03cee,C-FXBX,Bombardier,Global 7500,Large,GE Aviation,Passport 20,2
a1c2f3,N212WQ,Bombardier,Global 7500,Large,GE Aviation,Passport 20,2
aa83f8,N777KQ,Bombardier,Global 7500,Large,GE Aviation,Passport 20,2
4b18e7,HB-JLF,Bombardier,Global 7500,Large,GE Aviation,Passport 20,2
c061e0,C-GLBR,Bombardier,Global 7500,Large,GE Aviation,Passport 20,2
0d0ec7,XA-RBS,Bombardier,Global 7500,Large,GE Aviation,Passport 20,2
a1349d,N177QS,Bombardier,Global 7500,Large,GE Aviation,Passport 20,2
a12d2f,N175QS,Bombardier,Global 7500,Large,GE Aviation,Passport 20,2
ac1bae,N88C,Bombardier,Global 7500,Large,GE Aviation,Passport 20,2
c03cc5,C-FXAI,Bombardier,Global 7500,Large,GE Aviation,Passport 20,2
a15d58,N1872N,Bombardier,Global 7500,Large,GE Aviation,Passport 20,2
a8dbd3,N670BB,Bombardier,Global 7500,Large,GE Aviation,Passport 20,2
c061dd,C-GLBO,Bombardier,Global 7500,Large,GE Aviation,Passport 20,2
a058f1,N121RS,Bombardier,Global 7500,Large,GE Aviation,Passport 20,2
a130e6,N176QS,Bombardier,Global 7500,Large,GE Aviation,Passport 20,2
5002d8,T7-DFC,Bombardier,Global 7500,Large,GE Aviation,Passport 20,2
a5e6b1,N48EN,Bombardier,Global 7500,Large,GE Aviation,Passport 20,2
aa998a,N782SF,Bombardier,Global 7500,Large,GE Aviation,Passport 20,2
440b92,OE-LPR,Bombardier,Global 7500,Large,GE Aviation,Passport 20,2
a291d0,N265CP,Bombardier,Global 7500,Large,GE Aviation,Passport 20,2
3c4839,D-ABAY,Bombardier,Global 7500,Large,GE Aviation,Passport 20,2
7583de,RP-C629,Bombardier,Learjet,Small,Honeywell,TFE731,2
e03059,LV-CAY,Bombardier,Learjet,Small,Honeywell,TFE731,2
a841a8,N631CC,Bombardier,Learjet,Small,Honeywell,TFE731,2
a7d7b6,N604SL,Bombardier,Learjet,Small,Honeywell,TFE731,2
0d08d6,XA-MBU,Bombardier,Learjet,Small,Honeywell,TFE731,2
a4b0c3,N401EG,Bombardier,Learjet,Small,Honeywell,TFE731,2
3ce38d,D-CNMB,Bombardier,Learjet,Small,Honeywell,TFE731,2
e03403,LV-CPC,Bombardier,Learjet,Small,Honeywell,TFE731,2
ad4588,N954WS,Bombardier,Learjet,Small,Honeywell,TFE731,2
43ea86,M-ABJA,Bombardier,Learjet,Small,Honeywell,TFE731,2
e47fde,PT-LXX,Bombardier,Learjet,Small,Honeywell,TFE731,2
3cdf2d,D-CLUZ,Bombardier,Learjet,Small,Honeywell,TFE731,2
71021d,HZ-MS1A,Bombardier,Learjet,Small,Honeywell,TFE731,2
49109a,CS-DDZ,Bombardier,Learjet,Small,Honeywell,TFE731,2
e0744d,LV-GQM,Bombardier,Learjet,Small,Honeywell,TFE731,2
e14c70,T-10,Bombardier,Learjet,Small,Honeywell,TFE731,2
a64c9f,N505BC,Bombardier,Learjet,Small,Honeywell,TFE731,2
a341df,N309ML,Bombardier,Learjet,Small,Honeywell,TFE731,2
43ea45,M-DMBP,Bombardier,Learjet,Small,Honeywell,TFE731,2
a15ffb,N188SG,Bombardier,Learjet,Small,Honeywell,TFE731,2
3cde56,D-CLMS,Bombardier,Learjet,Small,Honeywell,TFE731,2
3cd064,D-CGFK,Bombardier,Learjet,Small,Honeywell,TFE731,2
e030cf,LV-CCO,Bombardier,Learjet,Small,Honeywell,TFE731,2
a10217,N164RX,Bombardier,Learjet,Small,Honeywell,TFE731,2
758047,RP-C3110,Bombardier,Learjet,Small,Honeywell,TFE731,2
a97d84,N710R,Bombardier,Learjet,Small,Honeywell,TFE731,2
abafa7,N852K,Bombardier,Learjet,Small,Honeywell,TFE731,2
0d062f,XA-PAR,Bombardier,Learjet,Small,Honeywell,TFE731,2
44095b,OE-GIQ,Bombardier,Learjet,Small,Honeywell,TFE731,2
3cd2f5,D-CHER,Bombardier,Learjet,Small,Honeywell,TFE731,2
a5d14d,N474PT,Bombardier,Learjet,Small,Honeywell,TFE731,2
7c6d4c,VH-VVI,Bombardier,Learjet,Small,Honeywell,TFE731,2
800727,VT-UNO,Bombardier,Learjet,Small,Honeywell,TFE731,2
0d01de,XA-FLY,Bombardier,Learjet,Small,Honeywell,TFE731,2
ac1c7f,N88LJ,Bombardier,Learjet,Small,Honeywell,TFE731,2
ad8f89,N973HR,Bombardier,Learjet,Small,Honeywell,TFE731,2
ac1ca7,N88MZ,Bombardier,Learjet,Small,Honeywell,TFE731,2
aa1ec3,N751LJ,Bombardier,Learjet,Small,Honeywell,TFE731,2
0d024e,XA-ZYZ,Bombardier,Learjet,Small,Honeywell,TFE731,2
aa7722,N7734T,Bombardier,Learjet,Small,Honeywell,TFE731,2
0d0796,XA-USZ,Bombardier,Learjet,Small,Honeywell,TFE731,2
45aed0,OY-KVP,Bombardier,Learjet,Small,Honeywell,TFE731,2
0d0339,XA-KCM,Bombardier,Learjet,Small,Honeywell,TFE731,2
43ea42,M-CSMS,Bombardier,Learjet,Small,Honeywell,TFE731,2
e480e5,PR-PTR,Bombardier,Learjet,Small,Honeywell,TFE731,2
a816d0,N620FX,Bombardier,Learjet,Small,Honeywell,TFE731,2
e481b5,PP-WIN,Bombardier,Learjet,Small,Honeywell,TFE731,2
0d055c,XA-SAA,Bombardier,Learjet,Small,Honeywell,TFE731,2
a7c840,N600LG,Bombardier,Learjet,Small,Honeywell,TFE731,2
0d044b,XA-UJZ,Bombardier,Learjet,Small,Honeywell,TFE731,2
e07598,LV-GVX,Bombardier,Learjet,Small,Honeywell,TFE731,2
aa6a4f,N770PC,Bombardier,Learjet,Small,Honeywell,TFE731,2
aba33f,N849WC,Bombardier,Learjet,Small,Honeywell,TFE731,2
a91910,N68563,Bombardier,Learjet,Small,Honeywell,TFE731,2
3cd94d,D-CJPD,Bombardier,Learjet,Small,Honeywell,TFE731,2
4d205b,9H-BCP,Bombardier,Learjet,Small,Honeywell,TFE731,2
e48ce0,PT-SAF,Bombardier,Learjet,Small,Honeywell,TFE731,2
e48c8d,PP-CRV,Bombardier,Learjet,Small,Honeywell,TFE731,2
e07452,LV-GQR,Bombardier,Learjet,Small,Honeywell,TFE731,2
760962,AP-BKB,Bombardier,Learjet,Small,Honeywell,TFE731,2
4d0295,LX-LAR,Bombardier,Learjet,Small,Honeywell,TFE731,2
e02616,LV-BXV,Bombardier,Learjet,Small,Honeywell,TFE731,2
43e90d,M-ABEU,Bombardier,Learjet,Small,Honeywell,TFE731,2
e484e8,PP-ONE,Bombardier,Learjet,Small,Honeywell,TFE731,2
e49089,PR-NYV,Bombardier,Learjet,Small,Honeywell,TFE731,2
a82963,N625FX,Bombardier,Learjet,Small,Honeywell,TFE731,2
300254,I-FORR,Bombardier,Learjet,Small,Honeywell,TFE731,2
a3e4db,N350AP,Bombardier,Learjet,Small,Honeywell,TFE731,2
a85d0a,N638SF,Bombardier,Learjet,Small,Honeywell,TFE731,2
0d0675,XA-SEG,Bombardier,Learjet,Small,Honeywell,TFE731,2
3ccd3a,D-CFAG,Bombardier,Learjet,Small,Honeywell,TFE731,2
a28e89,N264HA,Bombardier,Learjet,Small,Honeywell,TFE731,2
ab4797,N826EP,Bombardier,Learjet,Small,Honeywell,TFE731,2
a203f5,N229RP,Bombardier,Learjet,Small,Honeywell,TFE731,2
a99274,N716BD,Bombardier,Learjet,Small,Honeywell,TFE731,2
ad38e7,N951FM,Bombardier,Learjet,Small,Honeywell,TFE731,2
a9b2d2,N724EF,Bombardier,Learjet,Small,Honeywell,TFE731,2
488014,SP-AAW,Bombardier,Learjet,Small,Honeywell,TFE731,2
e48672,PR-SZA,Bombardier,Learjet,Small,Honeywell,TFE731,2
3002ec,I-GOCO,Bombardier,Learjet,Small,Honeywell,TFE731,2
405fd0,G-OSRL,Bombardier,Learjet,Small,Honeywell,TFE731,2
0d03be,XC-HIE,Bombardier,Learjet,Small,Honeywell,TFE731,2
0d00cf,XA-IKE,Bombardier,Learjet,Small,Honeywell,TFE731,2
a57176,N45TK,Bombardier,Learjet,Small,Honeywell,TFE731,2
7608ab,AP-BEK,Bombardier,Learjet,Small,Honeywell,TFE731,2
ac1d57,N88V,Bombardier,Learjet,Small,Honeywell,TFE731,2
009ee0,ZS-LRJ,Bombardier,Learjet,Small,Honeywell,TFE731,2
3ccd39,D-CFAF,Bombardier,Learjet,Small,Honeywell,TFE731,2
a5707e,N45HM,Bombardier,Learjet,Small,Honeywell,TFE731,2
ab358f,N821LC,Bombardier,Learjet,Small,Honeywell,TFE731,2
e03052,LV-CAR,Bombardier,Learjet,Small,Honeywell,TFE731,2
0d8173,YV2738,Bombardier,Learjet,Small,Honeywell,TFE731,2
e488d5,PR-HVN,Bombardier,Learjet,Small,Honeywell,TFE731,2
3cc95a,D-CDOC,Bombardier,Learjet,Small,Honeywell,TFE731,2
e4903f,PT-FLE,Bombardier,Learjet,Small,Honeywell,TFE731,2
e19342,LV-YMB,Bombardier,Learjet,Small,Honeywell,TFE731,2
e47e59,PT-XFS,Bombardier,Learjet,Small,Honeywell,TFE731,2
342412,EC-JVM,Bombardier,Learjet,Small,Honeywell,TFE731,2
a35224,N313BW,Bombardier,Learjet,Small,Honeywell,TFE731,2
e47ed8,PT-XLR,Bombardier,Learjet,Small,Honeywell,TFE731,2
440794,OE-GEC,Bombardier,Learjet,Small,Honeywell,TFE731,2
7807b5,B-3925,Bombardier,Learjet,Small,Honeywell,TFE731,2
a0f1b7,N160AJ,Bombardier,Learjet,Small,Honeywell,TFE731,2
a6eb60,N545K,Bombardier,Learjet,Small,Honeywell,TFE731,2
0d0a73,XA-UZD,Bombardier,Learjet,Small,Honeywell,TFE731,2
e48031,PT-XDN,Bombardier,Learjet,Small,Honeywell,TFE731,2
00a90e,ZS-PNP,Bombardier,Learjet,Small,Honeywell,TFE731,2
e47f32,PR-ONE,Bombardier,Learjet,Small,Honeywell,TFE731,2
e48add,PR-MFX,Bombardier,Learjet,Small,Honeywell,TFE731,2
0d0412,XA-GTP,Bombardier,Learjet,Small,Honeywell,TFE731,2
30061c,I-AVND,Bombardier,Learjet,Small,Honeywell,TFE731,2
a5d1a2,N474TC,Bombardier,Learjet,Small,Honeywell,TFE731,2
aa3d10,N759SH,Bombardier,Learjet,Small,Honeywell,TFE731,2
ac6ab4,N9CH,Bombardier,Learjet,Small,Honeywell,TFE731,2
a07f85,N131GG,Bombardier,Learjet,Small,Honeywell,TFE731,2
0ac323,HK-5107,Bombardier,Learjet,Small,Honeywell,TFE731,2
a7d812,N604WC,Bombardier,Learjet,Small,Honeywell,TFE731,2
0d06a3,XA-RAV,Bombardier,Learjet,Small,Honeywell,TFE731,2
4404b8,OE-GGC,Bombardier,Learjet,Small,Honeywell,TFE731,2
451c6c,LZ-BVV,Bombardier,Learjet,Small,Honeywell,TFE731,2
e07594,LV-GVT,Bombardier,Learjet,Small,Honeywell,TFE731,2
440925,OE-GLJ,Bombardier,Learjet,Small,Honeywell,TFE731,2
4bad83,TC-KLC,Bombardier,Learjet,Small,Honeywell,TFE731,2
e02192,LV-BFR,Bombardier,Learjet,Small,Honeywell,TFE731,2
5000b4,T7-ISH,Bombardier,Learjet,Small,Honeywell,TFE731,2
3cf0b9,D-CSLT,Bombardier,Learjet,Small,Honeywell,TFE731,2
aa692c,N770BM,Bombardier,Learjet,Small,Honeywell,TFE731,2
0d0354,XA-RIU,Bombardier,Learjet,Small,Honeywell,TFE731,2
a02dc8,N110SE,Bombardier,Learjet,Small,Honeywell,TFE731,2
0d0579,XA-FGP,Bombardier,Learjet,Small,Honeywell,TFE731,2
ace139,N929SR,Bombardier,Learjet,Small,Honeywell,TFE731,2
a1d80d,N218JL,Bombardier,Learjet,Small,Honeywell,TFE731,2
ac091c,N875CA,Bombardier,Learjet,Small,Honeywell,TFE731,2
ac583e,N895DM,Bombardier,Learjet,Small,Honeywell,TFE731,2
e480a9,PT-WIV,Bombardier,Learjet,Small,Honeywell,TFE731,2
e03089,LV-CBI,Bombardier,Learjet,Small,Honeywell,TFE731,2
0640a4,5N-DAL,Bombardier,Learjet,Small,Honeywell,TFE731,2
a31e41,N30PC,Bombardier,Learjet,Small,Honeywell,TFE731,2
e80909,CC-CMS,Bombardier,Learjet,Small,Honeywell,TFE731,2
a0b553,N145AR,Bombardier,Learjet,Small,Honeywell,TFE731,2
488895,SP-CEZ,Bombardier,Learjet,Small,Honeywell,TFE731,2
a9c181,N728CL,Bombardier,Learjet,Small,Honeywell,TFE731,2
0d05c3,XA-CFX,Bombardier,Learjet,Small,Honeywell,TFE731,2
e03413,LQ-CPS,Bombardier,Learjet,Small,Honeywell,TFE731,2
5110f4,ES-PVR,Bombardier,Learjet,Small,Honeywell,TFE731,2
4b37d8,HB-VDW,Bombardier,Learjet,Small,Honeywell,TFE731,2
0d8100,YV2567,Bombardier,Learjet,Small,Honeywell,TFE731,2
a02a03,N11BR,Bombardier,Learjet,Small,Honeywell,TFE731,2
a749ec,N569SC,Bombardier,Learjet,Small,Honeywell,TFE731,2
43eae7,M-INNI,Bombardier,Learjet,Small,Honeywell,TFE731,2
0b4005,TG-SHV,Bombardier,Learjet,Small,Honeywell,TFE731,2
e487fe,PR-WSB,Bombardier,Learjet,Small,Honeywell,TFE731,2
0d090d,XA-MGM,Bombardier,Learjet,Small,Honeywell,TFE731,2
4d028e,LX-ONE,Bombardier,Learjet,Small,Honeywell,TFE731,2
a9fe13,N743E,Bombardier,Learjet,Small,Honeywell,TFE731,2
300224,I-GURU,Bombardier,Learjet,Small,Honeywell,TFE731,2
e8cfb9,526,Bombardier,Learjet,Small,Honeywell,TFE731,2
3002a3,I-CFLY,Bombardier,Learjet,Small,Honeywell,TFE731,2
add33c,N990GC,Bombardier,Learjet,Small,Honeywell,TFE731,2
a2f4be,N29SN,Bombardier,Learjet,Small,Honeywell,TFE731,2
4bcd19,TC-SHY,Bombardier,Learjet,Small,Honeywell,TFE731,2
0d092c,XA-JAO,Bombardier,Learjet,Small,Honeywell,TFE731,2
0d063d,XB-GTH,Bombardier,Learjet,Small,Honeywell,TFE731,2
3ccd41,D-CFAN,Bombardier,Learjet,Small,Honeywell,TFE731,2
c02f67,C-FRYS,Bombardier,Learjet,Small,Honeywell,TFE731,2
a03059,N111EL,Bombardier,Learjet,Small,Honeywell,TFE731,2
a75edb,N574SF,Bombardier,Learjet,Small,Honeywell,TFE731,2
e4882d,PR-WMA,Bombardier,Learjet,Small,Honeywell,TFE731,2
0d08d4,XA-MBT,Bombardier,Learjet,Small,Honeywell,TFE731,2
ac86bb,N906P,Bombardier,Learjet,Small,Honeywell,TFE731,2
4241db,VP-CIO,Bombardier,Learjet,Small,Honeywell,TFE731,2
a4f2f8,N418MN,Bombardier,Learjet,Small,Honeywell,TFE731,2
3cdc7c,D-CKUM,Bombardier,Learjet,Small,Honeywell,TFE731,2
440711,OE-GSV,Bombardier,Learjet,Small,Honeywell,TFE731,2
ada56f,N979DR,Bombardier,Learjet,Small,Honeywell,TFE731,2
3ce460,D-CNUE,Bombardier,Learjet,Small,Honeywell,TFE731,2
0d0778,XA-USP,Bombardier,Learjet,Small,Honeywell,TFE731,2
a8018a,N615CG,Bombardier,Learjet,Small,Honeywell,TFE731,2
0b4033,TG-CCH,Bombardier,Learjet,Small,Honeywell,TFE731,2
ac3c79,N888KL,Bombardier,Learjet,Small,Honeywell,TFE731,2
4d0293,LX-EAA,Bombardier,Learjet,Small,Honeywell,TFE731,2
a00c97,N102ES,Bombardier,Learjet,Small,Honeywell,TFE731,2
4950d2,CS-TFR,Bombardier,Learjet,Small,Honeywell,TFE731,2
aa4965,N762EL,Bombardier,Learjet,Small,Honeywell,TFE731,2
a2ebe7,N288CB,Bombardier,Learjet,Small,Honeywell,TFE731,2
e47f94,PR-PJD,Bombardier,Learjet,Small,Honeywell,TFE731,2
a570cd,N45LR,Bombardier,Learjet,Small,Honeywell,TFE731,2
01806e,5A-UAE,Bombardier,Learjet,Small,Honeywell,TFE731,2
3ccd4b,D-CFAX,Bombardier,Learjet,Small,Honeywell,TFE731,2
a9f372,N740KG,Bombardier,Learjet,Small,Honeywell,TFE731,2
e023d5,LV-BOU,Bombardier,Learjet,Small,Honeywell,TFE731,2
a48a8d,N392DL,Bombardier,Learjet,Small,Honeywell,TFE731,2
51100f,ES-PVS,Bombardier,Learjet,Small,Honeywell,TFE731,2
020081,CN-TJB,Bombardier,Learjet,Small,Honeywell,TFE731,2
0d823c,YV3146,Bombardier,Learjet,Small,Honeywell,TFE731,2
ad9746,N975LV,Bombardier,Learjet,Small,Honeywell,TFE731,2
a99631,N717BK,Bombardier,Learjet,Small,Honeywell,TFE731,2
e47f0f,PR-LRJ,Bombardier,Learjet,Small,Honeywell,TFE731,2
a91983,N686AB,Bombardier,Learjet,Small,Honeywell,TFE731,2
a17146,N192TD,Bombardier,Learjet,Small,Honeywell,TFE731,2
00b612,ZS-ULT,Bombardier,Learjet,Small,Honeywell,TFE731,2
a80a4c,N617RX,Bombardier,Learjet,Small,Honeywell,TFE731,2
00a64c,ZS-OML,Bombardier,Learjet,Small,Honeywell,TFE731,2
add17f,N99NJ,Bombardier,Learjet,Small,Honeywell,TFE731,2
488dcc,SP-DOM,Bombardier,Learjet,Small,Honeywell,TFE731,2
a63abd,N500JE,Bombardier,Learjet,Small,Honeywell,TFE731,2
0d0587,XA-JMB,Bombardier,Learjet,Small,Honeywell,TFE731,2
300528,I-GSIN,Bombardier,Learjet,Small,Honeywell,TFE731,2
a54b6e,N440JJ,Bombardier,Learjet,Small,Honeywell,TFE731,2
3cc139,D-CAMB,Bombardier,Learjet,Small,Honeywell,TFE731,2
e492e1,PP-NRV,Bombardier,Learjet,Small,Honeywell,TFE731,2
8964d7,A6-VGG,Bombardier,Learjet,Small,Honeywell,TFE731,2
e03386,LV-CNF,Bombardier,Learjet,Small,Honeywell,TFE731,2
0d0838,XA-ABD,Bombardier,Learjet,Small,Honeywell,TFE731,2
760919,AP-BHY,Bombardier,Learjet,Small,Honeywell,TFE731,2
c0586c,C-GHMP,Bombardier,Learjet,Small,Honeywell,TFE731,2
511090,ES-III,Bombardier,Learjet,Small,Honeywell,TFE731,2
a9816c,N711SZ,Bombardier,Learjet,Small,Honeywell,TFE731,2
e48832,PP-BED,Bombardier,Learjet,Small,Honeywell,TFE731,2
a39ab2,N331N,Bombardier,Learjet,Small,Honeywell,TFE731,2
a7d683,N604ED,Bombardier,Learjet,Small,Honeywell,TFE731,2
0b4001,TG-AIR,Bombardier,Learjet,Small,Honeywell,TFE731,2
a0033a,N10JY,Bombardier,Learjet,Small,Honeywell,TFE731,2
0d02ef,XA-MDM,Bombardier,Learjet,Small,Honeywell,TFE731,2
add0ea,N99GK,Bombardier,Learjet,Small,Honeywell,TFE731,2
a05347,N12VU,Bombardier,Learjet,Small,Honeywell,TFE731,2
e48dd6,PP-MMX,Bombardier,Learjet,Small,Honeywell,TFE731,2
3ce186,D-CMSC,Bombardier,Learjet,Small,Honeywell,TFE731,2
090097,D2-FFX,Bombardier,Learjet,Small,Honeywell,TFE731,2
a65b61,N509AB,Bombardier,Learjet,Small,Honeywell,TFE731,2
0d0654,XA-CMA,Bombardier,Learjet,Small,Honeywell,TFE731,2
ab012f,N808SK,Bombardier,Learjet,Small,Honeywell,TFE731,2
0d04ec,XA-HUR,Bombardier,Learjet,Small,Honeywell,TFE731,2
a5d797,N476CA,Bombardier,Learjet,Small,Honeywell,TFE731,2
e07592,LV-GVR,Bombardier,Learjet,Small,Honeywell,TFE731,2
e48b0a,PR-MUR,Bombardier,Learjet,Small,Honeywell,TFE731,2
06410d,5N-LDM,Bombardier,Learjet,Small,Honeywell,TFE731,2
a603a2,N487LP,Bombardier,Learjet,Small,Honeywell,TFE731,2
a571af,N45VS,Bombardier,Learjet,Small,Honeywell,TFE731,2
ad209c,N945K,Bombardier,Learjet,Small,Honeywell,TFE731,2
e0340c,LV-CPL,Bombardier,Learjet,Small,Honeywell,TFE731,2
3cd07a,D-CGGG,Bombardier,Learjet,Small,Honeywell,TFE731,2
0d05f6,XA-ONE,Bombardier,Learjet,Small,Honeywell,TFE731,2
ac7a5d,N903AM,Bombardier,Learjet,Small,Honeywell,TFE731,2
adc192,N986BL,Bombardier,Learjet,Small,Honeywell,TFE731,2
e48c58,PR-JEC,Bombardier,Learjet,Small,Honeywell,TFE731,2
ad5fee,N961AS,Bombardier,Learjet,Small,Honeywell,TFE731,2
a34b61,N311JS,Bombardier,Learjet,Small,Honeywell,TFE731,2
a597c4,N46FE,Bombardier,Learjet,Small,Honeywell,TFE731,2
4b8da2,TC-CMB,Bombardier,Learjet,Small,Honeywell,TFE731,2
a57212,N45ZR,Bombardier,Learjet,Small,Honeywell,TFE731,2
ab8547,N841TP,Bombardier,Learjet,Small,Honeywell,TFE731,2
090094,D2-EBN,Bombardier,Learjet,Small,Honeywell,TFE731,2
49d066,OK-JDM,Bombardier,Learjet,Small,Honeywell,TFE731,2
aae217,N800CH,Bombardier,Learjet,Small,Honeywell,TFE731,2
e01484,LV-ARD,Bombardier,Learjet,Small,Honeywell,TFE731,2
516025,4O-SEV,Bombardier,Learjet,Small,Honeywell,TFE731,2
e49039,PR-WNA,Bombardier,Learjet,Small,Honeywell,TFE731,2
a67ba5,N517CC,Bombardier,Learjet,Small,Honeywell,TFE731,2
43e80c,M-IGHT,Bombardier,Learjet,Small,Honeywell,TFE731,2
e02187,LV-BFG,Bombardier,Learjet,Small,Honeywell,TFE731,2
a7e8f0,N609CR,Bombardier,Learjet,Small,Honeywell,TFE731,2
00a6a7,ZS-OPY,Bombardier,Learjet,Small,Honeywell,TFE731,2
a6d592,N54,Bombardier,Learjet,Small,Honeywell,TFE731,2
a89088,N651AY,Bombardier,Learjet,Small,Honeywell,TFE731,2
a3eca5,N352EF,Bombardier,Learjet,Small,Honeywell,TFE731,2
ac8361,N905ST,Bombardier,Learjet,Small,Honeywell,TFE731,2
a304a5,N294DD,Bombardier,Learjet,Small,Honeywell,TFE731,2
3cd066,D-CGFM,Bombardier,Learjet,Small,Honeywell,TFE731,2
e02193,LQ-BFS,Bombardier,Learjet,Small,Honeywell,TFE731,2
c02352,C-FNJT,Bombardier,Learjet,Small,Honeywell,TFE731,2
0d05f9,XA-FMT,Bombardier,Learjet,Small,Honeywell,TFE731,2
0d08d5,XA-MBD,Bombardier,Learjet,Small,Honeywell,TFE731,2
aa8545,N777YY,Bombardier,Learjet,Small,Honeywell,TFE731,2
43ea85,M-RBIG,Bombardier,Learjet,Small,Honeywell,TFE731,2
a3e887,N351AC,Bombardier,Learjet,Small,Honeywell,TFE731,2
a256e9,N25UB,Bombardier,Learjet,Small,Honeywell,TFE731,2
a571ef,N45YF,Bombardier,Learjet,Small,Honeywell,TFE731,2
ac2408,N8811A,Bombardier,Learjet,Small,Honeywell,TFE731,2
a1e119,N220AZ,Bombardier,Learjet,Small,Honeywell,TFE731,2
e4869e,PP-CRC,Bombardier,Learjet,Small,Honeywell,TFE731,2
a4d376,N41TF,Bombardier,Learjet,Small,Honeywell,TFE731,2
e073cd,LV-GOM,Bombardier,Learjet,Small,Honeywell,TFE731,2
a64090,N5014E,Bombardier,Learjet,Small,Honeywell,TFE731,2
a407b4,N359RA,Bombardier,Learjet,Small,Honeywell,TFE731,2
39bc81,F-HPEB,Bombardier,Learjet,Small,Honeywell,TFE731,2
0d0326,XA-ALF,Bombardier,Learjet,Small,Honeywell,TFE731,2
a44ee2,N377MC,Bombardier,Learjet,Small,Honeywell,TFE731,2
0d097a,XA-MBO,Bombardier,Learjet,Small,Honeywell,TFE731,2
e487ac,PR-PVI,Bombardier,Learjet,Small,Honeywell,TFE731,2
a0f2c8,N160MG,Bombardier,Learjet,Small,Honeywell,TFE731,2
0d0789,XA-JGC,Bombardier,Learjet,Small,Honeywell,TFE731,2
a32702,N302CR,Bombardier,Learjet,Small,Honeywell,TFE731,2
a1389a,N178TM,Bombardier,Learjet,Small,Honeywell,TFE731,2
a3cff6,N345AW,Bombardier,Learjet,Small,Honeywell,TFE731,2
a7fe2d,N614FX,Bombardier,Learjet,Small,Honeywell,TFE731,2
e02501,LV-BTA,Bombardier,Learjet,Small,Honeywell,TFE731,2
a2ec36,N288FF,Bombardier,Learjet,Small,Honeywell,TFE731,2
add6a7,N991DB,Bombardier,Learjet,Small,Honeywell,TFE731,2
ad9e7c,N977JP,Bombardier,Learjet,Small,Honeywell,TFE731,2
a23184,N240RP,Bombardier,Learjet,Small,Honeywell,TFE731,2
e486ee,PR-LRR,Bombardier,Learjet,Small,Honeywell,TFE731,2
e03591,LV-CVQ,Bombardier,Learjet,Small,Honeywell,TFE731,2
4c0639,YU-BRZ,Bombardier,Learjet,Small,Honeywell,TFE731,2
4bb4ae,TC-MEN,Bombardier,Learjet,Small,Honeywell,TFE731,2
8007f5,VT-TRI,Bombardier,Learjet,Small,Honeywell,TFE731,2
a042d1,N116DJ,Bombardier,Learjet,Small,Honeywell,TFE731,2
a3b3ce,N338CW,Bombardier,Learjet,Small,Honeywell,TFE731,2
a423a4,N366LV,Bombardier,Learjet,Small,Honeywell,TFE731,2
e48f46,PP-LRJ,Bombardier,Learjet,Small,Honeywell,TFE731,2
a1a913,N206HY,Bombardier,Learjet,Small,Honeywell,TFE731,2
43e9f1,M-ELHI,Bombardier,Learjet,Small,Honeywell,TFE731,2
e03391,LV-CNQ,Bombardier,Learjet,Small,Honeywell,TFE731,2
3cd70e,D-CITA,Bombardier,Learjet,Small,Honeywell,TFE731,2
e024cf,LV-BSO,Bombardier,Learjet,Small,Honeywell,TFE731,2
a08dfd,N135CG,Bombardier,Learjet,Small,Honeywell,TFE731,2
a9b640,N725BH,Bombardier,Learjet,Small,Honeywell,TFE731,2
a04e44,N119GM,Bombardier,Learjet,Small,Honeywell,TFE731,2
0d097d,XA-ARB,Bombardier,Learjet,Small,Honeywell,TFE731,2
a124ae,N173DS,Bombardier,Learjet,Small,Honeywell,TFE731,2
ade9c6,N996JS,Bombardier,Learjet,Small,Honeywell,TFE731,2
acd1e5,N925MW,Bombardier,Learjet,Small,Honeywell,TFE731,2
e0324f,LV-CIO,Bombardier,Learjet,Small,Honeywell,TFE731,2
aab319,N789MS,Bombardier,Learjet,Small,Honeywell,TFE731,2
0d0332,XA-SNI,Bombardier,Learjet,Small,Honeywell,TFE731,2
acb480,N918BD,Bombardier,Learjet,Small,Honeywell,TFE731,2
ace755,N930TC,Bombardier,Learjet,Small,Honeywell,TFE731,2
aa8eba,N78FR,Bombardier,Learjet,Small,Honeywell,TFE731,2
acad44,N916DD,Bombardier,Learjet,Small,Honeywell,TFE731,2
09009c,D2-EPC,Bombardier,Learjet,Small,Honeywell,TFE731,2
a5902d,N458DP,Bombardier,Learjet,Small,Honeywell,TFE731,2
a27f06,N260AJ,Bombardier,Learjet,Small,Honeywell,TFE731,2
a22a06,N239AY,Bombardier,Learjet,Small,Honeywell,TFE731,2
e48954,PR-JOF,Bombardier,Learjet,Small,Honeywell,TFE731,2
a7c2d9,N6DA,Bombardier,Learjet,Small,Honeywell,TFE731,2
e07457,LV-GQW,Bombardier,Learjet,Small,Honeywell,TFE731,2
0d8258,YV3193,Bombardier,Learjet,Small,Honeywell,TFE731,2
e03698,LV-CZX,Bombardier,Learjet,Small,Honeywell,TFE731,2
4ac9af,SE-RMO,Bombardier,Learjet,Small,Honeywell,TFE731,2
a41fcc,N365KM,Bombardier,Learjet,Small,Honeywell,TFE731,2
0d098f,XA-RAN,Bombardier,Learjet,Small,Honeywell,TFE731,2
00b2ae,ZS-TEJ,Bombardier,Learjet,Small,Honeywell,TFE731,2
451c78,LZ-BVE,Bombardier,Learjet,Small,Honeywell,TFE731,2
a381e6,N325LJ,Bombardier,Learjet,Small,Honeywell,TFE731,2
0d06b2,XC-TJN,Bombardier,Learjet,Small,Honeywell,TFE731,2
a55ec5,N445SE,Bombardier,Learjet,Small,Honeywell,TFE731,2
0d094e,XA-MES,Bombardier,Learjet,Small,Honeywell,TFE731,2
abdea8,N864KV,Bombardier,Learjet,Small,Honeywell,TFE731,2
4bd243,TC-TRC,Bombardier,Learjet,Small,Honeywell,TFE731,2
0d08f0,XA-JRS,Bombardier,Learjet,Small,Honeywell,TFE731,2
3cf69d,D-CURT,Bombardier,Learjet,Small,Honeywell,TFE731,2
adbc1d,N984XR,Bombardier,Learjet,Small,Honeywell,TFE731,2
a04df6,N119DJ,Bombardier,Learjet,Small,Honeywell,TFE731,2
e485c6,PR-WBW,Bombardier,Learjet,Small,Honeywell,TFE731,2
e48328,PT-WLO,Bombardier,Learjet,Small,Honeywell,TFE731,2
3cd684,D-CINS,Bombardier,Learjet,Small,Honeywell,TFE731,2
8964d8,A6-ASM,Bombardier,Learjet,Small,Honeywell,TFE731,2
a2fa34,N291LJ,Bombardier,Learjet,Small,Honeywell,TFE731,2
a05406,N120DJ,Bombardier,Learjet,Small,Honeywell,TFE731,2
a1e997,N222MW,Bombardier,Learjet,Small,Honeywell,TFE731,2
a57238,N450BC,Bombardier,Learjet,Small,Honeywell,TFE731,2
aac39f,N793ES,Bombardier,Learjet,Small,Honeywell,TFE731,2
780637,B-3926,Bombardier,Learjet,Small,Honeywell,TFE731,2
a54979,N44NJ,Bombardier,Learjet,Small,Honeywell,TFE731,2
0b4017,TG-MYS,Bombardier,Learjet,Small,Honeywell,TFE731,2
a4c6cc,N407BS,Bombardier,Learjet,Small,Honeywell,TFE731,2
a0f32e,N160RJ,Bombardier,Learjet,Small,Honeywell,TFE731,2
a50ba3,N424MW,Bombardier,Learjet,Small,Honeywell,TFE731,2
a6883c,N52SY,Bombardier,Learjet,Small,Honeywell,TFE731,2
e4930b,PR-LOU,Bombardier,Learjet,Small,Honeywell,TFE731,2
a50ed9,N425GS,Bombardier,Learjet,Small,Honeywell,TFE731,2
a6d654,N54HT,Bombardier,Learjet,Small,Honeywell,TFE731,2
008644,ZS-CJB,Bombardier,Learjet,Small,Honeywell,TFE731,2
e02185,LV-BFE,Bombardier,Learjet,Small,Honeywell,TFE731,2
a1b73f,N21AX,Bombardier,Learjet,Small,Honeywell,TFE731,2
201002,V5-NAG,Bombardier,Learjet,Small,Honeywell,TFE731,2
0d06b5,XB-RGB,Bombardier,Learjet,Small,Honeywell,TFE731,2
e4808d,PT-XPP,Bombardier,Learjet,Small,Honeywell,TFE731,2
0ac322,FAC1216,Bombardier,Learjet,Small,Honeywell,TFE731,2
0d80ff,YV2565,Bombardier,Learjet,Small,Honeywell,TFE731,2
e02506,LV-BTF,Bombardier,Learjet,Small,Honeywell,TFE731,2
a13b9c,N179LF,Bombardier,Learjet,Small,Honeywell,TFE731,2
ac977d,N910JK,Bombardier,Learjet,Small,Honeywell,TFE731,2
e4804c,PT-WSB,Bombardier,Learjet,Small,Honeywell,TFE731,2
a3451d,N31GQ,Bombardier,Learjet,Small,Honeywell,TFE731,2
a66927,N512CZ,Bombardier,Learjet,Small,Honeywell,TFE731,2
e49072,PR-BCC,Bombardier,Learjet,Small,Honeywell,TFE731,2
a3d185,N345SV,Bombardier,Learjet,Small,Honeywell,TFE731,2
a8ae3b,N659AT,Bombardier,Learjet,Small,Honeywell,TFE731,2
0080fe,ZS-AJD,Bombardier,Learjet,Small,Honeywell,TFE731,2
0d00da,XA-PRA,Bombardier,Learjet,Small,Honeywell,TFE731,2
a6d1f6,N539BA,Bombardier,Learjet,Small,Honeywell,TFE731,2
e0268a,LV-BZJ,Bombardier,Learjet,Small,Honeywell,TFE731,2
a9a8d8,N721SE,Bombardier,Learjet,Small,Honeywell,TFE731,2
0d0994,XA-RYO,Bombardier,Learjet,Small,Honeywell,TFE731,2
a1ad07,N207LJ,Bombardier,Learjet,Small,Honeywell,TFE731,2
a99691,N717FF,Bombardier,Learjet,Small,Honeywell,TFE731,2
a4ab58,N40LX,Bombardier,Learjet,Small,Honeywell,TFE731,2
51102e,ES-PVP,Bombardier,Learjet,Small,Honeywell,TFE731,2
8005d8,VT-DBC,Bombardier,Learjet,Small,Honeywell,TFE731,2
aae2c2,N800KD,Bombardier,Learjet,Small,Honeywell,TFE731,2
0d07ee,XA-PBX,Bombardier,Learjet,Small,Honeywell,TFE731,2
e48cd8,PR-LEB,Bombardier,Learjet,Small,Honeywell,TFE731,2
a50b71,N424KW,Bombardier,Learjet,Small,Honeywell,TFE731,2
e489e4,PR-OSF,Bombardier,Learjet,Small,Honeywell,TFE731,2
add05c,N99AT,Bombardier,Learjet,Small,Honeywell,TFE731,2
ac97ae,N910LJ,Bombardier,Learjet,Small,Honeywell,TFE731,2
3cd7c9,D-CJAF,Bombardier,Learjet,Small,Honeywell,TFE731,2
e4829c,PR-MLR,Bombardier,Learjet,Small,Honeywell,TFE731,2
3ce63e,D-COMO,Bombardier,Learjet,Small,Honeywell,TFE731,2
4950cf,CS-TFO,Bombardier,Learjet,Small,Honeywell,TFE731,2
c82441,ZK-JAK,Bombardier,Learjet,Small,Honeywell,TFE731,2
0d098b,XA-ZZZ,Bombardier,Learjet,Small,Honeywell,TFE731,2
e02604,LV-BXD,Bombardier,Learjet,Small,Honeywell,TFE731,2
008831,ZS-DCA,Bombardier,Learjet,Small,Honeywell,TFE731,2
3001ec,I-ELYS,Bombardier,Learjet,Small,Honeywell,TFE731,2
511033,ES-PVH,Bombardier,Learjet,Small,Honeywell,TFE731,2
0d097e,XA-RAB,Bombardier,Learjet,Small,Honeywell,TFE731,2
aa680a,N77PY,Bombardier,Learjet,Small,Honeywell,TFE731,2
0d0098,XA-VLA,Bombardier,Learjet,Small,Honeywell,TFE731,2
a394ab,N33NJ,Bombardier,Learjet,Small,Honeywell,TFE731,2
a9c326,N728VG,Bombardier,Learjet,Small,Honeywell,TFE731,2
e03545,LV-CUE,Bombardier,Learjet,Small,Honeywell,TFE731,2
a3d064,N345FF,Bombardier,Learjet,Small,Honeywell,TFE731,2
a1bebd,N211RN,Bombardier,Learjet,Small,Honeywell,TFE731,2
0d09a6,XA-AIG,Bombardier,Learjet,Small,Honeywell,TFE731,2
3cf064,D-CSIM,Bombardier,Learjet,Small,Honeywell,TFE731,2
e0330b,LV-CLK,Bombardier,Learjet,Small,Honeywell,TFE731,2
a07f11,N131BR,Bombardier,Learjet,Small,Honeywell,TFE731,2
0d0295,XA-GRR,Bombardier,Learjet,Small,Honeywell,TFE731,2
ad824f,N97LJ,Bombardier,Learjet,Small,Honeywell,TFE731,2
a27f90,N260FX,Bombardier,Learjet,Small,Honeywell,TFE731,2
3ccd4d,D-CFAZ,Bombardier,Learjet,Small,Honeywell,TFE731,2
aa95ca,N781RX,Bombardier,Learjet,Small,Honeywell,TFE731,2
0d824b,YV3167,Bombardier,Learjet,Small,Honeywell,TFE731,2
51106e,ES-LVA,Bombardier,Learjet,Small,Honeywell,TFE731,2
a36d42,N32PF,Bombardier,Learjet,Small,Honeywell,TFE731,2
a49d9c,N397JK,Bombardier,Learjet,Small,Honeywell,TFE731,2
a90226,N68PC,Bombardier,Learjet,Small,Honeywell,TFE731,2
a0f1e6,N160CF,Bombardier,Learjet,Small,Honeywell,TFE731,2
a9537d,N70PC,Bombardier,Learjet,Small,Honeywell,TFE731,2
43e9c4,M-URAL,Bombardier,Learjet,Small,Honeywell,TFE731,2
4ca204,258,Bombardier,Learjet,Small,Honeywell,TFE731,2
a572cc,N450HA,Bombardier,Learjet,Small,Honeywell,TFE731,2
e487cb,PP-CPN,Bombardier,Learjet,Small,Honeywell,TFE731,2
a74c0f,N57,Bombardier,Learjet,Small,Honeywell,TFE731,2
0d08d9,XA-SKA,Bombardier,Learjet,Small,Honeywell,TFE731,2
a1e16e,N220EJ,Bombardier,Learjet,Small,Honeywell,TFE731,2
e0250f,LV-BTO,Bombardier,Learjet,Small,Honeywell,TFE731,2
00b049,ZS-SGU,Bombardier,Learjet,Small,Honeywell,TFE731,2
a7168b,N556JP,Bombardier,Learjet,Small,Honeywell,TFE731,2
e4572f,PP-JAW,Bombardier,Learjet,Small,Honeywell,TFE731,2
0d02ca,XA-AFX,Bombardier,Learjet,Small,Honeywell,TFE731,2
c07802,C-GTLP,Bombardier,Learjet,Small,Honeywell,TFE731,2
e06546,LV-FUF,Bombardier,Learjet,Small,Honeywell,TFE731,2
43e890,M-MRBB,Bombardier,Learjet,Small,Honeywell,TFE731,2
aa06c9,N745TC,Bombardier,Learjet,Small,Honeywell,TFE731,2
a95576,N700KG,Bombardier,Learjet,Small,Honeywell,TFE731,2
a7c62e,N60PC,Bombardier,Learjet,Small,Honeywell,TFE731,2
3ccd3d,D-CFAJ,Bombardier,Learjet,Small,Honeywell,TFE731,2
add28c,N99ZC,Bombardier,Learjet,Small,Honeywell,TFE731,2
a00561,N100GY,Bombardier,Learjet,Small,Honeywell,TFE731,2
00878f,ZS-CVU,Bombardier,Learjet,Small,Honeywell,TFE731,2
a2ebc4,N288AS,Bombardier,Learjet,Small,Honeywell,TFE731,2
a29223,N265FX,Bombardier,Learjet,Small,Honeywell,TFE731,2
39a1a2,F-HINC,Bombardier,Learjet,Small,Honeywell,TFE731,2
abe554,N866CA,Bombardier,Learjet,Small,Honeywell,TFE731,2
e06111,LV-FDQ,Bombardier,Learjet,Small,Honeywell,TFE731,2
780784,B-3935,Bombardier,Learjet,Small,Honeywell,TFE731,2
ad641d,N962FM,Bombardier,Learjet,Small,Honeywell,TFE731,2
201019,V5-RON,Bombardier,Learjet,Small,Honeywell,TFE731,2
a000cc,N1JB,Bombardier,Learjet,Small,Honeywell,TFE731,2
e0659a,LV-FVZ,Bombardier,Learjet,Small,Honeywell,TFE731,2
0d0297,XA-UBI,Bombardier,Learjet,Small,Honeywell,TFE731,2
aa17f4,N75CT,Bombardier,Learjet,Small,Honeywell,TFE731,2
4950d1,CS-TFQ,Bombardier,Learjet,Small,Honeywell,TFE731,2
e48164,PR-CAO,Bombardier,Learjet,Small,Honeywell,TFE731,2
495197,CS-TLW,Bombardier,Learjet,Small,Honeywell,TFE731,2
a1df51,N22GU,Bombardier,Learjet,Small,Honeywell,TFE731,2
451c0d,LZ-TRH,Bombardier,Learjet,Small,Honeywell,TFE731,2
a4d82b,N411DJ,Bombardier,Learjet,Small,Honeywell,TFE731,2
adc9f2,N988MC,Bombardier,Learjet,Small,Honeywell,TFE731,2
e070cb,LV-GCK,Bombardier,Learjet,Small,Honeywell,TFE731,2
0d07fc,XA-EMM,Bombardier,Learjet,Small,Honeywell,TFE731,2
800622,VT-MAM,Bombardier,Learjet,Small,Honeywell,TFE731,2
43ea06,M-ABGV,Bombardier,Learjet,Small,Honeywell,TFE731,2
e47ef1,PR-OTA,Bombardier,Learjet,Small,Honeywell,TFE731,2
42476d,VP-CCD,Bombardier,Learjet,Small,Honeywell,TFE731,2
43ea63,M-YCYS,Bombardier,Learjet,Small,Honeywell,TFE731,2
0d025a,XA-VYC,Bombardier,Learjet,Small,Honeywell,TFE731,2
0d06ad,XA-IBC,Bombardier,Learjet,Small,Honeywell,TFE731,2
ad4813,N955JS,Bombardier,Learjet,Small,Honeywell,TFE731,2
e032cb,LV-CKK,Bombardier,Learjet,Small,Honeywell,TFE731,2
0d094f,XA-ALN,Bombardier,Learjet,Small,Honeywell,TFE731,2
0d028e,XA-SAP,Bombardier,Learjet,Small,Honeywell,TFE731,2
a7d6ba,N604GJ,Bombardier,Learjet,Small,Honeywell,TFE731,2
e4933b,PP-MVH,Bombardier,Learjet,Small,Honeywell,TFE731,2
e03299,LV-CJY,Bombardier,Learjet,Small,Honeywell,TFE731,2
acd25f,N925ST,Bombardier,Learjet,Small,Honeywell,TFE731,2
20102c,V5-TTO,Bombardier,Learjet,Small,Honeywell,TFE731,2
51200f,Z3-MKD,Bombardier,Learjet,Small,Honeywell,TFE731,2
4b84ab,TC-AEK,Bombardier,Learjet,Small,Honeywell,TFE731,2
a50ec8,N425G,Bombardier,Learjet,Small,Honeywell,TFE731,2
a083ec,N132PH,Bombardier,Learjet,Small,Honeywell,TFE731,2
a0e577,N157PB,Bombardier,Learjet,Small,Honeywell,TFE731,2
a58514,N455EA,Bombardier,Learjet,Small,Honeywell,TFE731,2
4405c9,OE-GHF,Bombardier,Learjet,Small,Honeywell,TFE731,2
e481b4,PR-DIB,Bombardier,Learjet,Small,Honeywell,TFE731,2
ab10f3,N812BR,Bombardier,Learjet,Small,Honeywell,TFE731,2
44046b,OE-GXX,Bombardier,Learjet,Small,Honeywell,TFE731,2
ad206d,N945HC,Bombardier,Learjet,Small,Honeywell,TFE731,2
0ac15e,HK-4891,Bombardier,Learjet,Small,Honeywell,TFE731,2
750093,9M-FCL,Bombardier,Learjet,Small,Honeywell,TFE731,2
ab2f6d,N82KK,Bombardier,Learjet,Small,Honeywell,TFE731,2
e48faa,PT-FRD,Bombardier,Learjet,Small,Honeywell,TFE731,2
e490f5,PR-PPG,Bombardier,Learjet,Small,Honeywell,TFE731,2
a1b869,N21NV,Bombardier,Learjet,Small,Honeywell,TFE731,2
0d01b4,XA-VIG,Bombardier,Learjet,Small,Honeywell,TFE731,2
51104b,ES-PVI,Bombardier,Learjet,Small,Honeywell,TFE731,2
e481be,PR-ENE,Bombardier,Learjet,Small,Honeywell,TFE731,2
4d0294,LX-LAA,Bombardier,Learjet,Small,Honeywell,TFE731,2
a7c670,N60RU,Bombardier,Learjet,Small,Honeywell,TFE731,2
acb4b5,N918DG,Bombardier,Learjet,Small,Honeywell,TFE731,2
71021e,HZ-MS1B,Bombardier,Learjet,Small,Honeywell,TFE731,2
502cde,YL-BJA,Bombardier,Learjet,Small,Honeywell,TFE731,2
4d212a,9H-CFL,Bombardier,Learjet,Small,Honeywell,TFE731,2
a57106,N45NY,Bombardier,Learjet,Small,Honeywell,TFE731,2
e032c1,LV-CKA,Bombardier,Learjet,Small,Honeywell,TFE731,2
e4808e,PR-CSM,Bombardier,Learjet,Small,Honeywell,TFE731,2
4689d2,SX-BNR,Bombardier,Learjet,Small,Honeywell,TFE731,2
201037,V5-LRJ,Bombardier,Learjet,Small,Honeywell,TFE731,2
750071,9M-CAL,Bombardier,Learjet,Small,Honeywell,TFE731,2
3cf68e,D-CURE,Bombardier,Learjet,Small,Honeywell,TFE731,2
0d0a8f,XB-OXP,Bombardier,Learjet,Small,Honeywell,TFE731,2
0d0979,XA-MBS,Bombardier,Learjet,Small,Honeywell,TFE731,2
a548b3,N44EL,Bombardier,Learjet,Small,Honeywell,TFE731,2
a1e525,N221EJ,Bombardier,Learjet,Small,Honeywell,TFE731,2
e03651,LV-CYQ,Bombardier,Learjet,Small,Honeywell,TFE731,2
a40a94,N36GL,Bombardier,Learjet,Small,Honeywell,TFE731,2
a5e829,N48VP,Bombardier,Learjet,Small,Honeywell,TFE731,2
a7c842,N600LJ,Bombardier,Learjet,Small,Honeywell,TFE731,2
ada9a7,N98JV,Bombardier,Learjet,Small,Honeywell,TFE731,2
43e7f7,M-MHAC,Bombardier,Learjet,Small,Honeywell,TFE731,2
0d0938,XB-UOC,Bombardier,Learjet,Small,Honeywell,TFE731,2
e06554,LV-FUT,Bombardier,Learjet,Small,Honeywell,TFE731,2
4850a9,P4-BFS,Bombardier,Learjet,Small,Honeywell,TFE731,2
3cf06f,D-CSIX,Bombardier,Learjet,Small,Honeywell,TFE731,2
00a6a0,ZS-OPR,Bombardier,Learjet,Small,Honeywell,TFE731,2
a26f83,N256TT,Bombardier,Learjet,Small,Honeywell,TFE731,2
0d0a16,XA-VTO,Bombardier,Learjet,Small,Honeywell,TFE731,2
a43bb3,N372EX,Bombardier,Learjet,Small,Honeywell,TFE731,2
e47e99,PR-XJS,Bombardier,Learjet,Small,Honeywell,TFE731,2
0d8169,YV2734,Bombardier,Learjet,Small,Honeywell,TFE731,2
4d20e4,9H-DDJ,Bombardier,Learjet,Small,Honeywell,TFE731,2
e47e58,PT-XGS,Bombardier,Learjet,Small,Honeywell,TFE731,2
ab9045,N844S,Bombardier,Learjet,Small,Honeywell,TFE731,2
8004d4,VT-CRA,Bombardier,Learjet,Small,Honeywell,TFE731,2
a2be1c,N276PS,Bombardier,Learjet,Small,Honeywell,TFE731,2
e062c2,LQ-FKB,Bombardier,Learjet,Small,Honeywell,TFE731,2
840525,JA01CP,Bombardier,Learjet,Small,Honeywell,TFE731,2
a192ed,N200KJ,Bombardier,Learjet,Small,Honeywell,TFE731,2
a18e0e,N2HP,Bombardier,Learjet,Small,Honeywell,TFE731,2
adca56,N988RC,Bombardier,Learjet,Small,Honeywell,TFE731,2
e48a63,PR-OPF,Bombardier,Learjet,Small,Honeywell,TFE731,2
4bca62,TC-RSB,Bombardier,Learjet,Small,Honeywell,TFE731,2
a576d6,N451LJ,Bombardier,Learjet,Small,Honeywell,TFE731,2
7c7699,VH-XPN,Bombardier,Learjet,Small,Honeywell,TFE731,2
760970,AP-BKP,Bombardier,Learjet,Small,Honeywell,TFE731,2
0d03c0,XA-TGM,Bombardier,Learjet,Small,Honeywell,TFE731,2
a184d2,N1972H,Bombardier,Learjet,Small,Honeywell,TFE731,2
0d8106,YV1118,Bombardier,Learjet,Small,Honeywell,TFE731,2
ab0789,N81FJ,Bombardier,Learjet,Small,Honeywell,TFE731,2
0d0791,XA-JPG,Bombardier,Learjet,Small,Honeywell,TFE731,2
0d8163,YV2716,Bombardier,Learjet,Small,Honeywell,TFE731,2
adcccc,N989CG,Bombardier,Learjet,Small,Honeywell,TFE731,2
a57601,N451BW,Bombardier,Learjet,Small,Honeywell,TFE731,2
a4d22f,N41ED,Bombardier,Learjet,Small,Honeywell,TFE731,2
e0210d,LV-BDM,Bombardier,Learjet,Small,Honeywell,TFE731,2
0d0931,3912,Bombardier,Learjet,Small,Honeywell,TFE731,2
a90833,N681P,Bombardier,Learjet,Small,Honeywell,TFE731,2
0d002a,XA-NJM,Bombardier,Learjet,Small,Honeywell,TFE731,2
0d0a50,XA-EMA,Bombardier,Learjet,Small,Honeywell,TFE731,2
3ce8e8,D-CPMU,Bombardier,Learjet,Small,Honeywell,TFE731,2
0d05f1,ANX-1206,Bombardier,Learjet,Small,Honeywell,TFE731,2
0d06d4,XA-GSL,Bombardier,Learjet,Small,Honeywell,TFE731,2
516001,4O-MNE,Bombardier,Learjet,Small,Honeywell,TFE731,2
30030a,I-FORU,Bombardier,Learjet,Small,Honeywell,TFE731,2
a4563d,N379LJ,Bombardier,Learjet,Small,Honeywell,TFE731,2
a5f5a4,N483VL,Bombardier,Learjet,Small,Honeywell,TFE731,2
adaa93,N98UF,Bombardier,Learjet,Small,Honeywell,TFE731,2
0d0950,XA-ORI,Bombardier,Learjet,Small,Honeywell,TFE731,2
0d055d,XA-UJR,Bombardier,Learjet,Small,Honeywell,TFE731,2
0d8175,YV2739,Bombardier,Learjet,Small,Honeywell,TFE731,2
a19a9d,N202N,Bombardier,Learjet,Small,Honeywell,TFE731,2
e48337,PR-MKB,Bombardier,Learjet,Small,Honeywell,TFE731,2
3ccd47,D-CGRK,Bombardier,Learjet,Small,Honeywell,TFE731,2
e48048,PT-OVZ,Bombardier,Learjet,Small,Honeywell,TFE731,2
a57130,N45QQ,Bombardier,Learjet,Small,Honeywell,TFE731,2
0d0150,XA-ZTA,Bombardier,Learjet,Small,Honeywell,TFE731,2
a97da4,N710SG,Bombardier,Learjet,Small,Honeywell,TFE731,2
a07f8e,N131GR,Bombardier,Learjet,Small,Honeywell,TFE731,2
0d0331,XA-ARQ,Bombardier,Learjet,Small,Honeywell,TFE731,2
4d0290,LX-RSQ,Bombardier,Learjet,Small,Honeywell,TFE731,2
50005f,T7-KAA,Bombardier,Learjet,Small,Honeywell,TFE731,2
00b339,ZS-TJS,Bombardier,Learjet,Small,Honeywell,TFE731,2
aaff9f,N808AK,Bombardier,Learjet,Small,Honeywell,TFE731,2
adc282,N986MA,Bombardier,Learjet,Small,Honeywell,TFE731,2
500065,T7-SCI,Bombardier,Learjet,Small,Honeywell,TFE731,2
3cf106,D-CSOS,Bombardier,Learjet,Small,Honeywell,TFE731,2
0d0781,XA-QLO,Bombardier,Learjet,Small,Honeywell,TFE731,2
a8ab64,N658KS,Bombardier,Learjet,Small,Honeywell,TFE731,2
ac158c,N878RG,Bombardier,Learjet,Small,Honeywell,TFE731,2
e02483,LV-BRC,Bombardier,Learjet,Small,Honeywell,TFE731,2
a86399,N64HH,Bombardier,Learjet,Small,Honeywell,TFE731,2
a03eca,N115AD,Bombardier,Learjet,Small,Honeywell,TFE731,2
ace49a,N93PE,Cessna (Textron),Citation CJ3,Small,Williams International,FJ44,2
4910f7,CS-DGW,Cessna (Textron),Citation CJ3,Small,Williams International,FJ44,2
a20654,N23BV,Cessna (Textron),Citation CJ3,Small,Williams International,FJ44,2
3cd35a,D-CHIO,Cessna (Textron),Citation CJ3,Small,Williams International,FJ44,2
484b21,PH-FJK,Cessna (Textron),Citation CJ3,Small,Williams International,FJ44,2
a0e503,N157JL,Cessna (Textron),Citation CJ3,Small,Williams International,FJ44,2
a95367,N70NF,Cessna (Textron),Citation CJ3,Small,Williams International,FJ44,2
a6fdb6,N55GP,Cessna (Textron),Citation CJ3,Small,Williams International,FJ44,2
aa05a3,N745FJ,Cessna (Textron),Citation CJ3,Small,Williams International,FJ44,2
6830bb,UP-CS301,Cessna (Textron),Citation CJ3,Small,Williams International,FJ44,2
a227dd,N238SW,Cessna (Textron),Citation CJ3,Small,Williams International,FJ44,2
a52718,N431CS,Cessna (Textron),Citation CJ3,Small,Williams International,FJ44,2
a523ee,N430JH,Cessna (Textron),Citation CJ3,Small,Williams International,FJ44,2
3ce735,D-COWB,Cessna (Textron),Citation CJ3,Small,Williams International,FJ44,2
a65fc4,N51GZ,Cessna (Textron),Citation CJ3,Small,Williams International,FJ44,2
3948cb,F-GSGL,Cessna (Textron),Citation CJ3,Small,Williams International,FJ44,2
43e76d,M-MIKH,Cessna (Textron),Citation CJ3,Small,Williams International,FJ44,2
440481,OE-GPK,Cessna (Textron),Citation CJ3,Small,Williams International,FJ44,2
89808f,P2-MEH,Cessna (Textron),Citation CJ3,Small,Williams International,FJ44,2
aa6d15,N771DM,Cessna (Textron),Citation CJ3,Small,Williams International,FJ44,2
e48780,PR-SHC,Cessna (Textron),Citation CJ3,Small,Williams International,FJ44,2
a1f546,N225TJ,Cessna (Textron),Citation CJ3,Small,Williams International,FJ44,2
adc9fb,N988MM,Cessna (Textron),Citation CJ3,Small,Williams International,FJ44,2
acb22a,N917RG,Cessna (Textron),Citation CJ3,Small,Williams International,FJ44,2
3cc569,D-CCBH,Cessna (Textron),Citation CJ3,Small,Williams International,FJ44,2
3ccbda,D-CEMS,Cessna (Textron),Citation CJ3,Small,Williams International,FJ44,2
394851,F-GSCR,Cessna (Textron),Citation CJ3,Small,Williams International,FJ44,2
406925,G-YEDC,Cessna (Textron),Citation CJ3,Small,Williams International,FJ44,2
aaa03b,N784JS,Cessna (Textron),Citation CJ3,Small,Williams International,FJ44,2
aba5a7,N85GT,Cessna (Textron),Citation CJ3,Small,Williams International,FJ44,2
e4883d,PR-BHV,Cessna (Textron),Citation CJ3,Small,Williams International,FJ44,2
ad8907,N971TB,Cessna (Textron),Citation CJ3,Small,Williams International,FJ44,2
a3d90e,N347TX,Cessna (Textron),Citation CJ3,Small,Williams International,FJ44,2
0bc000,J8-JET,Cessna (Textron),Citation CJ3,Small,Williams International,FJ44,2
a202af,N229CN,Cessna (Textron),Citation CJ3,Small,Williams International,FJ44,2
a678a6,N516KM,Cessna (Textron),Citation CJ3,Small,Williams International,FJ44,2
a6a34e,N527DV,Cessna (Textron),Citation CJ3,Small,Williams International,FJ44,2
a6373f,N5WN,Cessna (Textron),Citation CJ3,Small,Williams International,FJ44,2
a0aeaf,N143JT,Cessna (Textron),Citation CJ3,Small,Williams International,FJ44,2
e480f6,PR-CVC,Cessna (Textron),Citation CJ3,Small,Williams International,FJ44,2
a14545,N181KA,Cessna (Textron),Citation CJ3,Small,Williams International,FJ44,2
aa8b4f,N779JS,Cessna (Textron),Citation CJ3,Small,Williams International,FJ44,2
ad83fc,N970DM,Cessna (Textron),Citation CJ3,Small,Williams International,FJ44,2
4c066d,YU-BTN,Cessna (Textron),Citation CJ3,Small,Williams International,FJ44,2
a36a29,N319VP,Cessna (Textron),Citation CJ3,Small,Williams International,FJ44,2
491139,CS-DIY,Cessna (Textron),Citation CJ3,Small,Williams International,FJ44,2
45def7,OY-WWW,Cessna (Textron),Citation CJ3,Small,Williams International,FJ44,2
a6888c,N52WC,Cessna (Textron),Citation CJ3,Small,Williams International,FJ44,2
add1c6,N99RE,Cessna (Textron),Citation CJ3,Small,Williams International,FJ44,2
49d086,OK-KIN,Cessna (Textron),Citation CJ3,Small,Williams International,FJ44,2
e48889,PR-PLU,Cessna (Textron),Citation CJ3,Small,Williams International,FJ44,2
e481b6,PR-TBL,Cessna (Textron),Citation CJ3,Small,Williams International,FJ44,2
449a03,OO-FPC,Cessna (Textron),Citation CJ3,Small,Williams International,FJ44,2
a3d0ed,N345LT,Cessna (Textron),Citation CJ3,Small,Williams International,FJ44,2
45d261,OY-TSA,Cessna (Textron),Citation CJ3,Small,Williams International,FJ44,2
a6ce63,N538CM,Cessna (Textron),Citation CJ3,Small,Williams International,FJ44,2
440244,OE-GRA,Cessna (Textron),Citation CJ3,Small,Williams International,FJ44,2
ab9b0d,N847NG,Cessna (Textron),Citation CJ3,Small,Williams International,FJ44,2
a687b5,N52MN,Cessna (Textron),Citation CJ3,Small,Williams International,FJ44,2
3ce520,D-COBO,Cessna (Textron),Citation CJ3,Small,Williams International,FJ44,2
008992,ZS-DPP,Cessna (Textron),Citation CJ3,Small,Williams International,FJ44,2
4b396b,HB-VTJ,Cessna (Textron),Citation CJ3,Small,Williams International,FJ44,2
ace42d,N93JW,Cessna (Textron),Citation CJ3,Small,Williams International,FJ44,2
a13eea,N18GA,Cessna (Textron),Citation CJ3,Small,Williams International,FJ44,2
e48035,PR-ALC,Cessna (Textron),Citation CJ3,Small,Williams International,FJ44,2
4912c8,CS-DVH,Cessna (Textron),Citation CJ3,Small,Williams International,FJ44,2
3ccb15,D-CEFD,Cessna (Textron),Citation CJ3,Small,Williams International,FJ44,2
a2ccbd,N28MH,Cessna (Textron),Citation CJ3,Small,Williams International,FJ44,2
a6d2c5,N539KH,Cessna (Textron),Citation CJ3,Small,Williams International,FJ44,2
a539da,N436EP,Cessna (Textron),Citation CJ3,Small,Williams International,FJ44,2
440720,OE-GJP,Cessna (Textron),Citation CJ3,Small,Williams International,FJ44,2
3cd83f,D-CJET,Cessna (Textron),Citation CJ3,Small,Williams International,FJ44,2
e48a83,PR-HMV,Cessna (Textron),Citation CJ3,Small,Williams International,FJ44,2
0d03f6,XA-AVX,Cessna (Textron),Citation CJ3,Small,Williams International,FJ44,2
44c032,OO-PAR,Cessna (Textron),Citation CJ3,Small,Williams International,FJ44,2
4ac9aa,SE-RMJ,Cessna (Textron),Citation CJ3,Small,Williams International,FJ44,2
a31ca5,N3WS,Cessna (Textron),Citation CJ3,Small,Williams International,FJ44,2
4408a9,OE-GBC,Cessna (Textron),Citation CJ3,Small,Williams International,FJ44,2
e48d97,PR-JRV,Cessna (Textron),Citation CJ3,Small,Williams International,FJ44,2
e482eb,PR-ADL,Cessna (Textron),Citation CJ3,Small,Williams International,FJ44,2
a2447b,N245VP,Cessna (Textron),Citation CJ3,Small,Williams International,FJ44,2
a6b42d,N531AJ,Cessna (Textron),Citation CJ3,Small,Williams International,FJ44,2
0d06b0,XA-TTC,Cessna (Textron),Citation CJ3,Small,Williams International,FJ44,2
adb2c3,N982BZ,Cessna (Textron),Citation CJ3,Small,Williams International,FJ44,2
3cdfbd,D-CMAN,Cessna (Textron),Citation CJ3,Small,Williams International,FJ44,2
a9b9dd,N726AG,Cessna (Textron),Citation CJ3,Small,Williams International,FJ44,2
44033b,OE-GRU,Cessna (Textron),Citation CJ3,Small,Williams International,FJ44,2
4ac990,SE-RLP,Cessna (Textron),Citation CJ3,Small,Williams International,FJ44,2
398902,F-HCIC,Cessna (Textron),Citation CJ3,Small,Williams International,FJ44,2
aadff6,N80EP,Cessna (Textron),Citation CJ3,Small,Williams International,FJ44,2
ad5b14,N96PB,Cessna (Textron),Citation CJ3,Small,Williams International,FJ44,2
a38d82,N328RC,Cessna (Textron),Citation CJ3,Small,Williams International,FJ44,2
0d0373,XC-GDC,Cessna (Textron),Citation CJ3,Small,Williams International,FJ44,2
ad5a63,N96G,Cessna (Textron),Citation CJ3,Small,Williams International,FJ44,2
43ea97,M-MSVI,Cessna (Textron),Citation CJ3,Small,Williams International,FJ44,2
ad8f03,N973CG,Cessna (Textron),Citation CJ3,Small,Williams International,FJ44,2
3cc1e7,D-CAST,Cessna (Textron),Citation CJ3,Small,Williams International,FJ44,2
40695d,G-PAOL,Cessna (Textron),Citation CJ3,Small,Williams International,FJ44,2
e490d9,PT-GMU,Cessna (Textron),Citation CJ3,Small,Williams International,FJ44,2
a4732a,N386SF,Cessna (Textron),Citation CJ3,Small,Williams International,FJ44,2
a3048b,N294CC,Cessna (Textron),Citation CJ3,Small,Williams International,FJ44,2
a18d91,N2CP,Cessna (Textron),Citation CJ3,Small,Williams International,FJ44,2
adea37,N996PE,Cessna (Textron),Citation CJ3,Small,Williams International,FJ44,2
a3427f,N309TW,Cessna (Textron),Citation CJ3,Small,Williams International,FJ44,2
a69c29,N525GT,Cessna (Textron),Citation CJ3,Small,Williams International,FJ44,2
3431c8,EC-KQO,Cessna (Textron),Citation CJ3,Small,Williams International,FJ44,2
e48982,PR-VNA,Cessna (Textron),Citation CJ3,Small,Williams International,FJ44,2
4d029a,LX-DCA,Cessna (Textron),Citation CJ3,Small,Williams International,FJ44,2
ac6d1d,N90CZ,Cessna (Textron),Citation CJ3,Small,Williams International,FJ44,2
a2c523,N278KP,Cessna (Textron),Citation CJ3,Small,Williams International,FJ44,2
a7cfc9,N602MJ,Cessna (Textron),Citation CJ3,Small,Williams International,FJ44,2
a69bc8,N525CW,Cessna (Textron),Citation CJ3,Small,Williams International,FJ44,2
449b33,OO-FYS,Cessna (Textron),Citation CJ3,Small,Williams International,FJ44,2
a4a9f1,N4WP,Cessna (Textron),Citation CJ3,Small,Williams International,FJ44,2
ac1c13,N88GA,Cessna (Textron),Citation CJ3,Small,Williams International,FJ44,2
adce1b,N989RS,Cessna (Textron),Citation CJ3,Small,Williams International,FJ44,2
e48d48,PT-GBF,Cessna (Textron),Citation CJ3,Small,Williams International,FJ44,2
e481b3,PR-SCF,Cessna (Textron),Citation CJ3,Small,Williams International,FJ44,2
4d0255,LX-ODY,Cessna (Textron),Citation CJ3,Small,Williams International,FJ44,2
0d0521,XA-ALT,Cessna (Textron),Citation CJ3,Small,Williams International,FJ44,2
3985ef,F-HBPP,Cessna (Textron),Citation CJ3,Small,Williams International,FJ44,2
a133ea,N177HN,Cessna (Textron),Citation CJ3,Small,Williams International,FJ44,2
e48a3a,PT-OOO,Cessna (Textron),Citation CJ3,Small,Williams International,FJ44,2
a89731,N6525B,Cessna (Textron),Citation CJ3,Small,Williams International,FJ44,2
a65f86,N51EM,Cessna (Textron),Citation CJ3,Small,Williams International,FJ44,2
e48eb2,PP-RCA,Cessna (Textron),Citation CJ3,Small,Williams International,FJ44,2
a06955,N1255J,Cessna (Textron),Citation CJ3,Small,Williams International,FJ44,2
ac3de9,N8880D,Cessna (Textron),Citation CJ3,Small,Williams International,FJ44,2
abb064,N852SP,Cessna (Textron),Citation CJ3,Small,Williams International,FJ44,2
4d02d0,LX-WEB,Cessna (Textron),Citation CJ3,Small,Williams International,FJ44,2
a0be5b,N147TA,Cessna (Textron),Citation CJ3,Small,Williams International,FJ44,2
a9c922,N73EM,Cessna (Textron),Citation CJ3,Small,Williams International,FJ44,2
76166c,AP-ESL,Cessna (Textron),Citation CJ3,Small,Williams International,FJ44,2
add051,N99AG,Cessna (Textron),Citation CJ3,Small,Williams International,FJ44,2
449a05,OO-FPE,Cessna (Textron),Citation CJ3,Small,Williams International,FJ44,2
a613db,N491AM,Cessna (Textron),Citation CJ3,Small,Williams International,FJ44,2
3cefbc,D-CSCA,Cessna (Textron),Citation CJ3,Small,Williams International,FJ44,2
aaa7a9,N786JS,Cessna (Textron),Citation CJ3,Small,Williams International,FJ44,2
a36e77,N320BP,Cessna (Textron),Citation CJ3,Small,Williams International,FJ44,2
4403fb,OE-GNA,Cessna (Textron),Citation CJ3,Small,Williams International,FJ44,2
6830bd,UP-CS302,Cessna (Textron),Citation CJ3,Small,Williams International,FJ44,2
e484ee,PR-ALV,Cessna (Textron),Citation CJ3,Small,Williams International,FJ44,2
a4f21b,N418CS,Cessna (Textron),Citation CJ3,Small,Williams International,FJ44,2
ad4b88,N956GA,Cessna (Textron),Citation CJ3,Small,Williams International,FJ44,2
0d060f,XA-ACR,Cessna (Textron),Citation CJ3,Small,Williams International,FJ44,2
ad3353,N95LL,Cessna (Textron),Citation CJ3,Small,Williams International,FJ44,2
4ac9a2,SE-RMB,Cessna (Textron),Citation CJ3,Small,Williams International,FJ44,2
3cd942,D-CJOS,Cessna (Textron),Citation CJ3,Small,Williams International,FJ44,2
e48424,PR-MON,Cessna (Textron),Citation CJ3,Small,Williams International,FJ44,2
e48058,PT-TJS,Cessna (Textron),Citation CJ3,Small,Williams International,FJ44,2
e48c3e,PR-BIR,Cessna (Textron),Citation CJ3,Small,Williams International,FJ44,2
e48eae,PR-MTQ,Cessna (Textron),Citation CJ3,Small,Williams International,FJ44,2
a21434,N233FT,Cessna (Textron),Citation CJ3,Small,Williams International,FJ44,2
a0b6d9,N145SF,Cessna (Textron),Citation CJ3,Small,Williams International,FJ44,2
88346c,HS-MCL,Cessna (Textron),Citation CJ3,Small,Williams International,FJ44,2
adf4db,N999JA,Cessna (Textron),Citation CJ3,Small,Williams International,FJ44,2
a69bea,N525EE,Cessna (Textron),Citation CJ3,Small,Williams International,FJ44,2
449496,OO-EDV,Cessna (Textron),Citation CJ3,Small,Williams International,FJ44,2
ac1ef8,N880MR,Cessna (Textron),Citation CJ3,Small,Williams International,FJ44,2
ac581b,N895CB,Cessna (Textron),Citation CJ3,Small,Williams International,FJ44,2
440536,OE-GIE,Cessna (Textron),Citation CJ3,Small,Williams International,FJ44,2
395689,F-GVUJ,Cessna (Textron),Citation CJ3,Small,Williams International,FJ44,2
e48fa8,PR-EDB,Cessna (Textron),Citation CJ3,Small,Williams International,FJ44,2
3cf4ea,D-CUBA,Cessna (Textron),Citation CJ3,Small,Williams International,FJ44,2
a0c808,N15C,Cessna (Textron),Citation CJ3,Small,Williams International,FJ44,2
aa9516,N781JS,Cessna (Textron),Citation CJ3,Small,Williams International,FJ44,2
a992b6,N716DV,Cessna (Textron),Citation CJ4,Small,Williams International,FJ44,2
a99aec,N718MV,Cessna (Textron),Citation CJ4,Small,Williams International,FJ44,2
840120,JA008G,Cessna (Textron),Citation CJ4,Small,Williams International,FJ44,2
4069e6,G-SDRY,Cessna (Textron),Citation CJ4,Small,Williams International,FJ44,2
a831c5,N627RR,Cessna (Textron),Citation CJ4,Small,Williams International,FJ44,2
345382,EC-MOQ,Cessna (Textron),Citation CJ4,Small,Williams International,FJ44,2
840142,JA009G,Cessna (Textron),Citation CJ4,Small,Williams International,FJ44,2
a4a902,N4M,Cessna (Textron),Citation CJ4,Small,Williams International,FJ44,2
e8096a,CC-AOR,Cessna (Textron),Citation CJ4,Small,Williams International,FJ44,2
e48abe,PR-GML,Cessna (Textron),Citation CJ4,Small,Williams International,FJ44,2
3cfaf9,D-CWIR,Cessna (Textron),Citation CJ4,Small,Williams International,FJ44,2
3cdbba,D-CKNA,Cessna (Textron),Citation CJ4,Small,Williams International,FJ44,2
e48c8f,PP-WMA,Cessna (Textron),Citation CJ4,Small,Williams International,FJ44,2
3a344f,F-ONCP,Cessna (Textron),Citation CJ4,Small,Williams International,FJ44,2
adf609,N999WC,Cessna (Textron),Citation CJ4,Small,Williams International,FJ44,2
440a84,OE-GCL,Cessna (Textron),Citation CJ4,Small,Williams International,FJ44,2
398266,F-HATG,Cessna (Textron),Citation CJ4,Small,Williams International,FJ44,2
3ccb16,D-CEFE,Cessna (Textron),Citation CJ4,Small,Williams International,FJ44,2
0ac33e,HK-5120,Cessna (Textron),Citation CJ4,Small,Williams International,FJ44,2
75040d,9M-SSS,Cessna (Textron),Citation CJ4,Small,Williams International,FJ44,2
adccce,N989CJ,Cessna (Textron),Citation CJ4,Small,Williams International,FJ44,2
ad3625,N950RG,Cessna (Textron),Citation CJ4,Small,Williams International,FJ44,2
7582f1,RP-C7513,Cessna (Textron),Citation CJ4,Small,Williams International,FJ44,2
aaab58,N787JJ,Cessna (Textron),Citation CJ4,Small,Williams International,FJ44,2
e48d22,PR-MJM,Cessna (Textron),Citation CJ4,Small,Williams International,FJ44,2
adc310,N986ST,Cessna (Textron),Citation CJ4,Small,Williams International,FJ44,2
a548e5,N44GL,Cessna (Textron),Citation CJ4,Small,Williams International,FJ44,2
a1f5f3,N2250G,Cessna (Textron),Citation CJ4,Small,Williams International,FJ44,2
440658,OE-GTI,Cessna (Textron),Citation CJ4,Small,Williams International,FJ44,2
a0ebd9,N159CJ,Cessna (Textron),Citation CJ4,Small,Williams International,FJ44,2
a34102,N309CQ,Cessna (Textron),Citation CJ4,Small,Williams International,FJ44,2
49d265,OK-ILA,Cessna (Textron),Citation CJ4,Small,Williams International,FJ44,2
0d09ca,XA-MKA,Cessna (Textron),Citation CJ4,Small,Williams International,FJ44,2
a0755c,N129CJ,Cessna (Textron),Citation CJ4,Small,Williams International,FJ44,2
8403a4,JA010G,Cessna (Textron),Citation CJ4,Small,Williams International,FJ44,2
ac3c89,N888LB,Cessna (Textron),Citation CJ4,Small,Williams International,FJ44,2
aab667,N79HM,Cessna (Textron),Citation CJ4,Small,Williams International,FJ44,2
3cfafb,D-CWIT,Cessna (Textron),Citation CJ4,Small,Williams International,FJ44,2
43e9d1,M-OBIL,Cessna (Textron),Citation CJ4,Small,Williams International,FJ44,2
3cd436,D-CHRA,Cessna (Textron),Citation CJ4,Small,Williams International,FJ44,2
ada905,N98CH,Cessna (Textron),Citation CJ4,Small,Williams International,FJ44,2
0d0857,XA-GZZ,Cessna (Textron),Citation CJ4,Small,Williams International,FJ44,2
3cc2eb,D-CBCT,Cessna (Textron),Citation CJ4,Small,Williams International,FJ44,2
e48a81,PR-NJR,Cessna (Textron),Citation CJ4,Small,Williams International,FJ44,2
a69e68,N5254C,Cessna (Textron),Citation CJ4,Small,Williams International,FJ44,2
39996e,F-HGLO,Cessna (Textron),Citation CJ4,Small,Williams International,FJ44,2
3ce624,D-COLO,Cessna (Textron),Citation CJ4,Small,Williams International,FJ44,2
a5c008,N47PB,Cessna (Textron),Citation CJ4,Small,Williams International,FJ44,2
3cca06,D-CDUS,Cessna (Textron),Citation CJ4,Small,Williams International,FJ44,2
aa2a67,N754RL,Cessna (Textron),Citation CJ4,Small,Williams International,FJ44,2
0d05fc,XA-LPK,Cessna (Textron),Citation CJ4,Small,Williams International,FJ44,2
392e97,F-GLUX,Cessna (Textron),Citation CJ4,Small,Williams International,FJ44,2
43ea75,M-SIXT,Cessna (Textron),Citation CJ4,Small,Williams International,FJ44,2
0d82cf,YV3333,Cessna (Textron),Citation CJ4,Small,Williams International,FJ44,2
43e9b3,M-FLYI,Cessna (Textron),Citation CJ4,Small,Williams International,FJ44,2
a2aa74,N271CQ,Cessna (Textron),Citation CJ4,Small,Williams International,FJ44,2
a3b822,N339KC,Cessna (Textron),Citation CJ4,Small,Williams International,FJ44,2
3cd437,D-CHRB,Cessna (Textron),Citation CJ4,Small,Williams International,FJ44,2
a0e996,N158TF,Cessna (Textron),Citation CJ4,Small,Williams International,FJ44,2
0d07cd,XA-UTG,Cessna (Textron),Citation CJ4,Small,Williams International,FJ44,2
a3b776,N339CF,Cessna (Textron),Citation CJ4,Small,Williams International,FJ44,2
3cc9e7,D-CDTN,Cessna (Textron),Citation CJ4,Small,Williams International,FJ44,2
42435c,VP-BIB,Cessna (Textron),Citation CJ4,Small,Williams International,FJ44,2
a2c84a,N279DV,Cessna (Textron),Citation CJ4,Small,Williams International,FJ44,2
a6fe3d,N55MZ,Cessna (Textron),Citation CJ4,Small,Williams International,FJ44,2
e48ad2,PP-MEP,Cessna (Textron),Citation CJ4,Small,Williams International,FJ44,2
43e9e9,M-SSYS,Cessna (Textron),Citation CJ4,Small,Williams International,FJ44,2
43e9c1,M-AZIA,Cessna (Textron),Citation CJ4,Small,Williams International,FJ44,2
ad0468,N938LN,Cessna (Textron),Citation CJ4,Small,Williams International,FJ44,2
a6e8e0,N544XL,Cessna (Textron),Citation Excel,Small,Pratt & Whitney Canada,PW545,2
ac81c2,N905AC,Cessna (Textron),Citation Excel,Small,Pratt & Whitney Canada,PW545,2
462d15,OH-RBX,Cessna (Textron),Citation Excel,Small,Pratt & Whitney Canada,PW545,2
a5977a,N46CF,Cessna (Textron),Citation Excel,Small,Pratt & Whitney Canada,PW545,2
a726fc,N560AT,Cessna (Textron),Citation Excel,Small,Pratt & Whitney Canada,PW545,2
a18f93,N2ZC,Cessna (Textron),Citation Excel,Small,Pratt & Whitney Canada,PW545,2
a1107c,N168MC,Cessna (Textron),Citation Excel,Small,Pratt & Whitney Canada,PW545,2
a45c5d,N380M,Cessna (Textron),Citation Excel,Small,Pratt & Whitney Canada,PW545,2
a565ba,N447MJ,Cessna (Textron),Citation Excel,Small,Pratt & Whitney Canada,PW545,2
4b38f4,HB-VOU,Cessna (Textron),Citation Excel,Small,Pratt & Whitney Canada,PW545,2
a8c0cd,N663QS,Cessna (Textron),Citation Excel,Small,Pratt & Whitney Canada,PW545,2
e02498,LV-BRX,Cessna (Textron),Citation Excel,Small,Pratt & Whitney Canada,PW545,2
a9bedb,N727PJ,Cessna (Textron),Citation Excel,Small,Pratt & Whitney Canada,PW545,2
a24f4d,N248SF,Cessna (Textron),Citation Excel,Small,Pratt & Whitney Canada,PW545,2
e47e41,PP-JGV,Cessna (Textron),Citation Excel,Small,Pratt & Whitney Canada,PW545,2
49d3ac,OK-AST,Cessna (Textron),Citation Excel,Small,Pratt & Whitney Canada,PW545,2
a11ac1,N170SD,Cessna (Textron),Citation Excel,Small,Pratt & Whitney Canada,PW545,2
ac6c3c,N9U,Cessna (Textron),Citation Excel,Small,Pratt & Whitney Canada,PW545,2
4001f5,VP-CAI,Cessna (Textron),Citation Excel,Small,Pratt & Whitney Canada,PW545,2
a72783,N560GC,Cessna (Textron),Citation Excel,Small,Pratt & Whitney Canada,PW545,2
a7a50d,N592CF,Cessna (Textron),Citation Excel,Small,Pratt & Whitney Canada,PW545,2
a727b8,N560JF,Cessna (Textron),Citation Excel,Small,Pratt & Whitney Canada,PW545,2
4b7fd4,T-784,Cessna (Textron),Citation Excel,Small,Pratt & Whitney Canada,PW545,2
e47e18,PT-XIB,Cessna (Textron),Citation Excel,Small,Pratt & Whitney Canada,PW545,2
506c99,S5-ICR,Cessna (Textron),Citation Excel,Small,Pratt & Whitney Canada,PW545,2
49d03d,OK-SLX,Cessna (Textron),Citation Excel,Small,Pratt & Whitney Canada,PW545,2
04c05f,5Y-WHB,Cessna (Textron),Citation Excel,Small,Pratt & Whitney Canada,PW545,2
400cc6,G-CIEL,Cessna (Textron),Citation Excel,Small,Pratt & Whitney Canada,PW545,2
44c0e7,OO-PGG,Cessna (Textron),Citation Excel,Small,Pratt & Whitney Canada,PW545,2
acd52e,N926HL,Cessna (Textron),Citation Excel,Small,Pratt & Whitney Canada,PW545,2
a06375,N124KF,Cessna (Textron),Citation Excel,Small,Pratt & Whitney Canada,PW545,2
ab1fe9,N816CS,Cessna (Textron),Citation Excel,Small,Pratt & Whitney Canada,PW545,2
a18d50,N2,Cessna (Textron),Citation Excel,Small,Pratt & Whitney Canada,PW545,2
a16980,N190PR,Cessna (Textron),Citation Excel,Small,Pratt & Whitney Canada,PW545,2
a2834d,N261GC,Cessna (Textron),Citation Excel,Small,Pratt & Whitney Canada,PW545,2
aa1872,N75HU,Cessna (Textron),Citation Excel,Small,Pratt & Whitney Canada,PW545,2
a02912,N1094L,Cessna (Textron),Citation Excel,Small,Pratt & Whitney Canada,PW545,2
a512be,N426JN,Cessna (Textron),Citation Excel,Small,Pratt & Whitney Canada,PW545,2
440641,OE-GUN,Cessna (Textron),Citation Excel,Small,Pratt & Whitney Canada,PW545,2
8001e8,VT-ARA,Cessna (Textron),Citation Excel,Small,Pratt & Whitney Canada,PW545,2
4406c0,OE-GGK,Cessna (Textron),Citation Excel,Small,Pratt & Whitney Canada,PW545,2
a7272c,N560CR,Cessna (Textron),Citation Excel,Small,Pratt & Whitney Canada,PW545,2
a03649,N1122K,Cessna (Textron),Citation Excel,Small,Pratt & Whitney Canada,PW545,2
34208d,EC-ISQ,Cessna (Textron),Citation Excel,Small,Pratt & Whitney Canada,PW545,2
ad526d,N958AP,Cessna (Textron),Citation Excel,Small,Pratt & Whitney Canada,PW545,2
a3cf10,N3444B,Cessna (Textron),Citation Excel,Small,Pratt & Whitney Canada,PW545,2
a801b8,N615EC,Cessna (Textron),Citation Excel,Small,Pratt & Whitney Canada,PW545,2
a72bac,N561LS,Cessna (Textron),Citation Excel,Small,Pratt & Whitney Canada,PW545,2
a57225,N450AJ,Cessna (Textron),Citation Excel,Small,Pratt & Whitney Canada,PW545,2
800159,VT-CSP,Cessna (Textron),Citation Excel,Small,Pratt & Whitney Canada,PW545,2
ac5544,N894MA,Cessna (Textron),Citation Excel,Small,Pratt & Whitney Canada,PW545,2
a74e12,N57WP,Cessna (Textron),Citation Excel,Small,Pratt & Whitney Canada,PW545,2
a4a591,N399PV,Cessna (Textron),Citation Excel,Small,Pratt & Whitney Canada,PW545,2
e47e16,PP-JFM,Cessna (Textron),Citation Excel,Small,Pratt & Whitney Canada,PW545,2
e47e2f,PT-MSK,Cessna (Textron),Citation Excel,Small,Pratt & Whitney Canada,PW545,2
a4efc1,N417SR,Cessna (Textron),Citation Excel,Small,Pratt & Whitney Canada,PW545,2
e47e1a,PT-WYU,Cessna (Textron),Citation Excel,Small,Pratt & Whitney Canada,PW545,2
a1718d,N192W,Cessna (Textron),Citation Excel,Small,Pratt & Whitney Canada,PW545,2
a1b7c3,N21GD,Cessna (Textron),Citation Excel,Small,Pratt & Whitney Canada,PW545,2
e0308b,LV-CBK,Cessna (Textron),Citation Excel,Small,Pratt & Whitney Canada,PW545,2
a727e4,N560L,Cessna (Textron),Citation Excel,Small,Pratt & Whitney Canada,PW545,2
400964,G-SIRS,Cessna (Textron),Citation Excel,Small,Pratt & Whitney Canada,PW545,2
ac94ff,N91GY,Cessna (Textron),Citation Excel,Small,Pratt & Whitney Canada,PW545,2
a31a9f,N3,Cessna (Textron),Citation Excel,Small,Pratt & Whitney Canada,PW545,2
20101d,V5-NDB,Cessna (Textron),Citation Excel,Small,Pratt & Whitney Canada,PW545,2
ad35bb,N950MA,Cessna (Textron),Citation Excel,Small,Pratt & Whitney Canada,PW545,2
a649da,N504LV,Cessna (Textron),Citation Excel,Small,Pratt & Whitney Canada,PW545,2
0d81d7,YV2975,Cessna (Textron),Citation Excel,Small,Pratt & Whitney Canada,PW545,2
449a93,OO-FTS,Cessna (Textron),Citation Excel,Small,Pratt & Whitney Canada,PW545,2
0d05ac,XA-SID,Cessna (Textron),Citation Excel,Small,Pratt & Whitney Canada,PW545,2
44074b,OE-GRI,Cessna (Textron),Citation Excel,Small,Pratt & Whitney Canada,PW545,2
ad81bc,N97EM,Cessna (Textron),Citation Excel,Small,Pratt & Whitney Canada,PW545,2
ad9f3a,N977SD,Cessna (Textron),Citation Excel,Small,Pratt & Whitney Canada,PW545,2
ac9196,N909LA,Cessna (Textron),Citation Excel,Small,Pratt & Whitney Canada,PW545,2
440194,OE-GCA,Cessna (Textron),Citation Excel,Small,Pratt & Whitney Canada,PW545,2
add7e6,N991RW,Cessna (Textron),Citation Excel,Small,Pratt & Whitney Canada,PW545,2
0d07b1,XA-UTD,Cessna (Textron),Citation Excel,Small,Pratt & Whitney Canada,PW545,2
a83256,N627XL,Cessna (Textron),Citation Excel,Small,Pratt & Whitney Canada,PW545,2
a97d32,N710MT,Cessna (Textron),Citation Excel,Small,Pratt & Whitney Canada,PW545,2
400928,G-IPAX,Cessna (Textron),Citation Excel,Small,Pratt & Whitney Canada,PW545,2
a4a8b9,N4JB,Cessna (Textron),Citation Excel,Small,Pratt & Whitney Canada,PW545,2
aaf204,N804PF,Cessna (Textron),Citation Excel,Small,Pratt & Whitney Canada,PW545,2
0d81ca,YV540T,Cessna (Textron),Citation Excel,Small,Pratt & Whitney Canada,PW545,2
0085a3,ZS-CCW,Cessna (Textron),Citation Excel,Small,Pratt & Whitney Canada,PW545,2
ad1c0c,N944AH,Cessna (Textron),Citation Excel,Small,Pratt & Whitney Canada,PW545,2
440546,OE-GXL,Cessna (Textron),Citation Excel,Small,Pratt & Whitney Canada,PW545,2
aaa379,N785DW,Cessna (Textron),Citation Excel,Small,Pratt & Whitney Canada,PW545,2
34318a,EC-KOL,Cessna (Textron),Citation Excel,Small,Pratt & Whitney Canada,PW545,2
8007f1,VT-AVV,Cessna (Textron),Citation Excel,Small,Pratt & Whitney Canada,PW545,2
ad0ba0,N94JJ,Cessna (Textron),Citation Excel,Small,Pratt & Whitney Canada,PW545,2
a90194,N68HG,Cessna (Textron),Citation Excel,Small,Pratt & Whitney Canada,PW545,2
a3e8bd,N351CG,Cessna (Textron),Citation Excel,Small,Pratt & Whitney Canada,PW545,2
0d0220,XA-DRM,Cessna (Textron),Citation Excel,Small,Pratt & Whitney Canada,PW545,2
484189,PH-RSA,Cessna (Textron),Citation Excel,Small,Pratt & Whitney Canada,PW545,2
a93eac,N695QE,Cessna (Textron),Citation Excel,Small,Pratt & Whitney Canada,PW545,2
e80977,CC-ARA,Cessna (Textron),Citation Excel,Small,Pratt & Whitney Canada,PW545,2
4ac90a,SE-RHJ,Cessna (Textron),Citation Excel,Small,Pratt & Whitney Canada,PW545,2
a79f50,N590VP,Cessna (Textron),Citation Excel,Small,Pratt & Whitney Canada,PW545,2
0d01bf,XA-TKZ,Cessna (Textron),Citation Excel,Small,Pratt & Whitney Canada,PW545,2
ab800e,N840CC,Cessna (Textron),Citation Excel,Small,Pratt & Whitney Canada,PW545,2
ab9de8,N848DM,Cessna (Textron),Citation Excel,Small,Pratt & Whitney Canada,PW545,2
a199b8,N202CW,Cessna (Textron),Citation Excel,Small,Pratt & Whitney Canada,PW545,2
a1370e,N178BR,Cessna (Textron),Citation Excel,Small,Pratt & Whitney Canada,PW545,2
e47eb1,PR-GAM,Cessna (Textron),Citation Excel,Small,Pratt & Whitney Canada,PW545,2
e47e0a,PP-RAA,Cessna (Textron),Citation Excel,Small,Pratt & Whitney Canada,PW545,2
3cf00d,D-CSFD,Cessna (Textron),Citation Excel,Small,Pratt & Whitney Canada,PW545,2
4d02a2,LX-VMF,Cessna (Textron),Citation Excel,Small,Pratt & Whitney Canada,PW545,2
49d05d,OK-CAA,Cessna (Textron),Citation Excel,Small,Pratt & Whitney Canada,PW545,2
acdc16,N928CB,Cessna (Textron),Citation Excel,Small,Pratt & Whitney Canada,PW545,2
aa1816,N75EB,Cessna (Textron),Citation Excel,Small,Pratt & Whitney Canada,PW545,2
4062d4,G-CGMF,Cessna (Textron),Citation Excel,Small,Pratt & Whitney Canada,PW545,2
ad5b7b,N96TE,Cessna (Textron),Citation Excel,Small,Pratt & Whitney Canada,PW545,2
add3bc,N990MF,Cessna (Textron),Citation Excel,Small,Pratt & Whitney Canada,PW545,2
a7dbbd,N605VR,Cessna (Textron),Citation Excel,Small,Pratt & Whitney Canada,PW545,2
e02348,LQ-BMH,Cessna (Textron),Citation Excel,Small,Pratt & Whitney Canada,PW545,2
a11513,N169WB,Cessna (Textron),Citation Excel,Small,Pratt & Whitney Canada,PW545,2
ab5347,N829LC,Cessna (Textron),Citation Excel,Small,Pratt & Whitney Canada,PW545,2
ab089b,N81SH,Cessna (Textron),Citation Excel,Small,Pratt & Whitney Canada,PW545,2
e47e4d,PR-AAA,Cessna (Textron),Citation Excel,Small,Pratt & Whitney Canada,PW545,2
a14e08,N183YS,Cessna (Textron),Citation Excel,Small,Pratt & Whitney Canada,PW545,2
4bd1af,TC-TMO,Cessna (Textron),Citation Excel,Small,Pratt & Whitney Canada,PW545,2
e48896,PR-LPG,Cessna (Textron),Citation Excel,Small,Pratt & Whitney Canada,PW545,2
a72f9d,N562P,Cessna (Textron),Citation Excel,Small,Pratt & Whitney Canada,PW545,2
aa2601,N753JL,Cessna (Textron),Citation Excel,Small,Pratt & Whitney Canada,PW545,2
0d0811,XA-HTL,Cessna (Textron),Citation Excel,Small,Pratt & Whitney Canada,PW545,2
a983b4,N712CG,Cessna (Textron),Citation Excel,Small,Pratt & Whitney Canada,PW545,2
a77604,N580BC,Cessna (Textron),Citation Excel,Small,Pratt & Whitney Canada,PW545,2
a72773,N560FM,Cessna (Textron),Citation Excel,Small,Pratt & Whitney Canada,PW545,2
a48102,N39FW,Cessna (Textron),Citation Excel,Small,Pratt & Whitney Canada,PW545,2
054023,5R-HMR,Cessna (Textron),Citation Excel,Small,Pratt & Whitney Canada,PW545,2
44b587,OO-MLG,Cessna (Textron),Citation Excel,Small,Pratt & Whitney Canada,PW545,2
800194,VT-CLA,Cessna (Textron),Citation Excel,Small,Pratt & Whitney Canada,PW545,2
a7c89b,N600PY,Cessna (Textron),Citation Excel,Small,Pratt & Whitney Canada,PW545,2
a77454,N58HX,Cessna (Textron),Citation Excel,Small,Pratt & Whitney Canada,PW545,2
e47eac,PR-EMS,Cessna (Textron),Citation Excel,Small,Pratt & Whitney Canada,PW545,2
00a5d8,ZS-OHZ,Cessna (Textron),Citation Excel,Small,Pratt & Whitney Canada,PW545,2
44022c,OE-GCG,Cessna (Textron),Citation Excel,Small,Pratt & Whitney Canada,PW545,2
e47fcc,PR-OUR,Cessna (Textron),Citation Excel,Small,Pratt & Whitney Canada,PW545,2
484195,PH-CJI,Cessna (Textron),Citation Excel,Small,Pratt & Whitney Canada,PW545,2
493281,CS-LTA,Cessna (Textron),Citation Latitude,Large,Pratt & Whitney Canada,PW306D1,2
a9037b,N680CT,Cessna (Textron),Citation Latitude,Large,Pratt & Whitney Canada,PW306D1,2
a91ef7,N687TX,Cessna (Textron),Citation Latitude,Large,Pratt & Whitney Canada,PW306D1,2
493033,CS-LAS,Cessna (Textron),Citation Latitude,Large,Pratt & Whitney Canada,PW306D1,2
a4a48b,N399DH,Cessna (Textron),Citation Latitude,Large,Pratt & Whitney Canada,PW306D1,2
adabf2,N980JF,Cessna (Textron),Citation Latitude,Large,Pratt & Whitney Canada,PW306D1,2
493282,CS-LTB,Cessna (Textron),Citation Latitude,Large,Pratt & Whitney Canada,PW306D1,2
493288,CS-LTH,Cessna (Textron),Citation Latitude,Large,Pratt & Whitney Canada,PW306D1,2
407446,G-SHUI,Cessna (Textron),Citation Latitude,Large,Pratt & Whitney Canada,PW306D1,2
ad7ba4,N968UD,Cessna (Textron),Citation Latitude,Large,Pratt & Whitney Canada,PW306D1,2
493284,CS-LTD,Cessna (Textron),Citation Latitude,Large,Pratt & Whitney Canada,PW306D1,2
aa87bc,N778LC,Cessna (Textron),Citation Latitude,Large,Pratt & Whitney Canada,PW306D1,2
49328a,CS-LTJ,Cessna (Textron),Citation Latitude,Large,Pratt & Whitney Canada,PW306D1,2
493283,CS-LTC,Cessna (Textron),Citation Latitude,Large,Pratt & Whitney Canada,PW306D1,2
a7fa20,N613CL,Cessna (Textron),Citation Latitude,Large,Pratt & Whitney Canada,PW306D1,2
a8f21d,N676BB,Cessna (Textron),Citation Latitude,Large,Pratt & Whitney Canada,PW306D1,2
a91607,N685CL,Cessna (Textron),Citation Latitude,Large,Pratt & Whitney Canada,PW306D1,2
a02b93,N11TR,Cessna (Textron),Citation Latitude,Large,Pratt & Whitney Canada,PW306D1,2
a924e4,N689CM,Cessna (Textron),Citation Latitude,Large,Pratt & Whitney Canada,PW306D1,2
505dac,OM-LAT,Cessna (Textron),Citation Latitude,Large,Pratt & Whitney Canada,PW306D1,2
4bd2c8,TC-TVH,Cessna (Textron),Citation Latitude,Large,Pratt & Whitney Canada,PW306D1,2
0d09df,XA-GGS,Cessna (Textron),Citation Latitude,Large,Pratt & Whitney Canada,PW306D1,2
0d0afe,XA-AGV,Cessna (Textron),Citation Latitude,Large,Pratt & Whitney Canada,PW306D1,2
39c80e,F-HSAO,Cessna (Textron),Citation Latitude,Large,Pratt & Whitney Canada,PW306D1,2
493034,CS-LAT,Cessna (Textron),Citation Latitude,Large,Pratt & Whitney Canada,PW306D1,2
a64be8,N5045W,Cessna (Textron),Citation Latitude,Large,Pratt & Whitney Canada,PW306D1,2
acbe67,N920CL,Cessna (Textron),Citation Latitude,Large,Pratt & Whitney Canada,PW306D1,2
a19222,N200BF,Cessna (Textron),Citation Latitude,Large,Pratt & Whitney Canada,PW306D1,2
adbdd3,N985BC,Cessna (Textron),Citation Latitude,Large,Pratt & Whitney Canada,PW306D1,2
493289,CS-LTI,Cessna (Textron),Citation Latitude,Large,Pratt & Whitney Canada,PW306D1,2
493035,CS-LAU,Cessna (Textron),Citation Latitude,Large,Pratt & Whitney Canada,PW306D1,2
adeab0,N996UA,Cessna (Textron),Citation Latitude,Large,Pratt & Whitney Canada,PW306D1,2
4b9e53,TC-GRS,Cessna (Textron),Citation Latitude,Large,Pratt & Whitney Canada,PW306D1,2
43ea81,M-MJLD,Cessna (Textron),Citation Latitude,Large,Pratt & Whitney Canada,PW306D1,2
493285,CS-LTE,Cessna (Textron),Citation Latitude,Large,Pratt & Whitney Canada,PW306D1,2
aade03,N8JR,Cessna (Textron),Citation Latitude,Large,Pratt & Whitney Canada,PW306D1,2
49328b,CS-LTK,Cessna (Textron),Citation Latitude,Large,Pratt & Whitney Canada,PW306D1,2
abedab,N868MJ,Cessna (Textron),Citation Latitude,Large,Pratt & Whitney Canada,PW306D1,2
a8e830,N673PP,Cessna (Textron),Citation Latitude,Large,Pratt & Whitney Canada,PW306D1,2
a6861b,N5196U,Cessna (Textron),Citation Longitude,Large,Honeywell,HTF7700L,2
a963a7,N704CL,Cessna (Textron),Citation Longitude,Large,Honeywell,HTF7700L,2
a67e69,N5174W,Cessna (Textron),Citation Longitude,Large,Honeywell,HTF7700L,2
a66f9c,N5135A,Cessna (Textron),Citation Longitude,Large,Honeywell,HTF7700L,2
ad8dbc,N9722L,Cessna (Textron),Citation Longitude,Large,Honeywell,HTF7700L,2
a6a1c3,N5261R,Cessna (Textron),Citation Longitude,Large,Honeywell,HTF7700L,2
a65e37,N5093Y,Cessna (Textron),Citation Longitude,Large,Honeywell,HTF7700L,2
a96009,N703DL,Cessna (Textron),Citation Longitude,Large,Honeywell,HTF7700L,2
49d10f,OK-FTR,Cessna (Textron),Citation Mustang,Small,Pratt & Whitney Canada,PW615F,2
405e13,G-FLBK,Cessna (Textron),Citation Mustang,Small,Pratt & Whitney Canada,PW615F,2
406139,G-FBKB,Cessna (Textron),Citation Mustang,Small,Pratt & Whitney Canada,PW615F,2
3e4515,D-IRIZ,Cessna (Textron),Citation Mustang,Small,Pratt & Whitney Canada,PW615F,2
adf4de,N999JD,Cessna (Textron),Citation Mustang,Small,Pratt & Whitney Canada,PW615F,2
440520,OE-FCP,Cessna (Textron),Citation Mustang,Small,Pratt & Whitney Canada,PW615F,2
44052d,OE-FHK,Cessna (Textron),Citation Mustang,Small,Pratt & Whitney Canada,PW615F,2
3991a3,F-HEND,Cessna (Textron),Citation Mustang,Small,Pratt & Whitney Canada,PW615F,2
40613a,G-FBKC,Cessna (Textron),Citation Mustang,Small,Pratt & Whitney Canada,PW615F,2
4407c4,OE-FNP,Cessna (Textron),Citation Mustang,Small,Pratt & Whitney Canada,PW615F,2
39a025,F-HIBF,Cessna (Textron),Citation Mustang,Small,Pratt & Whitney Canada,PW615F,2
406e0b,G-FBKF,Cessna (Textron),Citation Mustang,Small,Pratt & Whitney Canada,PW615F,2
e55857,PP-RGL,Cessna (Textron),Citation Mustang,Small,Pratt & Whitney Canada,PW615F,2
a66189,N510BA,Cessna (Textron),Citation Mustang,Small,Pratt & Whitney Canada,PW615F,2
44846f,OO-ACO,Cessna (Textron),Citation Mustang,Small,Pratt & Whitney Canada,PW615F,2
4405da,OE-FWF,Cessna (Textron),Citation Mustang,Small,Pratt & Whitney Canada,PW615F,2
e48d60,PR-TNP,Cessna (Textron),Citation Mustang,Small,Pratt & Whitney Canada,PW615F,2
008887,ZS-DFI,Cessna (Textron),Citation Mustang,Small,Pratt & Whitney Canada,PW615F,2
406d59,G-SCCA,Cessna (Textron),Citation Mustang,Small,Pratt & Whitney Canada,PW615F,2
e48c1e,PR-CPT,Cessna (Textron),Citation Mustang,Small,Pratt & Whitney Canada,PW615F,2
a6635e,N510VV,Cessna (Textron),Citation Mustang,Small,Pratt & Whitney Canada,PW615F,2
39ba91,F-HOUR,Cessna (Textron),Citation Mustang,Small,Pratt & Whitney Canada,PW615F,2
a7c78f,N600DE,Cessna (Textron),Citation Mustang,Small,Pratt & Whitney Canada,PW615F,2
0d0555,XA-UMS,Cessna (Textron),Citation Mustang,Small,Pratt & Whitney Canada,PW615F,2
43eb96,2-MSTG,Cessna (Textron),Citation Mustang,Small,Pratt & Whitney Canada,PW615F,2
39990e,F-HGIO,Cessna (Textron),Citation Mustang,Small,Pratt & Whitney Canada,PW615F,2
a42e54,N369GC,Cessna (Textron),Citation Mustang,Small,Pratt & Whitney Canada,PW615F,2
394ca1,F-GTFB,Cessna (Textron),Citation Mustang,Small,Pratt & Whitney Canada,PW615F,2
3e4ebc,D-IVAA,Cessna (Textron),Citation Mustang,Small,Pratt & Whitney Canada,PW615F,2
39a90b,F-HKIL,Cessna (Textron),Citation Mustang,Small,Pratt & Whitney Canada,PW615F,2
aa1934,N75RN,Cessna (Textron),Citation Mustang,Small,Pratt & Whitney Canada,PW615F,2
34458d,EC-LZS,Cessna (Textron),Citation Mustang,Small,Pratt & Whitney Canada,PW615F,2
484089,PJ-DOM,Cessna (Textron),Citation Mustang,Small,Pratt & Whitney Canada,PW615F,2
4b84f2,TC-AGR,Cessna (Textron),Citation Mustang,Small,Pratt & Whitney Canada,PW615F,2
009c0b,ZS-KPM,Cessna (Textron),Citation Mustang,Small,Pratt & Whitney Canada,PW615F,2
44058f,OE-FZA,Cessna (Textron),Citation Mustang,Small,Pratt & Whitney Canada,PW615F,2
4b91f5,TC-DOU,Cessna (Textron),Citation Mustang,Small,Pratt & Whitney Canada,PW615F,2
ada65c,N979PC,Cessna (Textron),Citation Mustang,Small,Pratt & Whitney Canada,PW615F,2
e48db3,PP-JCG,Cessna (Textron),Citation Mustang,Small,Pratt & Whitney Canada,PW615F,2
401352,G-LEAA,Cessna (Textron),Citation Mustang,Small,Pratt & Whitney Canada,PW615F,2
adc563,N987CM,Cessna (Textron),Citation Mustang,Small,Pratt & Whitney Canada,PW615F,2
4403c9,OE-FWH,Cessna (Textron),Citation Mustang,Small,Pratt & Whitney Canada,PW615F,2
840043,JA001Z,Cessna (Textron),Citation Mustang,Small,Pratt & Whitney Canada,PW615F,2
405e14,G-FBNK,Cessna (Textron),Citation Mustang,Small,Pratt & Whitney Canada,PW615F,2
e4847b,PR-MDE,Cessna (Textron),Citation Mustang,Small,Pratt & Whitney Canada,PW615F,2
406e2c,G-JJET,Cessna (Textron),Citation Mustang,Small,Pratt & Whitney Canada,PW615F,2
4408b5,OE-FWD,Cessna (Textron),Citation Mustang,Small,Pratt & Whitney Canada,PW615F,2
a55e56,N445MU,Cessna (Textron),Citation Mustang,Small,Pratt & Whitney Canada,PW615F,2
a7957c,N588VA,Cessna (Textron),Citation Mustang,Small,Pratt & Whitney Canada,PW615F,2
ac43a1,N89GR,Cessna (Textron),Citation Mustang,Small,Pratt & Whitney Canada,PW615F,2
491216,CS-DPV,Cessna (Textron),Citation Mustang,Small,Pratt & Whitney Canada,PW615F,2
a9a318,N72VK,Cessna (Textron),Citation Mustang,Small,Pratt & Whitney Canada,PW615F,2
a38c45,N328CL,Cessna (Textron),Citation Mustang,Small,Pratt & Whitney Canada,PW615F,2
e48d43,PR-FRZ,Cessna (Textron),Citation Mustang,Small,Pratt & Whitney Canada,PW615F,2
a762b3,N575TP,Cessna (Textron),Citation Mustang,Small,Pratt & Whitney Canada,PW615F,2
e4814e,PT-FLO,Cessna (Textron),Citation Mustang,Small,Pratt & Whitney Canada,PW615F,2
a6a6fd,N528DM,Cessna (Textron),Citation Mustang,Small,Pratt & Whitney Canada,PW615F,2
adee4d,N997T,Cessna (Textron),Citation Mustang,Small,Pratt & Whitney Canada,PW615F,2
7c4f1f,VH-PWX,Cessna (Textron),Citation Mustang,Small,Pratt & Whitney Canada,PW615F,2
ad389c,N951CM,Cessna (Textron),Citation Mustang,Small,Pratt & Whitney Canada,PW615F,2
3e4896,D-ISRM,Cessna (Textron),Citation Mustang,Small,Pratt & Whitney Canada,PW615F,2
010128,SU-BQH,Cessna (Textron),Citation Mustang,Small,Pratt & Whitney Canada,PW615F,2
405929,G-FBLK,Cessna (Textron),Citation Mustang,Small,Pratt & Whitney Canada,PW615F,2
ab1fed,N816CW,Cessna (Textron),Citation Mustang,Small,Pratt & Whitney Canada,PW615F,2
e0308f,LV-CBO,Cessna (Textron),Citation Mustang,Small,Pratt & Whitney Canada,PW615F,2
4405a6,OE-FOE,Cessna (Textron),Citation Mustang,Small,Pratt & Whitney Canada,PW615F,2
43e7f0,M-USTG,Cessna (Textron),Citation Mustang,Small,Pratt & Whitney Canada,PW615F,2
4848df,PH-TXA,Cessna (Textron),Citation Mustang,Small,Pratt & Whitney Canada,PW615F,2
44033d,OE-FFB,Cessna (Textron),Citation Mustang,Small,Pratt & Whitney Canada,PW615F,2
a661c8,N510DP,Cessna (Textron),Citation Mustang,Small,Pratt & Whitney Canada,PW615F,2
43e86d,M-OUSE,Cessna (Textron),Citation Mustang,Small,Pratt & Whitney Canada,PW615F,2
e48be9,PP-IMP,Cessna (Textron),Citation Mustang,Small,Pratt & Whitney Canada,PW615F,2
a7ef91,N610JL,Cessna (Textron),Citation Mustang,Small,Pratt & Whitney Canada,PW615F,2
e48181,PR-DRI,Cessna (Textron),Citation Mustang,Small,Pratt & Whitney Canada,PW615F,2
4406e5,OE-FTS,Cessna (Textron),Citation Mustang,Small,Pratt & Whitney Canada,PW615F,2
0c4145,HI949,Cessna (Textron),Citation Mustang,Small,Pratt & Whitney Canada,PW615F,2
e48c59,PT-AMU,Cessna (Textron),Citation Mustang,Small,Pratt & Whitney Canada,PW615F,2
440806,OE-FPP,Cessna (Textron),Citation Mustang,Small,Pratt & Whitney Canada,PW615F,2
a1bad3,N210PM,Cessna (Textron),Citation Mustang,Small,Pratt & Whitney Canada,PW615F,2
a25c4b,N251MC,Cessna (Textron),Citation Mustang,Small,Pratt & Whitney Canada,PW615F,2
4067d1,G-RNER,Cessna (Textron),Citation Mustang,Small,Pratt & Whitney Canada,PW615F,2
e487e1,PR-XPI,Cessna (Textron),Citation Mustang,Small,Pratt & Whitney Canada,PW615F,2
440333,OE-FHA,Cessna (Textron),Citation Mustang,Small,Pratt & Whitney Canada,PW615F,2
e482b4,PR-SBH,Cessna (Textron),Citation Mustang,Small,Pratt & Whitney Canada,PW615F,2
aacc41,N795T,Cessna (Textron),Citation Mustang,Small,Pratt & Whitney Canada,PW615F,2
a661c1,N510DG,Cessna (Textron),Citation Mustang,Small,Pratt & Whitney Canada,PW615F,2
e062c7,LV-FKG,Cessna (Textron),Citation Mustang,Small,Pratt & Whitney Canada,PW615F,2
7c5d76,VH-SQW,Cessna (Textron),Citation Mustang,Small,Pratt & Whitney Canada,PW615F,2
ac9852,N910SY,Cessna (Textron),Citation Mustang,Small,Pratt & Whitney Canada,PW615F,2
406e55,G-GILB,Cessna (Textron),Citation Mustang,Small,Pratt & Whitney Canada,PW615F,2
49d174,OK-MYS,Cessna (Textron),Citation Mustang,Small,Pratt & Whitney Canada,PW615F,2
7c6ce8,VH-VSQ,Cessna (Textron),Citation Mustang,Small,Pratt & Whitney Canada,PW615F,2
440592,OE-FZD,Cessna (Textron),Citation Mustang,Small,Pratt & Whitney Canada,PW615F,2
010127,SU-BQG,Cessna (Textron),Citation Mustang,Small,Pratt & Whitney Canada,PW615F,2
40723f,G-FBKK,Cessna (Textron),Citation Mustang,Small,Pratt & Whitney Canada,PW615F,2
8007f3,VT-IAM,Cessna (Textron),Citation Mustang,Small,Pratt & Whitney Canada,PW615F,2
e48152,PR-MCL,Cessna (Textron),Citation Mustang,Small,Pratt & Whitney Canada,PW615F,2
393269,F-GMTJ,Cessna (Textron),Citation Mustang,Small,Pratt & Whitney Canada,PW615F,2
c8224d,ZK-VXM,Cessna (Textron),Citation Mustang,Small,Pratt & Whitney Canada,PW615F,2
a9a17f,N72DA,Cessna (Textron),Citation Mustang,Small,Pratt & Whitney Canada,PW615F,2
0d0511,XA-ULO,Cessna (Textron),Citation Mustang,Small,Pratt & Whitney Canada,PW615F,2
49d253,OK-OBR,Cessna (Textron),Citation Mustang,Small,Pratt & Whitney Canada,PW615F,2
08003f,5H-LUX,Cessna (Textron),Citation Mustang,Small,Pratt & Whitney Canada,PW615F,2
739546,4X-CMA,Cessna (Textron),Citation Mustang,Small,Pratt & Whitney Canada,PW615F,2
e06599,LV-FVY,Cessna (Textron),Citation Mustang,Small,Pratt & Whitney Canada,PW615F,2
885930,HS-VIP,Cessna (Textron),Citation Mustang,Small,Pratt & Whitney Canada,PW615F,2
a90218,N68NP,Cessna (Textron),Citation Mustang,Small,Pratt & Whitney Canada,PW615F,2
a18df8,N2GS,Cessna (Textron),Citation Mustang,Small,Pratt & Whitney Canada,PW615F,2
4402ea,OE-FID,Cessna (Textron),Citation Mustang,Small,Pratt & Whitney Canada,PW615F,2
398073,F-HADT,Cessna (Textron),Citation Mustang,Small,Pratt & Whitney Canada,PW615F,2
406e0a,G-FBKE,Cessna (Textron),Citation Mustang,Small,Pratt & Whitney Canada,PW615F,2
39c8e1,F-HSHB,Cessna (Textron),Citation Mustang,Small,Pratt & Whitney Canada,PW615F,2
e4827b,PR-NRN,Cessna (Textron),Citation Mustang,Small,Pratt & Whitney Canada,PW615F,2
ac4a4e,N891NY,Cessna (Textron),Citation Mustang,Small,Pratt & Whitney Canada,PW615F,2
a66286,N510MD,Cessna (Textron),Citation Mustang,Small,Pratt & Whitney Canada,PW615F,2
43ea12,M-IFFY,Cessna (Textron),Citation Mustang,Small,Pratt & Whitney Canada,PW615F,2
399224,F-HERE,Cessna (Textron),Citation Mustang,Small,Pratt & Whitney Canada,PW615F,2
add675,N991BB,Cessna (Textron),Citation Mustang,Small,Pratt & Whitney Canada,PW615F,2
ab5671,N83EM,Cessna (Textron),Citation Mustang,Small,Pratt & Whitney Canada,PW615F,2
e48430,PP-PRV,Cessna (Textron),Citation Mustang,Small,Pratt & Whitney Canada,PW615F,2
a23f12,N244CE,Cessna (Textron),Citation Mustang,Small,Pratt & Whitney Canada,PW615F,2
a0716e,N128AD,Cessna (Textron),Citation Mustang,Small,Pratt & Whitney Canada,PW615F,2
a66242,N510JL,Cessna (Textron),Citation Mustang,Small,Pratt & Whitney Canada,PW615F,2
e48258,PT-FLC,Cessna (Textron),Citation Mustang,Small,Pratt & Whitney Canada,PW615F,2
34340a,EC-LDK,Cessna (Textron),Citation Mustang,Small,Pratt & Whitney Canada,PW615F,2
0d8280,YV3148,Cessna (Textron),Citation Mustang,Small,Pratt & Whitney Canada,PW615F,2
39c8e0,F-HSHA,Cessna (Textron),Citation Mustang,Small,Pratt & Whitney Canada,PW615F,2
406e0c,G-FBKG,Cessna (Textron),Citation Mustang,Small,Pratt & Whitney Canada,PW615F,2
3e5a90,D-IZMM,Cessna (Textron),Citation Mustang,Small,Pratt & Whitney Canada,PW615F,2
39a04c,F-HICM,Cessna (Textron),Citation Mustang,Small,Pratt & Whitney Canada,PW615F,2
a78ff0,N587AG,Cessna (Textron),Citation Mustang,Small,Pratt & Whitney Canada,PW615F,2
a341e6,N309MT,Cessna (Textron),Citation Mustang,Small,Pratt & Whitney Canada,PW615F,2
aae272,N800FZ,Cessna (Textron),Citation Mustang,Small,Pratt & Whitney Canada,PW615F,2
a6619a,N510BT,Cessna (Textron),Citation Mustang,Small,Pratt & Whitney Canada,PW615F,2
e48306,PR-FAC,Cessna (Textron),Citation Mustang,Small,Pratt & Whitney Canada,PW615F,2
3434c9,EC-LCX,Cessna (Textron),Citation Mustang,Small,Pratt & Whitney Canada,PW615F,2
ade549,N995AU,Cessna (Textron),Citation Mustang,Small,Pratt & Whitney Canada,PW615F,2
a6890c,N520BE,Cessna (Textron),Citation Mustang,Small,Pratt & Whitney Canada,PW615F,2
440590,OE-FZB,Cessna (Textron),Citation Mustang,Small,Pratt & Whitney Canada,PW615F,2
e48c34,PP-WEB,Cessna (Textron),Citation Mustang,Small,Pratt & Whitney Canada,PW615F,2
0d0417,XA-VMX,Cessna (Textron),Citation Mustang,Small,Pratt & Whitney Canada,PW615F,2
43eb6d,2-MUST,Cessna (Textron),Citation Mustang,Small,Pratt & Whitney Canada,PW615F,2
e4811c,PP-NNN,Cessna (Textron),Citation Mustang,Small,Pratt & Whitney Canada,PW615F,2
e48a50,PP-PFD,Cessna (Textron),Citation Mustang,Small,Pratt & Whitney Canada,PW615F,2
a23de4,N24329,Cessna (Textron),Citation Mustang,Small,Pratt & Whitney Canada,PW615F,2
aa17be,N75AP,Cessna (Textron),Citation Mustang,Small,Pratt & Whitney Canada,PW615F,2
398249,F-HASJ,Cessna (Textron),Citation Mustang,Small,Pratt & Whitney Canada,PW615F,2
48a4e9,SP-KHK,Cessna (Textron),Citation Mustang,Small,Pratt & Whitney Canada,PW615F,2
440593,OE-FZE,Cessna (Textron),Citation Mustang,Small,Pratt & Whitney Canada,PW615F,2
ab0110,N808RD,Cessna (Textron),Citation Mustang,Small,Pratt & Whitney Canada,PW615F,2
e481e7,PR-RDM,Cessna (Textron),Citation Mustang,Small,Pratt & Whitney Canada,PW615F,2
300674,I-SKYT,Cessna (Textron),Citation Mustang,Small,Pratt & Whitney Canada,PW615F,2
39a5e7,F-HJPH,Cessna (Textron),Citation Mustang,Small,Pratt & Whitney Canada,PW615F,2
acca25,N923JP,Cessna (Textron),Citation Mustang,Small,Pratt & Whitney Canada,PW615F,2
aade55,N8MY,Cessna (Textron),Citation Mustang,Small,Pratt & Whitney Canada,PW615F,2
e48bbe,PP-LDW,Cessna (Textron),Citation Mustang,Small,Pratt & Whitney Canada,PW615F,2
e4819d,PR-XSX,Cessna (Textron),Citation Mustang,Small,Pratt & Whitney Canada,PW615F,2
3e3320,D-IKOE,Cessna (Textron),Citation Mustang,Small,Pratt & Whitney Canada,PW615F,2
a7fb01,N613ML,Cessna (Textron),Citation Mustang,Small,Pratt & Whitney Canada,PW615F,2
758253,RP-C718,Cessna (Textron),Citation Mustang,Small,Pratt & Whitney Canada,PW615F,2
3e24f5,D-IFER,Cessna (Textron),Citation Mustang,Small,Pratt & Whitney Canada,PW615F,2
a6e7e1,N544MF,Cessna (Textron),Citation Mustang,Small,Pratt & Whitney Canada,PW615F,2
0d81a9,YV2864,Cessna (Textron),Citation Mustang,Small,Pratt & Whitney Canada,PW615F,2
e80819,CC-ANR,Cessna (Textron),Citation Mustang,Small,Pratt & Whitney Canada,PW615F,2
ac0cac,N876AM,Cessna (Textron),Citation Mustang,Small,Pratt & Whitney Canada,PW615F,2
3e2fd0,D-IJHO,Cessna (Textron),Citation Mustang,Small,Pratt & Whitney Canada,PW615F,2
a7f39d,N611MW,Cessna (Textron),Citation Mustang,Small,Pratt & Whitney Canada,PW615F,2
4061e6,G-XAVB,Cessna (Textron),Citation Mustang,Small,Pratt & Whitney Canada,PW615F,2
adf62d,N999XP,Cessna (Textron),Citation Mustang,Small,Pratt & Whitney Canada,PW615F,2
343643,EC-LJC,Cessna (Textron),Citation Mustang,Small,Pratt & Whitney Canada,PW615F,2
008096,ZS-AFD,Cessna (Textron),Citation Mustang,Small,Pratt & Whitney Canada,PW615F,2
a66179,N510AK,Cessna (Textron),Citation Mustang,Small,Pratt & Whitney Canada,PW615F,2
a6626f,N510LF,Cessna (Textron),Citation Mustang,Small,Pratt & Whitney Canada,PW615F,2
0d067f,XA-EGL,Cessna (Textron),Citation Mustang,Small,Pratt & Whitney Canada,PW615F,2
4403ec,OE-FCB,Cessna (Textron),Citation Mustang,Small,Pratt & Whitney Canada,PW615F,2
3e1cd3,D-ICCP,Cessna (Textron),Citation Mustang,Small,Pratt & Whitney Canada,PW615F,2
00a1db,ZS-MUS,Cessna (Textron),Citation Mustang,Small,Pratt & Whitney Canada,PW615F,2
5000a2,T7-DFZ,Cessna (Textron),Citation Mustang,Small,Pratt & Whitney Canada,PW615F,2
3980e0,F-HAHA,Cessna (Textron),Citation Mustang,Small,Pratt & Whitney Canada,PW615F,2
7c5d78,VH-SQY,Cessna (Textron),Citation Mustang,Small,Pratt & Whitney Canada,PW615F,2
a88782,N649JR,Cessna (Textron),Citation Mustang,Small,Pratt & Whitney Canada,PW615F,2
394493,F-GRET,Cessna (Textron),Citation Mustang,Small,Pratt & Whitney Canada,PW615F,2
407207,G-FBKH,Cessna (Textron),Citation Mustang,Small,Pratt & Whitney Canada,PW615F,2
398ded,F-HDPN,Cessna (Textron),Citation Mustang,Small,Pratt & Whitney Canada,PW615F,2
3e4641,D-IRUN,Cessna (Textron),Citation Mustang,Small,Pratt & Whitney Canada,PW615F,2
e48288,PT-TOP,Cessna (Textron),Citation Mustang,Small,Pratt & Whitney Canada,PW615F,2
a82a8f,N625TX,Cessna (Textron),Citation Mustang,Small,Pratt & Whitney Canada,PW615F,2
3e4939,D-ISXT,Cessna (Textron),Citation Mustang,Small,Pratt & Whitney Canada,PW615F,2
e485a2,PR-HOT,Cessna (Textron),Citation Mustang,Small,Pratt & Whitney Canada,PW615F,2
4a5251,YR-TRQ,Cessna (Textron),Citation Mustang,Small,Pratt & Whitney Canada,PW615F,2
c81cfd,ZK-LCA,Cessna (Textron),Citation Mustang,Small,Pratt & Whitney Canada,PW615F,2
398df8,F-HDPY,Cessna (Textron),Citation Mustang,Small,Pratt & Whitney Canada,PW615F,2
a05213,N12HL,Cessna (Textron),Citation Mustang,Small,Pratt & Whitney Canada,PW615F,2
aaa6d6,N786AF,Cessna (Textron),Citation Mustang,Small,Pratt & Whitney Canada,PW615F,2
aa878c,N778JE,Cessna (Textron),Citation Mustang,Small,Pratt & Whitney Canada,PW615F,2
49d0b0,OK-AML,Cessna (Textron),Citation Mustang,Small,Pratt & Whitney Canada,PW615F,2
a36c80,N32FM,Cessna (Textron),Citation Mustang,Small,Pratt & Whitney Canada,PW615F,2
aaea17,N802JD,Cessna (Textron),Citation Mustang,Small,Pratt & Whitney Canada,PW615F,2
49d313,OK-KUK,Cessna (Textron),Citation Mustang,Small,Pratt & Whitney Canada,PW615F,2
440591,OE-FZC,Cessna (Textron),Citation Mustang,Small,Pratt & Whitney Canada,PW615F,2
e481f8,PR-VDL,Cessna (Textron),Citation Mustang,Small,Pratt & Whitney Canada,PW615F,2
405ea2,G-KLNW,Cessna (Textron),Citation Mustang,Small,Pratt & Whitney Canada,PW615F,2
44c24d,OO-PRM,Cessna (Textron),Citation Mustang,Small,Pratt & Whitney Canada,PW615F,2
398511,F-HBIR,Cessna (Textron),Citation Mustang,Small,Pratt & Whitney Canada,PW615F,2
405942,G-LEAC,Cessna (Textron),Citation Mustang,Small,Pratt & Whitney Canada,PW615F,2
a15f0b,N188GS,Cessna (Textron),Citation Mustang,Small,Pratt & Whitney Canada,PW615F,2
a6619d,N510BW,Cessna (Textron),Citation Mustang,Small,Pratt & Whitney Canada,PW615F,2
a661c2,N510DH,Cessna (Textron),Citation Mustang,Small,Pratt & Whitney Canada,PW615F,2
3e2316,D-IEMG,Cessna (Textron),Citation Mustang,Small,Pratt & Whitney Canada,PW615F,2
4409aa,OE-FAT,Cessna (Textron),Citation Mustang,Small,Pratt & Whitney Canada,PW615F,2
e48289,PP-EVG,Cessna (Textron),Citation Mustang,Small,Pratt & Whitney Canada,PW615F,2
acf83f,N935AC,Cessna (Textron),Citation Mustang,Small,Pratt & Whitney Canada,PW615F,2
43e816,M-COOL,Cessna (Textron),Citation Mustang,Small,Pratt & Whitney Canada,PW615F,2
0098af,ZS-JIK,Cessna (Textron),Citation Mustang,Small,Pratt & Whitney Canada,PW615F,2
407218,G-FBKJ,Cessna (Textron),Citation Mustang,Small,Pratt & Whitney Canada,PW615F,2
406bcd,G-FFFC,Cessna (Textron),Citation Mustang,Small,Pratt & Whitney Canada,PW615F,2
4409a9,OE-FIT,Cessna (Textron),Citation Mustang,Small,Pratt & Whitney Canada,PW615F,2
440866,OE-FDT,Cessna (Textron),Citation Mustang,Small,Pratt & Whitney Canada,PW615F,2
c82298,ZK-YDZ,Cessna (Textron),Citation Mustang,Small,Pratt & Whitney Canada,PW615F,2
846165,JA123F,Cessna (Textron),Citation Mustang,Small,Pratt & Whitney Canada,PW615F,2
a463de,N382MU,Cessna (Textron),Citation Mustang,Small,Pratt & Whitney Canada,PW615F,2
a1777b,N194ER,Cessna (Textron),Citation Mustang,Small,Pratt & Whitney Canada,PW615F,2
3e4d7a,D-IUNQ,Cessna (Textron),Citation Mustang,Small,Pratt & Whitney Canada,PW615F,2
3004b8,I-TAOS,Cessna (Textron),Citation Sovereign,Large,Pratt & Whitney Canada,PW306C,2
4853b3,PH-JTJ,Cessna (Textron),Citation Sovereign,Large,Pratt & Whitney Canada,PW306C,2
a81a37,N621CS,Cessna (Textron),Citation Sovereign,Large,Pratt & Whitney Canada,PW306C,2
4bc8a4,TC-RED,Cessna (Textron),Citation Sovereign,Large,Pratt & Whitney Canada,PW306C,2
a09909,N138BG,Cessna (Textron),Citation Sovereign,Large,Pratt & Whitney Canada,PW306C,2
a50f86,N425PQ,Cessna (Textron),Citation Sovereign,Large,Pratt & Whitney Canada,PW306C,2
3ce91a,D-CPOS,Cessna (Textron),Citation Sovereign,Large,Pratt & Whitney Canada,PW306C,2
a6e349,N543CF,Cessna (Textron),Citation Sovereign,Large,Pratt & Whitney Canada,PW306C,2
44049d,OE-GEM,Cessna (Textron),Citation Sovereign,Large,Pratt & Whitney Canada,PW306C,2
4850d9,PH-CTR,Cessna (Textron),Citation Sovereign,Large,Pratt & Whitney Canada,PW306C,2
a99099,N715WE,Cessna (Textron),Citation Sovereign,Large,Pratt & Whitney Canada,PW306C,2
a304f8,N294GM,Cessna (Textron),Citation Sovereign,Large,Pratt & Whitney Canada,PW306C,2
a58a02,N456SM,Cessna (Textron),Citation Sovereign,Large,Pratt & Whitney Canada,PW306C,2
add0b4,N99EF,Cessna (Textron),Citation Sovereign,Large,Pratt & Whitney Canada,PW306C,2
e8094f,CC-ALZ,Cessna (Textron),Citation Sovereign,Large,Pratt & Whitney Canada,PW306C,2
4784e2,LN-SOV,Cessna (Textron),Citation Sovereign,Large,Pratt & Whitney Canada,PW306C,2
0d07b8,XA-XDC,Cessna (Textron),Citation Sovereign,Large,Pratt & Whitney Canada,PW306C,2
3cc23d,D-CAWB,Cessna (Textron),Citation Sovereign,Large,Pratt & Whitney Canada,PW306C,2
3cc2bc,D-CBAY,Cessna (Textron),Citation Sovereign,Large,Pratt & Whitney Canada,PW306C,2
0100fe,SU-SMD,Cessna (Textron),Citation Sovereign,Large,Pratt & Whitney Canada,PW306C,2
a1ce1a,N215WS,Cessna (Textron),Citation Sovereign,Large,Pratt & Whitney Canada,PW306C,2
0d088b,3930,Cessna (Textron),Citation Sovereign,Large,Pratt & Whitney Canada,PW306C,2
e490a5,PP-JMT,Cessna (Textron),Citation Sovereign,Large,Pratt & Whitney Canada,PW306C,2
010148,SU-BRG,Cessna (Textron),Citation Sovereign,Large,Pratt & Whitney Canada,PW306C,2
e48418,PR-BBP,Cessna (Textron),Citation Sovereign,Large,Pratt & Whitney Canada,PW306C,2
a921be,N688JG,Cessna (Textron),Citation Sovereign,Large,Pratt & Whitney Canada,PW306C,2
04c176,5Y-PAA,Cessna (Textron),Citation Sovereign,Large,Pratt & Whitney Canada,PW306C,2
4ba474,TC-ICT,Cessna (Textron),Citation Sovereign,Large,Pratt & Whitney Canada,PW306C,2
0d0551,XA-GAN,Cessna (Textron),Citation Sovereign,Large,Pratt & Whitney Canada,PW306C,2
06414c,5N-EMS,Cessna (Textron),Citation Sovereign,Large,Pratt & Whitney Canada,PW306C,2
a90af2,N682DB,Cessna (Textron),Citation Sovereign,Large,Pratt & Whitney Canada,PW306C,2
a7ecb6,N61DF,Cessna (Textron),Citation Sovereign,Large,Pratt & Whitney Canada,PW306C,2
a41529,N362QS,Cessna (Textron),Citation Sovereign,Large,Pratt & Whitney Canada,PW306C,2
a05806,N121GG,Cessna (Textron),Citation Sovereign,Large,Pratt & Whitney Canada,PW306C,2
3cd2cc,D-CHDC,Cessna (Textron),Citation Sovereign,Large,Pratt & Whitney Canada,PW306C,2
a6321f,N499GB,Cessna (Textron),Citation Sovereign,Large,Pratt & Whitney Canada,PW306C,2
7c7f2a,VH-ZEK,Cessna (Textron),Citation Sovereign,Large,Pratt & Whitney Canada,PW306C,2
a904db,N680SV,Cessna (Textron),Citation Sovereign,Large,Pratt & Whitney Canada,PW306C,2
e03251,LV-CIQ,Cessna (Textron),Citation Sovereign,Large,Pratt & Whitney Canada,PW306C,2
0d0830,XA-GME,Cessna (Textron),Citation Sovereign,Large,Pratt & Whitney Canada,PW306C,2
45dcb4,OY-WET,Cessna (Textron),Citation Sovereign,Large,Pratt & Whitney Canada,PW306C,2
a389f5,N327SV,Cessna (Textron),Citation Sovereign,Large,Pratt & Whitney Canada,PW306C,2
3cc0d3,D-CAID,Cessna (Textron),Citation Sovereign,Large,Pratt & Whitney Canada,PW306C,2
a46b95,N384QS,Cessna (Textron),Citation Sovereign,Large,Pratt & Whitney Canada,PW306C,2
4bbf24,TC-OYD,Cessna (Textron),Citation Sovereign,Large,Pratt & Whitney Canada,PW306C,2
8638d8,JA68CE,Cessna (Textron),Citation Sovereign,Large,Pratt & Whitney Canada,PW306C,2
e4835d,PR-SMK,Cessna (Textron),Citation Sovereign,Large,Pratt & Whitney Canada,PW306C,2
ad33e7,N95SJ,Cessna (Textron),Citation Sovereign,Large,Pratt & Whitney Canada,PW306C,2
0d0925,XA-CRS,Cessna (Textron),Citation Sovereign,Large,Pratt & Whitney Canada,PW306C,2
0d057c,XA-CDF,Cessna (Textron),Citation Sovereign,Large,Pratt & Whitney Canada,PW306C,2
3cc1c8,D-CARO,Cessna (Textron),Citation Sovereign,Large,Pratt & Whitney Canada,PW306C,2
e08194,LV-HFT,Cessna (Textron),Citation Sovereign,Large,Pratt & Whitney Canada,PW306C,2
a91000,N683SV,Cessna (Textron),Citation Sovereign,Large,Pratt & Whitney Canada,PW306C,2
a98414,N712GC,Cessna (Textron),Citation Sovereign,Large,Pratt & Whitney Canada,PW306C,2
e8065e,E-304,Cessna (Textron),Citation Sovereign,Large,Pratt & Whitney Canada,PW306C,2
e8085b,CC-AQY,Cessna (Textron),Citation Sovereign,Large,Pratt & Whitney Canada,PW306C,2
a0e1f8,N156RH,Cessna (Textron),Citation Sovereign,Large,Pratt & Whitney Canada,PW306C,2
e48a65,PP-ACV,Cessna (Textron),Citation Sovereign,Large,Pratt & Whitney Canada,PW306C,2
3cd2e6,D-CHEC,Cessna (Textron),Citation Sovereign,Large,Pratt & Whitney Canada,PW306C,2
a4a5a7,N399QS,Cessna (Textron),Citation Sovereign,Large,Pratt & Whitney Canada,PW306C,2
a05258,N12LE,Cessna (Textron),Citation Sovereign,Large,Pratt & Whitney Canada,PW306C,2
a1b85c,N21NG,Cessna (Textron),Citation Sovereign,Large,Pratt & Whitney Canada,PW306C,2
0100f5,SU-SMC,Cessna (Textron),Citation Sovereign,Large,Pratt & Whitney Canada,PW306C,2
a4b5a5,N402SF,Cessna (Textron),Citation Sovereign,Large,Pratt & Whitney Canada,PW306C,2
4850da,PH-RLG,Cessna (Textron),Citation Sovereign,Large,Pratt & Whitney Canada,PW306C,2
a7f3aa,N611NJ,Cessna (Textron),Citation Sovereign,Large,Pratt & Whitney Canada,PW306C,2
a97d31,N710MS,Cessna (Textron),Citation Sovereign,Large,Pratt & Whitney Canada,PW306C,2
3ccb72,D-CEIS,Cessna (Textron),Citation Sovereign,Large,Pratt & Whitney Canada,PW306C,2
0d00b4,XA-FUD,Cessna (Textron),Citation Sovereign,Large,Pratt & Whitney Canada,PW306C,2
a90340,N680AJ,Cessna (Textron),Citation Sovereign,Large,Pratt & Whitney Canada,PW306C,2
e48419,PR-AGP,Cessna (Textron),Citation Sovereign,Large,Pratt & Whitney Canada,PW306C,2
a32e31,N304AC,Cessna (Textron),Citation Sovereign,Large,Pratt & Whitney Canada,PW306C,2
a347df,N310LV,Cessna (Textron),Citation Sovereign,Large,Pratt & Whitney Canada,PW306C,2
e481ed,PR-BNP,Cessna (Textron),Citation Sovereign,Large,Pratt & Whitney Canada,PW306C,2
a56270,N446RT,Cessna (Textron),Citation Sovereign,Large,Pratt & Whitney Canada,PW306C,2
0d0088,XA-RTS,Cessna (Textron),Citation Sovereign,Large,Pratt & Whitney Canada,PW306C,2
abecff,N868EM,Cessna (Textron),Citation Sovereign,Large,Pratt & Whitney Canada,PW306C,2
abd073,N860SM,Cessna (Textron),Citation Sovereign,Large,Pratt & Whitney Canada,PW306C,2
440135,OE-GMM,Cessna (Textron),Citation Sovereign,Large,Pratt & Whitney Canada,PW306C,2
840fa4,JA04AA,Cessna (Textron),Citation Sovereign,Large,Pratt & Whitney Canada,PW306C,2
4bba81,TC-NTA,Cessna (Textron),Citation Sovereign,Large,Pratt & Whitney Canada,PW306C,2
a3c17a,N341ES,Cessna (Textron),Citation Sovereign,Large,Pratt & Whitney Canada,PW306C,2
e48145,PR-HLW,Cessna (Textron),Citation Sovereign,Large,Pratt & Whitney Canada,PW306C,2
a26e16,N256DC,Cessna (Textron),Citation Sovereign,Large,Pratt & Whitney Canada,PW306C,2
a81ef3,N622PC,Cessna (Textron),Citation Sovereign,Large,Pratt & Whitney Canada,PW306C,2
0d07a2,XA-FLM,Cessna (Textron),Citation Sovereign,Large,Pratt & Whitney Canada,PW306C,2
aabc92,N791JP,Cessna (Textron),Citation Sovereign,Large,Pratt & Whitney Canada,PW306C,2
7809ed,B-9630,Cessna (Textron),Citation Sovereign,Large,Pratt & Whitney Canada,PW306C,2
e03191,LV-CFQ,Cessna (Textron),Citation Sovereign,Large,Pratt & Whitney Canada,PW306C,2
86375c,JA680C,Cessna (Textron),Citation Sovereign,Large,Pratt & Whitney Canada,PW306C,2
adf0f1,N998G,Cessna (Textron),Citation Sovereign,Large,Pratt & Whitney Canada,PW306C,2
ab0768,N81EA,Cessna (Textron),Citation Sovereign,Large,Pratt & Whitney Canada,PW306C,2
44ad2e,OO-KIN,Cessna (Textron),Citation Sovereign,Large,Pratt & Whitney Canada,PW306C,2
a904cc,N680SE,Cessna (Textron),Citation Sovereign,Large,Pratt & Whitney Canada,PW306C,2
a76c23,N578AB,Cessna (Textron),Citation Sovereign,Large,Pratt & Whitney Canada,PW306C,2
e49124,PP-LBM,Cessna (Textron),Citation Sovereign,Large,Pratt & Whitney Canada,PW306C,2
43e7e4,M-SVGN,Cessna (Textron),Citation Sovereign,Large,Pratt & Whitney Canada,PW306C,2
c05c71,C-GJAE,Cessna (Textron),Citation Sovereign,Large,Pratt & Whitney Canada,PW306C,2
0c4146,HI985,Cessna (Textron),Citation Sovereign,Large,Pratt & Whitney Canada,PW306C,2
a3b53c,N338TM,Cessna (Textron),Citation Sovereign,Large,Pratt & Whitney Canada,PW306C,2
a32478,N301QS,Cessna (Textron),Citation Sovereign,Large,Pratt & Whitney Canada,PW306C,2
acf261,N933SC,Cessna (Textron),Citation Sovereign,Large,Pratt & Whitney Canada,PW306C,2
a3e63c,N350QS,Cessna (Textron),Citation Sovereign,Large,Pratt & Whitney Canada,PW306C,2
a19734,N201RC,Cessna (Textron),Citation Sovereign,Large,Pratt & Whitney Canada,PW306C,2
a6d5f0,N54DT,Cessna (Textron),Citation Sovereign,Large,Pratt & Whitney Canada,PW306C,2
c04559,C-GAGU,Cessna (Textron),Citation Sovereign,Large,Pratt & Whitney Canada,PW306C,2
4ac8c8,SE-RFH,Cessna (Textron),Citation Sovereign,Large,Pratt & Whitney Canada,PW306C,2
49d04f,OK-UNI,Cessna (Textron),Citation Sovereign,Large,Pratt & Whitney Canada,PW306C,2
00811b,ZS-AKG,Cessna (Textron),Citation Sovereign,Large,Pratt & Whitney Canada,PW306C,2
ada17b,N978BE,Cessna (Textron),Citation Sovereign,Large,Pratt & Whitney Canada,PW306C,2
e4885e,PR-BCO,Cessna (Textron),Citation Sovereign,Large,Pratt & Whitney Canada,PW306C,2
49d02d,OK-EMA,Cessna (Textron),Citation Sovereign,Large,Pratt & Whitney Canada,PW306C,2
a034c8,N112MV,Cessna (Textron),Citation Sovereign,Large,Pratt & Whitney Canada,PW306C,2
a283e1,N261NA,Cessna (Textron),Citation Sovereign,Large,Pratt & Whitney Canada,PW306C,2
3cc253,D-CAWX,Cessna (Textron),Citation Sovereign,Large,Pratt & Whitney Canada,PW306C,2
0200e7,CN-TLA,Cessna (Textron),Citation Sovereign,Large,Pratt & Whitney Canada,PW306C,2
3cd439,D-CHRD,Cessna (Textron),Citation Sovereign,Large,Pratt & Whitney Canada,PW306C,2
00afa8,ZS-SAP,Cessna (Textron),Citation Sovereign,Large,Pratt & Whitney Canada,PW306C,2
a4876b,N391KK,Cessna (Textron),Citation Sovereign,Large,Pratt & Whitney Canada,PW306C,2
4061b5,G-CPRR,Cessna (Textron),Citation Sovereign,Large,Pratt & Whitney Canada,PW306C,2
0d07aa,XA-CAR,Cessna (Textron),Citation Sovereign,Large,Pratt & Whitney Canada,PW306C,2
0100ff,SU-SME,Cessna (Textron),Citation Sovereign,Large,Pratt & Whitney Canada,PW306C,2
a1173d,N17EE,Cessna (Textron),Citation Sovereign,Large,Pratt & Whitney Canada,PW306C,2
4855a3,PH-CJM,Cessna (Textron),Citation Sovereign,Large,Pratt & Whitney Canada,PW306C,2
0d097b,XA-GIM,Cessna (Textron),Citation Sovereign,Large,Pratt & Whitney Canada,PW306C,2
863766,JA680N,Cessna (Textron),Citation Sovereign,Large,Pratt & Whitney Canada,PW306C,2
4d0245,LX-GSP,Cessna (Textron),Citation Sovereign,Large,Pratt & Whitney Canada,PW306C,2
a24baa,N247TA,Cessna (Textron),Citation Sovereign,Large,Pratt & Whitney Canada,PW306C,2
a13be8,N179PG,Cessna (Textron),Citation Sovereign,Large,Pratt & Whitney Canada,PW306C,2
7806b1,B-9300,Cessna (Textron),Citation Sovereign,Large,Pratt & Whitney Canada,PW306C,2
a55284,N442EW,Cessna (Textron),Citation Sovereign,Large,Pratt & Whitney Canada,PW306C,2
ac83c4,N905WS,Cessna (Textron),Citation Sovereign,Large,Pratt & Whitney Canada,PW306C,2
aab2a4,N789H,Cessna (Textron),Citation Sovereign,Large,Pratt & Whitney Canada,PW306C,2
a81f6a,N622TX,Cessna (Textron),Citation Sovereign,Large,Pratt & Whitney Canada,PW306C,2
e48130,PP-BST,Cessna (Textron),Citation Sovereign,Large,Pratt & Whitney Canada,PW306C,2
a28798,N262NA,Cessna (Textron),Citation Sovereign,Large,Pratt & Whitney Canada,PW306C,2
3ce005,D-CMDH,Cessna (Textron),Citation Sovereign,Large,Pratt & Whitney Canada,PW306C,2
e48812,PR-FOR,Cessna (Textron),Citation Sovereign,Large,Pratt & Whitney Canada,PW306C,2
a903af,N680EV,Cessna (Textron),Citation Sovereign,Large,Pratt & Whitney Canada,PW306C,2
ab5ca8,N831GA,Cessna (Textron),Citation Sovereign,Large,Pratt & Whitney Canada,PW306C,2
e49048,PP-SGM,Cessna (Textron),Citation Sovereign,Large,Pratt & Whitney Canada,PW306C,2
a4b1a4,N401PG,Cessna (Textron),Citation Sovereign,Large,Pratt & Whitney Canada,PW306C,2
adecd6,N997C,Cessna (Textron),Citation Sovereign,Large,Pratt & Whitney Canada,PW306C,2
add352,N990H,Cessna (Textron),Citation Sovereign,Large,Pratt & Whitney Canada,PW306C,2
49d2aa,OK-UGJ,Cessna (Textron),Citation Sovereign,Large,Pratt & Whitney Canada,PW306C,2
345242,EC-MLV,Cessna (Textron),Citation Sovereign,Large,Pratt & Whitney Canada,PW306C,2
e48cd6,PP-SVG,Cessna (Textron),Citation Sovereign,Large,Pratt & Whitney Canada,PW306C,2
0100cf,SU-EWD,Cessna (Textron),Citation Sovereign,Large,Pratt & Whitney Canada,PW306C,2
aa2652,N753MS,Cessna (Textron),Citation Sovereign,Large,Pratt & Whitney Canada,PW306C,2
405b75,G-CFGB,Cessna (Textron),Citation Sovereign,Large,Pratt & Whitney Canada,PW306C,2
7806b3,B-9329,Cessna (Textron),Citation Sovereign,Large,Pratt & Whitney Canada,PW306C,2
47848e,LN-SSS,Cessna (Textron),Citation Sovereign,Large,Pratt & Whitney Canada,PW306C,2
00b1ad,ZS-SUM,Cessna (Textron),Citation Sovereign,Large,Pratt & Whitney Canada,PW306C,2
0d043a,XA-UJP,Cessna (Textron),Citation Sovereign,Large,Pratt & Whitney Canada,PW306C,2
44cf18,OO-SXX,Cessna (Textron),Citation Sovereign,Large,Pratt & Whitney Canada,PW306C,2
4bd16e,TC-TKN,Cessna (Textron),Citation Sovereign,Large,Pratt & Whitney Canada,PW306C,2
3cc24e,D-CAWS,Cessna (Textron),Citation Sovereign,Large,Pratt & Whitney Canada,PW306C,2
7c4f5d,VH-PYN,Cessna (Textron),Citation Sovereign,Large,Pratt & Whitney Canada,PW306C,2
a3d507,N346QS,Cessna (Textron),Citation Sovereign,Large,Pratt & Whitney Canada,PW306C,2
a35762,N314TM,Cessna (Textron),Citation Sovereign,Large,Pratt & Whitney Canada,PW306C,2
a01c9c,N106SP,Cessna (Textron),Citation Sovereign,Large,Pratt & Whitney Canada,PW306C,2
3cd43a,D-CHRE,Cessna (Textron),Citation Sovereign,Large,Pratt & Whitney Canada,PW306C,2
4850ed,PH-HGT,Cessna (Textron),Citation Sovereign,Large,Pratt & Whitney Canada,PW306C,2
010137,SU-BRF,Cessna (Textron),Citation Sovereign,Large,Pratt & Whitney Canada,PW306C,2
a24d70,N2478,Cessna (Textron),Citation Sovereign,Large,Pratt & Whitney Canada,PW306C,2
7806b2,B-9301,Cessna (Textron),Citation Sovereign,Large,Pratt & Whitney Canada,PW306C,2
4b8690,TC-ATP,Cessna (Textron),Citation Sovereign,Large,Pratt & Whitney Canada,PW306C,2
a20038,N228RH,Cessna (Textron),Citation Sovereign,Large,Pratt & Whitney Canada,PW306C,2
a3e02c,N349QS,Cessna (Textron),Citation Sovereign,Large,Pratt & Whitney Canada,PW306C,2
e4838b,PP-AAD,Cessna (Textron),Citation Sovereign,Large,Pratt & Whitney Canada,PW306C,2
4c498a,YU-SMK,Cessna (Textron),Citation X,Large,Rolls-Royce,AE 3007,2
ac7338,N901DK,Cessna (Textron),Citation X,Large,Rolls-Royce,AE 3007,2
3ccacb,D-CECH,Cessna (Textron),Citation X,Large,Rolls-Royce,AE 3007,2
448ca8,OO-CEH,Cessna (Textron),Citation X,Large,Rolls-Royce,AE 3007,2
3c86c7,D-BAVG,Cessna (Textron),Citation X,Large,Rolls-Royce,AE 3007,2
440675,OE-GDA,Cessna (Textron),Citation X,Large,Rolls-Royce,AE 3007,2
a8ee8e,N675CS,Cessna (Textron),Citation X,Large,Rolls-Royce,AE 3007,2
4403ff,OE-GWV,Cessna (Textron),Citation X,Large,Rolls-Royce,AE 3007,2
a6d615,N54FE,Cessna (Textron),Citation X,Large,Rolls-Royce,AE 3007,2
ada94f,N98FG,Cessna (Textron),Citation X,Large,Rolls-Royce,AE 3007,2
484615,PH-ANO,Cessna (Textron),Citation X,Large,Rolls-Royce,AE 3007,2
adee45,N997SS,Cessna (Textron),Citation X,Large,Rolls-Royce,AE 3007,2
0d074a,XA-GMG,Cessna (Textron),Citation X,Large,Rolls-Royce,AE 3007,2
3cc250,D-CAWU,Cessna (Textron),Citation X,Large,Rolls-Royce,AE 3007,2
e48d19,PR-OFF,Cessna (Textron),Citation X,Large,Rolls-Royce,AE 3007,2
e4857b,PP-ADD,Cessna (Textron),Citation X,Large,Rolls-Royce,AE 3007,2
aafbe2,N807AD,Cessna (Textron),Citation X,Large,Rolls-Royce,AE 3007,2
300214,I-TAKA,Cessna (Textron),Citation X,Large,Rolls-Royce,AE 3007,2
491310,CS-DXP,Cessna (Textron),Citation X,Large,Rolls-Royce,AE 3007,2
3ccafc,D-CEEE,Cessna (Textron),Citation X,Large,Rolls-Royce,AE 3007,2
0d0a43,XA-TVA,Cessna (Textron),Citation X,Large,Rolls-Royce,AE 3007,2
4d0248,LX-EBE,Cessna (Textron),Citation X,Large,Rolls-Royce,AE 3007,2
a86ab1,N641TX,Cessna (Textron),Citation X,Large,Rolls-Royce,AE 3007,2
e48714,PP-JMJ,Cessna (Textron),Citation X,Large,Rolls-Royce,AE 3007,2
a7274a,N560DW,Cessna (Textron),Citation X,Large,Rolls-Royce,AE 3007,2
0a0081,7T-VNC,Cessna (Textron),Citation X,Large,Rolls-Royce,AE 3007,2
aa1ab0,N750GS,Cessna (Textron),Citation X,Large,Rolls-Royce,AE 3007,2
a4c03f,N405LS,Cessna (Textron),Citation X,Large,Rolls-Royce,AE 3007,2
0c4144,HI955,Cessna (Textron),Citation X,Large,Rolls-Royce,AE 3007,2
4b902b,TC-DAK,Cessna (Textron),Citation X,Large,Rolls-Royce,AE 3007,2
a3f8bb,N355PX,Cessna (Textron),Citation X,Large,Rolls-Royce,AE 3007,2
424275,VP-BJR,Cessna (Textron),Citation X,Large,Rolls-Royce,AE 3007,2
44e193,OO-XLS,Cessna (Textron),Citation X,Large,Rolls-Royce,AE 3007,2
440573,OE-GGP,Cessna (Textron),Citation X,Large,Rolls-Royce,AE 3007,2
3cc76d,D-CCVD,Cessna (Textron),Citation X,Large,Rolls-Royce,AE 3007,2
ab7656,N838CT,Cessna (Textron),Citation X,Large,Rolls-Royce,AE 3007,2
49130d,CS-DXM,Cessna (Textron),Citation X,Large,Rolls-Royce,AE 3007,2
ab28da,N818UD,Cessna (Textron),Citation X,Large,Rolls-Royce,AE 3007,2
3cfdec,D-CXLS,Cessna (Textron),Citation X,Large,Rolls-Royce,AE 3007,2
a78a24,N585T,Cessna (Textron),Citation X,Large,Rolls-Royce,AE 3007,2
a03f86,N115HS,Cessna (Textron),Citation X,Large,Rolls-Royce,AE 3007,2
e47ffc,PR-TRJ,Cessna (Textron),Citation X,Large,Rolls-Royce,AE 3007,2
a9e594,N737FL,Cessna (Textron),Citation X,Large,Rolls-Royce,AE 3007,2
a98403,N712FL,Cessna (Textron),Citation X,Large,Rolls-Royce,AE 3007,2
ad04d0,N938QS,Cessna (Textron),Citation X,Large,Rolls-Royce,AE 3007,2
a83813,N629EC,Cessna (Textron),Citation X,Large,Rolls-Royce,AE 3007,2
4ac86d,SE-RCM,Cessna (Textron),Citation X,Large,Rolls-Royce,AE 3007,2
a63247,N499HS,Cessna (Textron),Citation X,Large,Rolls-Royce,AE 3007,2
0d04a1,XA-UKQ,Cessna (Textron),Citation X,Large,Rolls-Royce,AE 3007,2
a722c3,N559VP,Cessna (Textron),Citation X,Large,Rolls-Royce,AE 3007,2
a01c97,N106SJ,Cessna (Textron),Citation X,Large,Rolls-Royce,AE 3007,2
3cdb28,D-CKHK,Cessna (Textron),Citation X,Large,Rolls-Royce,AE 3007,2
3ccb52,D-CEHM,Cessna (Textron),Citation X,Large,Rolls-Royce,AE 3007,2
4d0232,LX-MMB,Cessna (Textron),Citation X,Large,Rolls-Royce,AE 3007,2
0d0609,XA-URQ,Cessna (Textron),Citation X,Large,Rolls-Royce,AE 3007,2
8001c7,VT-JSS,Cessna (Textron),Citation X,Large,Rolls-Royce,AE 3007,2
491318,CS-DXX,Cessna (Textron),Citation X,Large,Rolls-Royce,AE 3007,2
44039b,OE-GKE,Cessna (Textron),Citation X,Large,Rolls-Royce,AE 3007,2
09009a,D2-EZR,Cessna (Textron),Citation X,Large,Rolls-Royce,AE 3007,2
4b9027,TC-DAG,Cessna (Textron),Citation X,Large,Rolls-Royce,AE 3007,2
4c4aab,YU-SVL,Cessna (Textron),Citation X,Large,Rolls-Royce,AE 3007,2
469469,SX-ECI,Cessna (Textron),Citation X,Large,Rolls-Royce,AE 3007,2
a76644,N576SA,Cessna (Textron),Citation X,Large,Rolls-Royce,AE 3007,2
0d05e0,XA-LOS,Cessna (Textron),Citation X,Large,Rolls-Royce,AE 3007,2
a01ca0,N106ST,Cessna (Textron),Citation X,Large,Rolls-Royce,AE 3007,2
78034f,B-3667,Cessna (Textron),Citation X,Large,Rolls-Royce,AE 3007,2
3cc248,D-CAWM,Cessna (Textron),Citation X,Large,Rolls-Royce,AE 3007,2
4d2171,9H-ELI,Cessna (Textron),Citation X,Large,Rolls-Royce,AE 3007,2
800b4a,VT-BIR,Cessna (Textron),Citation X,Large,Rolls-Royce,AE 3007,2
491315,CS-DXU,Cessna (Textron),Citation X,Large,Rolls-Royce,AE 3007,2
aa8fc8,N78SL,Cessna (Textron),Citation X,Large,Rolls-Royce,AE 3007,2
ad39cd,N951QS,Cessna (Textron),Citation X,Large,Rolls-Royce,AE 3007,2
e48a10,PP-SFY,Cessna (Textron),Citation X,Large,Rolls-Royce,AE 3007,2
4402c4,OE-HUB,Cessna (Textron),Citation X,Large,Rolls-Royce,AE 3007,2
e489b7,PP-CTU,Cessna (Textron),Citation X,Large,Rolls-Royce,AE 3007,2
ac7bc0,N903QS,Cessna (Textron),Citation X,Large,Rolls-Royce,AE 3007,2
ad73df,N966QS,Cessna (Textron),Citation X,Large,Rolls-Royce,AE 3007,2
484f3f,PH-HRM,Cessna (Textron),Citation X,Large,Rolls-Royce,AE 3007,2
a2e9ac,N287TG,Cessna (Textron),Citation X,Large,Rolls-Royce,AE 3007,2
aca2c9,N913KZ,Cessna (Textron),Citation X,Large,Rolls-Royce,AE 3007,2
ab1982,N814PE,Cessna (Textron),Citation X,Large,Rolls-Royce,AE 3007,2
75828a,RP-C1290,Cessna (Textron),Citation X,Large,Rolls-Royce,AE 3007,2
ac2a7f,N883RP,Cessna (Textron),Citation X,Large,Rolls-Royce,AE 3007,2
4ac904,SE-RHD,Cessna (Textron),Citation X,Large,Rolls-Royce,AE 3007,2
ad2c4f,N948QS,Cessna (Textron),Citation X,Large,Rolls-Royce,AE 3007,2
ad9dac,N977AF,Cessna (Textron),Citation X,Large,Rolls-Royce,AE 3007,2
a9845f,N712KC,Cessna (Textron),Citation X,Large,Rolls-Royce,AE 3007,2
406e72,G-ZENT,Cessna (Textron),Citation X,Large,Rolls-Royce,AE 3007,2
0d05a1,XA-RSA,Cessna (Textron),Citation X,Large,Rolls-Royce,AE 3007,2
49d116,OK-XLS,Cessna (Textron),Citation X,Large,Rolls-Royce,AE 3007,2
440226,OE-GZK,Cessna (Textron),Citation X,Large,Rolls-Royce,AE 3007,2
43e851,M-BEST,Cessna (Textron),Citation X,Large,Rolls-Royce,AE 3007,2
491314,CS-DXT,Cessna (Textron),Citation X,Large,Rolls-Royce,AE 3007,2
a0b692,N145PK,Cessna (Textron),Citation X,Large,Rolls-Royce,AE 3007,2
aa60ff,N768TX,Cessna (Textron),Citation X,Large,Rolls-Royce,AE 3007,2
a0886e,N133XL,Cessna (Textron),Citation X,Large,Rolls-Royce,AE 3007,2
e4914c,PR-VTO,Cessna (Textron),Citation X,Large,Rolls-Royce,AE 3007,2
800522,VT-BSL,Cessna (Textron),Citation X,Large,Rolls-Royce,AE 3007,2
491222,CS-DQB,Cessna (Textron),Citation X,Large,Rolls-Royce,AE 3007,2
300307,I-CMAB,Cessna (Textron),Citation X,Large,Rolls-Royce,AE 3007,2
0200ab,CN-AMK,Cessna (Textron),Citation X,Large,Rolls-Royce,AE 3007,2
aa1c0e,N750WS,Cessna (Textron),Citation X,Large,Rolls-Royce,AE 3007,2
a5e6f5,N48HF,Cessna (Textron),Citation X,Large,Rolls-Royce,AE 3007,2
49130b,CS-DXK,Cessna (Textron),Citation X,Large,Rolls-Royce,AE 3007,2
491311,CS-DXQ,Cessna (Textron),Citation X,Large,Rolls-Royce,AE 3007,2
ad24e1,N946QS,Cessna (Textron),Citation X,Large,Rolls-Royce,AE 3007,2
a60f19,N49PW,Cessna (Textron),Citation X,Large,Rolls-Royce,AE 3007,2
43ea11,M-AKAL,Cessna (Textron),Citation X,Large,Rolls-Royce,AE 3007,2
a992df,N716FL,Cessna (Textron),Citation X,Large,Rolls-Royce,AE 3007,2
491317,CS-DXW,Cessna (Textron),Citation X,Large,Rolls-Royce,AE 3007,2
adf1ca,N998QS,Cessna (Textron),Citation X,Large,Rolls-Royce,AE 3007,2
406f5e,G-LXWD,Cessna (Textron),Citation X,Large,Rolls-Royce,AE 3007,2
ad4c60,N956QS,Cessna (Textron),Citation X,Large,Rolls-Royce,AE 3007,2
406a7b,G-XLTV,Cessna (Textron),Citation X,Large,Rolls-Royce,AE 3007,2
a9a3c1,N720CC,Cessna (Textron),Citation X,Large,Rolls-Royce,AE 3007,2
4bb18c,TC-LLL,Cessna (Textron),Citation X,Large,Rolls-Royce,AE 3007,2
3cf42d,D-CTTT,Cessna (Textron),Citation X,Large,Rolls-Royce,AE 3007,2
880c99,HS-CDY,Cessna (Textron),Citation X,Large,Rolls-Royce,AE 3007,2
4241b2,VP-CSS,Cessna (Textron),Citation X,Large,Rolls-Royce,AE 3007,2
ad0887,N939QS,Cessna (Textron),Citation X,Large,Rolls-Royce,AE 3007,2
ac5d1e,N896RJ,Cessna (Textron),Citation X,Large,Rolls-Royce,AE 3007,2
0d0734,XA-MIL,Cessna (Textron),Citation X,Large,Rolls-Royce,AE 3007,2
49130e,CS-DXN,Cessna (Textron),Citation X,Large,Rolls-Royce,AE 3007,2
406266,G-LEAX,Cessna (Textron),Citation X,Large,Rolls-Royce,AE 3007,2
78034e,B-3666,Cessna (Textron),Citation X,Large,Rolls-Royce,AE 3007,2
3ce8dc,D-CPMI,Cessna (Textron),Citation X,Large,Rolls-Royce,AE 3007,2
a8e7f7,N673MG,Cessna (Textron),Citation X,Large,Rolls-Royce,AE 3007,2
30064f,I-GGEA,Cessna (Textron),Citation X,Large,Rolls-Royce,AE 3007,2
aaccae,N795XJ,Cessna (Textron),Citation X,Large,Rolls-Royce,AE 3007,2
406c8a,G-XSTV,Cessna (Textron),Citation X,Large,Rolls-Royce,AE 3007,2
018032,5A-DRK,Cessna (Textron),Citation X,Large,Rolls-Royce,AE 3007,2
a6d745,N54TJ,Cessna (Textron),Citation X,Large,Rolls-Royce,AE 3007,2
491307,CS-DXG,Cessna (Textron),Citation X,Large,Rolls-Royce,AE 3007,2
a87d04,N646RH,Cessna (Textron),Citation X,Large,Rolls-Royce,AE 3007,2
e47fb9,PR-LFT,Cessna (Textron),Citation X,Large,Rolls-Royce,AE 3007,2
aa1865,N75HF,Cessna (Textron),Citation X,Large,Rolls-Royce,AE 3007,2
40695f,G-GGLA,Cessna (Textron),Citation X,Large,Rolls-Royce,AE 3007,2
395702,F-GVYC,Cessna (Textron),Citation X,Large,Rolls-Royce,AE 3007,2
3ceff1,D-CSEB,Cessna (Textron),Citation X,Large,Rolls-Royce,AE 3007,2
780004,B-7021,Cessna (Textron),Citation X,Large,Rolls-Royce,AE 3007,2
e488f8,PP-LAR,Cessna (Textron),Citation X,Large,Rolls-Royce,AE 3007,2
aa1ac0,N750HH,Cessna (Textron),Citation X,Large,Rolls-Royce,AE 3007,2
0d08f2,XA-LAP,Cessna (Textron),Citation X,Large,Rolls-Royce,AE 3007,2
484351,P4-AND,Cessna (Textron),Citation X,Large,Rolls-Royce,AE 3007,2
e48fa1,PP-BBL,Cessna (Textron),Citation X,Large,Rolls-Royce,AE 3007,2
ad0e97,N940QS,Cessna (Textron),Citation X,Large,Rolls-Royce,AE 3007,2
3ccfd8,D-CGAA,Cessna (Textron),Citation X,Large,Rolls-Royce,AE 3007,2
491319,CS-DXY,Cessna (Textron),Citation X,Large,Rolls-Royce,AE 3007,2
3c94b0,D-BEEP,Cessna (Textron),Citation X,Large,Rolls-Royce,AE 3007,2
e4870f,PT-FPG,Cessna (Textron),Citation X,Large,Rolls-Royce,AE 3007,2
a96cee,N706XJ,Cessna (Textron),Citation X,Large,Rolls-Royce,AE 3007,2
aa2336,N752TX,Cessna (Textron),Citation X,Large,Rolls-Royce,AE 3007,2
50004c,T7-TAN,Cessna (Textron),Citation X,Large,Rolls-Royce,AE 3007,2
44c178,OO-PKX,Cessna (Textron),Citation X,Large,Rolls-Royce,AE 3007,2
a06072,N123SL,Cessna (Textron),Citation X,Large,Rolls-Royce,AE 3007,2
3cc0e1,D-CAIR,Cessna (Textron),Citation X,Large,Rolls-Royce,AE 3007,2
a9cb93,N730FL,Cessna (Textron),Citation X,Large,Rolls-Royce,AE 3007,2
7804f8,B-9330,Cessna (Textron),Citation X,Large,Rolls-Royce,AE 3007,2
a262eb,N253CX,Cessna (Textron),Citation X,Large,Rolls-Royce,AE 3007,2
adf581,N999QS,Cessna (Textron),Citation X,Large,Rolls-Royce,AE 3007,2
3ce51a,D-COBI,Cessna (Textron),Citation X,Large,Rolls-Royce,AE 3007,2
400faa,G-CXLS,Cessna (Textron),Citation X,Large,Rolls-Royce,AE 3007,2
e47f45,PP-MDB,Cessna (Textron),Citation X,Large,Rolls-Royce,AE 3007,2
ada2cc,N978QS,Cessna (Textron),Citation X,Large,Rolls-Royce,AE 3007,2
7803d1,B-3643,Cessna (Textron),Citation X,Large,Rolls-Royce,AE 3007,2
e48f94,PR-TUC,Cessna (Textron),Citation X,Large,Rolls-Royce,AE 3007,2
43e966,M-MOON,Cessna (Textron),Citation X,Large,Rolls-Royce,AE 3007,2
3cf6ec,D-CUUU,Cessna (Textron),Citation X,Large,Rolls-Royce,AE 3007,2
0d0891,XA-KYE,Cessna (Textron),Citation X,Large,Rolls-Royce,AE 3007,2
4bd279,TC-TSY,Cessna (Textron),Citation X,Large,Rolls-Royce,AE 3007,2
a2a698,N270BC,Cessna (Textron),Citation X,Large,Rolls-Royce,AE 3007,2
0d0809,XA-TVG,Cessna (Textron),Citation X,Large,Rolls-Royce,AE 3007,2
a68d30,N521FP,Cessna (Textron),Citation X,Large,Rolls-Royce,AE 3007,2
406982,G-CHUI,Cessna (Textron),Citation X,Large,Rolls-Royce,AE 3007,2
406bfd,G-GXLS,Cessna (Textron),Citation X,Large,Rolls-Royce,AE 3007,2
49130f,CS-DXO,Cessna (Textron),Citation X,Large,Rolls-Royce,AE 3007,2
a8422a,N631HH,Cessna (Textron),Citation X,Large,Rolls-Royce,AE 3007,2
a188f2,N1985H,Cessna (Textron),Citation X,Large,Rolls-Royce,AE 3007,2
4d20ef,9H-VMK,Cessna (Textron),Citation X,Large,Rolls-Royce,AE 3007,2
8004d2,VT-VDD,Cessna (Textron),Citation X,Large,Rolls-Royce,AE 3007,2
4ac9b2,SE-RMR,Cessna (Textron),Citation X,Large,Rolls-Royce,AE 3007,2
a6455d,N503CX,Cessna (Textron),Citation X,Large,Rolls-Royce,AE 3007,2
e48c38,PP-VYV,Cessna (Textron),Citation X,Large,Rolls-Royce,AE 3007,2
a1ff06,N228DB,Cessna (Textron),Citation X,Large,Rolls-Royce,AE 3007,2
3ccdbb,D-CFFF,Cessna (Textron),Citation X,Large,Rolls-Royce,AE 3007,2
0640f8,5N-HAR,Cessna (Textron),Citation X,Large,Rolls-Royce,AE 3007,2
4bad30,TC-KIP,Cessna (Textron),Citation X,Large,Rolls-Royce,AE 3007,2
49130c,CS-DXL,Cessna (Textron),Citation X,Large,Rolls-Royce,AE 3007,2
aa1b82,N750RB,Cessna (Textron),Citation X,Large,Rolls-Royce,AE 3007,2
e47f76,PR-CON,Cessna (Textron),Citation X,Large,Rolls-Royce,AE 3007,2
440689,OE-GHB,Cessna (Textron),Citation X,Large,Rolls-Royce,AE 3007,2
e48757,PR-XLS,Cessna (Textron),Citation X,Large,Rolls-Royce,AE 3007,2
a9f212,N74VF,Cessna (Textron),Citation X,Large,Rolls-Royce,AE 3007,2
a635c1,N5FF,Cessna (Textron),Citation X,Large,Rolls-Royce,AE 3007,2
405545,G-OMEA,Cessna (Textron),Citation X,Large,Rolls-Royce,AE 3007,2
a3c8a8,N343CC,Cessna (Textron),Citation X,Large,Rolls-Royce,AE 3007,2
3c2fd8,D-BUZZ,Cessna (Textron),Citation X,Large,Rolls-Royce,AE 3007,2
3cf82b,D-CVHB,Cessna (Textron),Citation X,Large,Rolls-Royce,AE 3007,2
44049f,OE-GES,Cessna (Textron),Citation X,Large,Rolls-Royce,AE 3007,2
aa8350,N777CX,Cessna (Textron),Citation X,Large,Rolls-Royce,AE 3007,2
ad6fb6,N965LC,Cessna (Textron),Citation X,Large,Rolls-Royce,AE 3007,2
aa39d7,N758XJ,Cessna (Textron),Citation X,Large,Rolls-Royce,AE 3007,2
a3f1e9,N353WC,Cessna (Textron),Citation X,Large,Rolls-Royce,AE 3007,2
aa3809,N758CX,Cessna (Textron),Citation X,Large,Rolls-Royce,AE 3007,2
a82e1e,N626SG,Cessna (Textron),Citation X,Large,Rolls-Royce,AE 3007,2
a43ef2,N373AB,Cessna (Textron),Citation X,Large,Rolls-Royce,AE 3007,2
aa1fbd,N751WJ,Cessna (Textron),Citation X,Large,Rolls-Royce,AE 3007,2
3003d0,I-CNDG,Cessna (Textron),Citation X,Large,Rolls-Royce,AE 3007,2
491308,CS-DXH,Cessna (Textron),Citation X,Large,Rolls-Royce,AE 3007,2
4bb024,TC-LAD,Cessna (Textron),Citation X,Large,Rolls-Royce,AE 3007,2
8a0202,PK-DPD,Cessna (Textron),Citation X,Large,Rolls-Royce,AE 3007,2
3cc787,D-CCWD,Cessna (Textron),Citation X,Large,Rolls-Royce,AE 3007,2
add412,N990QS,Cessna (Textron),Citation X,Large,Rolls-Royce,AE 3007,2
ad0195,N937VR,Cessna (Textron),Citation X,Large,Rolls-Royce,AE 3007,2
e8c00f,OB-1824,Cessna (Textron),Citation X,Large,Rolls-Royce,AE 3007,2
a602ae,N487AV,Cessna (Textron),Citation X,Large,Rolls-Royce,AE 3007,2
44077e,OE-GWS,Cessna (Textron),Citation X,Large,Rolls-Royce,AE 3007,2
a7f9fe,N613BB,Cessna (Textron),Citation X,Large,Rolls-Royce,AE 3007,2
018039,5A-DRL,Cessna (Textron),Citation X,Large,Rolls-Royce,AE 3007,2
a20001,N228PC,Cessna (Textron),Citation X,Large,Rolls-Royce,AE 3007,2
ad5b8c,N96TX,Cessna (Textron),Citation X,Large,Rolls-Royce,AE 3007,2
7803d0,B-3642,Cessna (Textron),Citation X,Large,Rolls-Royce,AE 3007,2
a2ccec,N28PE,Cessna (Textron),Citation X,Large,Rolls-Royce,AE 3007,2
0c414c,HI1010,Cessna (Textron),Citation X,Large,Rolls-Royce,AE 3007,2
a4b069,N401AS,Cessna (Textron),Citation X,Large,Rolls-Royce,AE 3007,2
3c9432,D-BEAR,Cessna (Textron),Citation X,Large,Rolls-Royce,AE 3007,2
7c74c1,VH-XCJ,Cessna (Textron),Citation X,Large,Rolls-Royce,AE 3007,2
3cefbd,D-CSCB,Cessna (Textron),Citation X,Large,Rolls-Royce,AE 3007,2
ac6e05,N90NF,Cessna (Textron),Citation X,Large,Rolls-Royce,AE 3007,2
adea5c,N996QS,Cessna (Textron),Citation X,Large,Rolls-Royce,AE 3007,2
43e783,M-PRVT,Cessna (Textron),Citation X,Large,Rolls-Royce,AE 3007,2
4b919a,TC-DLZ,Cessna (Textron),Citation X,Large,Rolls-Royce,AE 3007,2
a825b5,N624GF,Cessna (Textron),Citation X,Large,Rolls-Royce,AE 3007,2
4d029d,LX-SEH,Cessna (Textron),Citation X,Large,Rolls-Royce,AE 3007,2
a97685,N709FL,Cessna (Textron),Citation X,Large,Rolls-Royce,AE 3007,2
4ac92c,SE-RIL,Cessna (Textron),Citation X,Large,Rolls-Royce,AE 3007,2
a19a55,N202KC,Cessna (Textron),Citation X,Large,Rolls-Royce,AE 3007,2
3cc158,D-CANG,Cessna (Textron),Citation X,Large,Rolls-Royce,AE 3007,2
3cc000,D-CAAA,Cessna (Textron),Citation X,Large,Rolls-Royce,AE 3007,2
acc309,N921MW,Cessna (Textron),Citation X,Large,Rolls-Royce,AE 3007,2
406ad1,G-OJER,Cessna (Textron),Citation X,Large,Rolls-Royce,AE 3007,2
8a0191,PK-BKS,Cessna (Textron),Citation X,Large,Rolls-Royce,AE 3007,2
e48127,PR-ANP,Cessna (Textron),Citation X,Large,Rolls-Royce,AE 3007,2
ab7de5,N84EA,Cessna (Textron),Citation X,Large,Rolls-Royce,AE 3007,2
ad5b5a,N96RX,Cessna (Textron),Citation X,Large,Rolls-Royce,AE 3007,2
add303,N990DW,Cessna (Textron),Citation X,Large,Rolls-Royce,AE 3007,2
48a451,SP-KCS,Cessna (Textron),Citation X,Large,Rolls-Royce,AE 3007,2
4d2159,9H-GGF,Cessna (Textron),Citation X,Large,Rolls-Royce,AE 3007,2
a3201e,N300JD,Cessna (Textron),Citation X,Large,Rolls-Royce,AE 3007,2
491313,CS-DXS,Cessna (Textron),Citation X,Large,Rolls-Royce,AE 3007,2
e47eb4,PR-JAQ,Cessna (Textron),Citation X,Large,Rolls-Royce,AE 3007,2
0d04bb,XA-DST,Cessna (Textron),Citation X,Large,Rolls-Royce,AE 3007,2
491221,CS-DQA,Cessna (Textron),Citation X,Large,Rolls-Royce,AE 3007,2
a9c6e4,N729VP,Cessna (Textron),Citation X,Large,Rolls-Royce,AE 3007,2
a98fc4,N715MS,Cessna (Textron),Citation X,Large,Rolls-Royce,AE 3007,2
a3f1b0,N353TW,Cessna (Textron),Citation X,Large,Rolls-Royce,AE 3007,2
aa1c0d,N750WR,Cessna (Textron),Citation X,Large,Rolls-Royce,AE 3007,2
49130a,CS-DXJ,Cessna (Textron),Citation X,Large,Rolls-Royce,AE 3007,2
0d033d,XA-BAE,Cessna (Textron),Citation X,Large,Rolls-Royce,AE 3007,2
3cf19d,D-CSUN,Cessna (Textron),Citation X,Large,Rolls-Royce,AE 3007,2
e48ade,PP-IVA,Cessna (Textron),Citation X,Large,Rolls-Royce,AE 3007,2
491316,CS-DXV,Cessna (Textron),Citation X,Large,Rolls-Royce,AE 3007,2
a2e997,N287SL,Cessna (Textron),Citation X,Large,Rolls-Royce,AE 3007,2
3cc319,D-CBEN,Cessna (Textron),Citation X,Large,Rolls-Royce,AE 3007,2
a178a7,N194SR,Cessna (Textron),Citation X,Large,Rolls-Royce,AE 3007,2
3cd2d3,D-CHDJ,Cessna (Textron),Citation X,Large,Rolls-Royce,AE 3007,2
4404a6,OE-GWH,Cessna (Textron),Citation X,Large,Rolls-Royce,AE 3007,2
ad53ce,N958QS,Cessna (Textron),Citation X,Large,Rolls-Royce,AE 3007,2
adb401,N982QS,Cessna (Textron),Citation X,Large,Rolls-Royce,AE 3007,2
491309,CS-DXI,Cessna (Textron),Citation X,Large,Rolls-Royce,AE 3007,2
a60a70,N489ED,Cessna (Textron),Citation X,Large,Rolls-Royce,AE 3007,2
4b82c4,EM-805,Cessna (Textron),Citation X,Large,Rolls-Royce,AE 3007,2
4bb023,TC-LAC,Cessna (Textron),Citation X,Large,Rolls-Royce,AE 3007,2
3cce6a,D-CFLY,Cessna (Textron),Citation X,Large,Rolls-Royce,AE 3007,2
a459e7,N38KW,Cessna (Textron),Citation X,Large,Rolls-Royce,AE 3007,2
3cd121,D-CGMR,Cessna (Textron),Citation X,Large,Rolls-Royce,AE 3007,2
aaf82b,N806AD,Cessna (Textron),Citation X,Large,Rolls-Royce,AE 3007,2
a0de5e,N155SM,Cessna (Textron),Citation X,Large,Rolls-Royce,AE 3007,2
3cc2bf,D-CBBB,Cessna (Textron),Citation X,Large,Rolls-Royce,AE 3007,2
3cc83d,D-CDDD,Cessna (Textron),Citation X,Large,Rolls-Royce,AE 3007,2
4403d0,OE-GKM,Cessna (Textron),Citation X,Large,Rolls-Royce,AE 3007,2
adee13,N997QS,Cessna (Textron),Citation X,Large,Rolls-Royce,AE 3007,2
a6071d,N488JD,Cessna (Textron),Citation X,Large,Rolls-Royce,AE 3007,2
4c072c,YU-BZM,Cessna (Textron),Citation X,Large,Rolls-Royce,AE 3007,2
a5f91e,N484T,Cessna (Textron),Citation X,Large,Rolls-Royce,AE 3007,2
a8d763,N669TT,Cessna (Textron),Citation X,Large,Rolls-Royce,AE 3007,2
0a005f,7T-VCX,Cessna (Textron),Citation X,Large,Rolls-Royce,AE 3007,2
a14de9,N183XL,Cessna (Textron),Citation X,Large,Rolls-Royce,AE 3007,2
e0364c,LV-CYL,Cessna (Textron),Citation X,Large,Rolls-Royce,AE 3007,2
a2da3f,N283MM,Cessna (Textron),Citation X,Large,Rolls-Royce,AE 3007,2
4d21b5,9H-GKM,Cessna (Textron),Citation X,Large,Rolls-Royce,AE 3007,2
882c73,HS-KCS,Cessna (Textron),Citation X,Large,Rolls-Royce,AE 3007,2
780fc3,B-10GC,Cessna (Textron),Citation X,Large,Rolls-Royce,AE 3007,2
a35eca,N316TF,Cessna (Textron),Citation X,Large,Rolls-Royce,AE 3007,2
4ac93a,SE-RIZ,Cessna (Textron),Citation X,Large,Rolls-Royce,AE 3007,2
4a5321,YR-TYA,Cessna (Textron),Citation X,Large,Rolls-Royce,AE 3007,2
4073c5,G-JALS,Cessna (Textron),Citation X,Large,Rolls-Royce,AE 3007,2
a7b78a,N597BJ,Cessna (Textron),Citation X,Large,Rolls-Royce,AE 3007,2
3cebf0,D-CQQQ,Cessna (Textron),Citation X,Large,Rolls-Royce,AE 3007,2
e06444,LV-FQD,Cessna (Textron),Citation X,Large,Rolls-Royce,AE 3007,2
440325,OE-GBR,Cessna (Textron),Citation X,Large,Rolls-Royce,AE 3007,2
a972ce,N708FL,Cessna (Textron),Citation X,Large,Rolls-Royce,AE 3007,2
a9d301,N732FL,Cessna (Textron),Citation X,Large,Rolls-Royce,AE 3007,2
acbacd,N9192W,Cessna (Textron),Citation X,Large,Rolls-Royce,AE 3007,2
e80907,CC-CPS,Cessna (Textron),Citation X,Large,Rolls-Royce,AE 3007,2
0c414a,HI1001,Cessna (Textron),Citation X,Large,Rolls-Royce,AE 3007,2
758316,RP-C6038,Cessna (Textron),Citation X,Large,Rolls-Royce,AE 3007,2
a4fcef,N420PL,Cessna (Textron),Citation X,Large,Rolls-Royce,AE 3007,2
7c74cc,VH-XCU,Cessna (Textron),Citation X,Large,Rolls-Royce,AE 3007,2
a7cb4c,N601DL,Cessna (Textron),Citation X,Large,Rolls-Royce,AE 3007,2
758366,RP-C8568,Cessna (Textron),Citation X,Large,Rolls-Royce,AE 3007,2
5110c6,ES-ELI,Cessna (Textron),Citation X,Large,Rolls-Royce,AE 3007,2
491312,CS-DXR,Cessna (Textron),Citation X,Large,Rolls-Royce,AE 3007,2
3cee5d,D-CRON,Cessna (Textron),Citation X,Large,Rolls-Royce,AE 3007,2
ab4c77,N827SL,Cessna (Textron),Citation X,Large,Rolls-Royce,AE 3007,2
3ce3b3,D-CNNN,Cessna (Textron),Citation X,Large,Rolls-Royce,AE 3007,2
0d00a6,XA-UHQ,Cessna (Textron),Citation X,Large,Rolls-Royce,AE 3007,2
4c49e2,YU-SPC,Cessna (Textron),Citation X,Large,Rolls-Royce,AE 3007,2
a18d69,N2AZ,Cessna (Textron),Citation X,Large,Rolls-Royce,AE 3007,2
e48fa3,PR-RCN,Cessna (Textron),Citation X,Large,Rolls-Royce,AE 3007,2
ad5afb,N96NB,Cessna (Textron),Citation X,Large,Rolls-Royce,AE 3007,2
aaba4e,N790ZK,Cessna (Textron),Citation X,Large,Rolls-Royce,AE 3007,2
0d0868,XA-FJM,Cessna (Textron),Citation X,Large,Rolls-Royce,AE 3007,2
3cc0c4,D-CAHO,Cessna (Textron),Citation X,Large,Rolls-Royce,AE 3007,2
adf45a,N999CX,Cessna (Textron),Citation X,Large,Rolls-Royce,AE 3007,2
3cf0c2,D-CSMC,Cessna (Textron),Citation X,Large,Rolls-Royce,AE 3007,2
3ccb20,D-CEFO,Cessna (Textron),Citation X,Large,Rolls-Royce,AE 3007,2
40686b,G-DEIA,Cessna (Textron),Citation X,Large,Rolls-Royce,AE 3007,2
300291,I-CDOL,Cessna (Textron),Citation X,Large,Rolls-Royce,AE 3007,2
a7ef70,N610HC,Cessna (Textron),Citation X,Large,Rolls-Royce,AE 3007,2
e481c9,PR-TEN,Cessna (Textron),Citation X,Large,Rolls-Royce,AE 3007,2
a9d351,N732JR,Cessna (Textron),Citation X,Large,Rolls-Royce,AE 3007,2
ad97a7,N975QS,Cessna (Textron),Citation X,Large,Rolls-Royce,AE 3007,2
a1e026,N22RG,Cessna (Textron),Citation X,Large,Rolls-Royce,AE 3007,2
3ce3c2,D-CNOC,Cessna (Textron),Citation X,Large,Rolls-Royce,AE 3007,2
a78dc8,N586SF,Cessna (Textron),Citation X,Large,Rolls-Royce,AE 3007,2
440432,OE-GGG,Cessna (Textron),Citation X,Large,Rolls-Royce,AE 3007,2
0d0700,XA-AEA,Cessna (Textron),Citation X,Large,Rolls-Royce,AE 3007,2
3cdb24,D-CKHG,Cessna (Textron),Citation X,Large,Rolls-Royce,AE 3007,2
0d082a,XA-VGR,Cessna (Textron),Citation X,Large,Rolls-Royce,AE 3007,2
4c49e1,YU-SPB,Cessna (Textron),Citation X,Large,Rolls-Royce,AE 3007,2
ad82fa,N97TE,Cessna (Textron),Citation X,Large,Rolls-Royce,AE 3007,2
ada1aa,N978DB,Cessna (Textron),Citation X,Large,Rolls-Royce,AE 3007,2
ad853f,N970SK,Cessna (Textron),Citation X,Large,Rolls-Royce,AE 3007,2
3cddd4,D-CLHS,Cessna (Textron),Citation X,Large,Rolls-Royce,AE 3007,2
a5e965,N480JD,Cessna (Textron),Citation X,Large,Rolls-Royce,AE 3007,2
e48b9c,PT-MMN,Cessna (Textron),Citation X,Large,Rolls-Royce,AE 3007,2
e47e14,PT-WUM,Cessna (Textron),Citation X,Large,Rolls-Royce,AE 3007,2
e8cfcf,EP-861,Cessna (Textron),Citation X,Large,Rolls-Royce,AE 3007,2
343183,EC-KPB,Cessna (Textron),Citation X,Large,Rolls-Royce,AE 3007,2
a34b9d,N311MB,Cessna (Textron),Citation X,Large,Rolls-Royce,AE 3007,2
3d04a7,D-CZZZ,Cessna (Textron),Citation X,Large,Rolls-Royce,AE 3007,2
0d0a75,XA-STG,Cessna (Textron),Citation X,Large,Rolls-Royce,AE 3007,2
a2931d,N265RX,Cessna (Textron),Citation X,Large,Rolls-Royce,AE 3007,2
826001,VT-AON,Cessna (Textron),Citation X,Large,Rolls-Royce,AE 3007,2
ac6ff8,N900JD,Cessna (Textron),Citation X,Large,Rolls-Royce,AE 3007,2
adf0a3,N998CX,Cessna (Textron),Citation X,Large,Rolls-Royce,AE 3007,2
aa1e04,N751CT,Cessna (Textron),Citation X,Large,Rolls-Royce,AE 3007,2
49131a,CS-DXZ,Cessna (Textron),Citation X,Large,Rolls-Royce,AE 3007,2
44090e,OE-GOL,Cessna (Textron),Citation X,Large,Rolls-Royce,AE 3007,2
3cbde3,D-BOOC,Cessna (Textron),Citation X,Large,Rolls-Royce,AE 3007,2
4406e2,OE-GNP,Cessna (Textron),Citation X,Large,Rolls-Royce,AE 3007,2
44cd8d,OO-SLM,Cessna (Textron),Citation X,Large,Rolls-Royce,AE 3007,2
adf4bf,N999GY,Cessna (Textron),Citation X,Large,Rolls-Royce,AE 3007,2
3cb089,D-BLDI,Cessna (Textron),Citation X,Large,Rolls-Royce,AE 3007,2
4408c3,OE-GGF,Cessna (Textron),Citation X,Large,Rolls-Royce,AE 3007,2
aa1bc8,N750TX,Cessna (Textron),Citation X,Large,Rolls-Royce,AE 3007,2
a35b44,N315VE,Cessna (Textron),Citation XLS,Small,Pratt & Whitney Canada,PW545,2
491306,CS-DXF,Cessna (Textron),Citation XLS,Small,Pratt & Whitney Canada,PW545,2
a50329,N422BC,Cessna (Textron),Citation XLS,Small,Pratt & Whitney Canada,PW545,2
acad4a,N916DK,Cessna (Textron),Citation XLS,Small,Pratt & Whitney Canada,PW545,2
a4adaf,N400LV,Cessna (Textron),Citation XLS,Small,Pratt & Whitney Canada,PW545,2
c07551,C-GSLC,Cessna (Textron),Citation XLS,Small,Pratt & Whitney Canada,PW545,2
a1049d,N165DS,Cessna (Textron),Citation XLS,Small,Pratt & Whitney Canada,PW545,2
a3c35e,N3410A,Cessna (Textron),Citation XLS,Small,Pratt & Whitney Canada,PW545,2
c04174,C-FYUL,Cessna (Textron),Citation XLS,Small,Pratt & Whitney Canada,PW545,2
a491ac,N394AG,Cessna (Textron),Citation XLS,Small,Pratt & Whitney Canada,PW545,2
a54beb,N440PJ,Cessna (Textron),Citation XLS,Small,Pratt & Whitney Canada,PW545,2
a98efb,N715DR,Cessna (Textron),Citation XLS,Small,Pratt & Whitney Canada,PW545,2
a2ba24,N275MB,Cessna (Textron),Citation XLS,Small,Pratt & Whitney Canada,PW545,2
a9b7b8,N725SJ,Cessna (Textron),Citation XLS,Small,Pratt & Whitney Canada,PW545,2
acc302,N921MP,Cessna (Textron),Citation XLS,Small,Pratt & Whitney Canada,PW545,2
a2a63b,N27XL,Cessna (Textron),Citation XLS,Small,Pratt & Whitney Canada,PW545,2
c06c5b,C-GPAW,Cessna (Textron),Citation XLS,Small,Pratt & Whitney Canada,PW545,2
a661bd,N510DC,Cessna (Textron),Citation XLS,Small,Pratt & Whitney Canada,PW545,2
ab4108,N824PM,Cessna (Textron),Citation XLS,Small,Pratt & Whitney Canada,PW545,2
a4e0df,N413SK,Cessna (Textron),Citation XLS,Small,Pratt & Whitney Canada,PW545,2
a69068,N522AM,Cessna (Textron),Citation XLS,Small,Pratt & Whitney Canada,PW545,2
a665f9,N511JL,Cessna (Textron),Citation XLS,Small,Pratt & Whitney Canada,PW545,2
a47988,N388FJ,Dassault,Falcon 2000,Large,Pratt & Whitney Canada,PW308C,2
43e7a2,M-SNER,Dassault,Falcon 2000,Large,Pratt & Whitney Canada,PW308C,2
a38185,N325GM,Dassault,Falcon 2000,Large,Pratt & Whitney Canada,PW308C,2
ac76a6,N902AM,Dassault,Falcon 2000,Large,Pratt & Whitney Canada,PW308C,2
a6af20,N53LT,Dassault,Falcon 2000,Large,Pratt & Whitney Canada,PW308C,2
a34893,N310U,Dassault,Falcon 2000,Large,Pratt & Whitney Canada,PW308C,2
4490c7,OO-DFG,Dassault,Falcon 2000,Large,Pratt & Whitney Canada,PW308C,2
ab0b1e,N810U,Dassault,Falcon 2000,Large,Pratt & Whitney Canada,PW308C,2
440786,OE-HGM,Dassault,Falcon 2000,Large,Pratt & Whitney Canada,PW308C,2
458d6b,OY-CKK,Dassault,Falcon 2000,Large,Pratt & Whitney Canada,PW308C,2
3ca561,D-BIKA,Dassault,Falcon 2000,Large,Pratt & Whitney Canada,PW308C,2
38219a,F-WWMC,Dassault,Falcon 2000,Large,Pratt & Whitney Canada,PW308C,2
aad3fd,N797WC,Dassault,Falcon 2000,Large,Pratt & Whitney Canada,PW308C,2
a3f1cd,N353V,Dassault,Falcon 2000,Large,Pratt & Whitney Canada,PW308C,2
a60e80,N49HT,Dassault,Falcon 2000,Large,Pratt & Whitney Canada,PW308C,2
ac91ba,N909MM,Dassault,Falcon 2000,Large,Pratt & Whitney Canada,PW308C,2
a176b1,N1937V,Dassault,Falcon 2000,Large,Pratt & Whitney Canada,PW308C,2
48448e,P4-DBB,Dassault,Falcon 2000,Large,Pratt & Whitney Canada,PW308C,2
ac1c16,N88GD,Dassault,Falcon 2000,Large,Pratt & Whitney Canada,PW308C,2
43e72d,M-OHEM,Dassault,Falcon 2000,Large,Pratt & Whitney Canada,PW308C,2
aab2c0,N789JC,Dassault,Falcon 2000,Large,Pratt & Whitney Canada,PW308C,2
ab6449,N833JB,Dassault,Falcon 2000,Large,Pratt & Whitney Canada,PW308C,2
aadaed,N799RB,Dassault,Falcon 2000,Large,Pratt & Whitney Canada,PW308C,2
a5279e,N431JA,Dassault,Falcon 2000,Large,Pratt & Whitney Canada,PW308C,2
ac405a,N889MC,Dassault,Falcon 2000,Large,Pratt & Whitney Canada,PW308C,2
a35ae0,N315RE,Dassault,Falcon 2000,Large,Pratt & Whitney Canada,PW308C,2
ac3c0d,N888FC,Dassault,Falcon 2000,Large,Pratt & Whitney Canada,PW308C,2
731a63,EP-FSC,Dassault,Falcon 2000,Large,Pratt & Whitney Canada,PW308C,2
5000d1,T7-ONE,Dassault,Falcon 2000,Large,Pratt & Whitney Canada,PW308C,2
a37b0a,N323SE,Dassault,Falcon 2000,Large,Pratt & Whitney Canada,PW308C,2
800b16,VT-ARF,Dassault,Falcon 2000,Large,Pratt & Whitney Canada,PW308C,2
a65445,N507DJ,Dassault,Falcon 2000,Large,Pratt & Whitney Canada,PW308C,2
a3d4e0,N346PC,Dassault,Falcon 2000,Large,Pratt & Whitney Canada,PW308C,2
a38bc1,N3278,Dassault,Falcon 2000,Large,Pratt & Whitney Canada,PW308C,2
aa181e,N75EK,Dassault,Falcon 2000,Large,Pratt & Whitney Canada,PW308C,2
a83f76,N630TS,Dassault,Falcon 2000,Large,Pratt & Whitney Canada,PW308C,2
aac363,N793CG,Dassault,Falcon 2000,Large,Pratt & Whitney Canada,PW308C,2
a4fca5,N420LM,Dassault,Falcon 2000,Large,Pratt & Whitney Canada,PW308C,2
78041a,B-MAZ,Dassault,Falcon 2000,Large,Pratt & Whitney Canada,PW308C,2
3cb6d6,D-BMVV,Dassault,Falcon 2000,Large,Pratt & Whitney Canada,PW308C,2
aaf4bd,N805DB,Dassault,Falcon 2000,Large,Pratt & Whitney Canada,PW308C,2
400053,VP-CJA,Dassault,Falcon 2000,Large,Pratt & Whitney Canada,PW308C,2
aad244,N797CM,Dassault,Falcon 2000,Large,Pratt & Whitney Canada,PW308C,2
491182,CS-DLB,Dassault,Falcon 2000,Large,Pratt & Whitney Canada,PW308C,2
a6a343,N527DJ,Dassault,Falcon 2000,Large,Pratt & Whitney Canada,PW308C,2
a8d665,N669HP,Dassault,Falcon 2000,Large,Pratt & Whitney Canada,PW308C,2
43e957,M-STCO,Dassault,Falcon 2000,Large,Pratt & Whitney Canada,PW308C,2
a276a5,N258QS,Dassault,Falcon 2000,Large,Pratt & Whitney Canada,PW308C,2
ac77b0,N902MC,Dassault,Falcon 2000,Large,Pratt & Whitney Canada,PW308C,2
a4a8a2,N4HD,Dassault,Falcon 2000,Large,Pratt & Whitney Canada,PW308C,2
45ceef,OY-SWO,Dassault,Falcon 2000,Large,Pratt & Whitney Canada,PW308C,2
0d073a,XA-BLZ,Dassault,Falcon 2000,Large,Pratt & Whitney Canada,PW308C,2
a96cc8,N706VW,Dassault,Falcon 2000,Large,Pratt & Whitney Canada,PW308C,2
4b8664,TC-ASD,Dassault,Falcon 2000,Large,Pratt & Whitney Canada,PW308C,2
3c9579,D-BEKY,Dassault,Falcon 2000,Large,Pratt & Whitney Canada,PW308C,2
a88379,N648FJ,Dassault,Falcon 2000,Large,Pratt & Whitney Canada,PW308C,2
43e8de,M-JETZ,Dassault,Falcon 2000,Large,Pratt & Whitney Canada,PW308C,2
44038f,OE-HPH,Dassault,Falcon 2000,Large,Pratt & Whitney Canada,PW308C,2
a00a55,N101VQ,Dassault,Falcon 2000,Large,Pratt & Whitney Canada,PW308C,2
39b5c0,F-HNOA,Dassault,Falcon 2000,Large,Pratt & Whitney Canada,PW308C,2
a3230f,N301AF,Dassault,Falcon 2000,Large,Pratt & Whitney Canada,PW308C,2
ac66df,N899BC,Dassault,Falcon 2000,Large,Pratt & Whitney Canada,PW308C,2
0d0374,XA-LFA,Dassault,Falcon 2000,Large,Pratt & Whitney Canada,PW308C,2
a904cd,N680SF,Dassault,Falcon 2000,Large,Pratt & Whitney Canada,PW308C,2
ab3142,N820EC,Dassault,Falcon 2000,Large,Pratt & Whitney Canada,PW308C,2
a9c938,N73FJ,Dassault,Falcon 2000,Large,Pratt & Whitney Canada,PW308C,2
735289,EP-TTI,Dassault,Falcon 2000,Large,Pratt & Whitney Canada,PW308C,2
3b76a5,F-RAFC,Dassault,Falcon 2000,Large,Pratt & Whitney Canada,PW308C,2
acc372,N921SA,Dassault,Falcon 2000,Large,Pratt & Whitney Canada,PW308C,2
a69f8c,N526DJ,Dassault,Falcon 2000,Large,Pratt & Whitney Canada,PW308C,2
a9d6df,N733H,Dassault,Falcon 2000,Large,Pratt & Whitney Canada,PW308C,2
a1b7f1,N21J,Dassault,Falcon 2000,Large,Pratt & Whitney Canada,PW308C,2
a251f4,N249FJ,Dassault,Falcon 2000,Large,Pratt & Whitney Canada,PW308C,2
a7cfb5,N602LP,Dassault,Falcon 2000,Large,Pratt & Whitney Canada,PW308C,2
ab09d2,N810ET,Dassault,Falcon 2000,Large,Pratt & Whitney Canada,PW308C,2
a65162,N506MW,Dassault,Falcon 2000,Large,Pratt & Whitney Canada,PW308C,2
a516bc,N427MJ,Dassault,Falcon 2000,Large,Pratt & Whitney Canada,PW308C,2
a0996f,N138FJ,Dassault,Falcon 2000,Large,Pratt & Whitney Canada,PW308C,2
acd53f,N926JC,Dassault,Falcon 2000,Large,Pratt & Whitney Canada,PW308C,2
c0203e,C-FMFL,Dassault,Falcon 2000,Large,Pratt & Whitney Canada,PW308C,2
c074c7,C-GSFU,Dassault,Falcon 2000,Large,Pratt & Whitney Canada,PW308C,2
ab3983,N822NP,Dassault,Falcon 2000,Large,Pratt & Whitney Canada,PW308C,2
a2cd19,N28R,Dassault,Falcon 2000,Large,Pratt & Whitney Canada,PW308C,2
a37215,N321AP,Dassault,Falcon 2000,Large,Pratt & Whitney Canada,PW308C,2
a1f10c,N224NC,Dassault,Falcon 2000,Large,Pratt & Whitney Canada,PW308C,2
7c1aa2,VH-FJO,Dassault,Falcon 2000,Large,Pratt & Whitney Canada,PW308C,2
a00034,N1C,Dassault,Falcon 2000,Large,Pratt & Whitney Canada,PW308C,2
aae09f,N80MH,Dassault,Falcon 2000,Large,Pratt & Whitney Canada,PW308C,2
424176,VP-CTT,Dassault,Falcon 2000,Large,Pratt & Whitney Canada,PW308C,2
3c8502,D-BAHB,Dassault,Falcon 2000,Large,Pratt & Whitney Canada,PW308C,2
4b1529,HB-IAJ,Dassault,Falcon 2000,Large,Pratt & Whitney Canada,PW308C,2
a6e111,N542TP,Dassault,Falcon 2000,Large,Pratt & Whitney Canada,PW308C,2
a19d2e,N203AF,Dassault,Falcon 2000,Large,Pratt & Whitney Canada,PW308C,2
a5ecb7,N481EC,Dassault,Falcon 2000,Large,Pratt & Whitney Canada,PW308C,2
aab75b,N79TF,Dassault,Falcon 2000,Large,Pratt & Whitney Canada,PW308C,2
a2fe57,N292QS,Dassault,Falcon 2000,Large,Pratt & Whitney Canada,PW308C,2
a27dd9,N26NJ,Dassault,Falcon 2000,Large,Pratt & Whitney Canada,PW308C,2
ac7368,N901FH,Dassault,Falcon 2000,Large,Pratt & Whitney Canada,PW308C,2
a64569,N503DJ,Dassault,Falcon 2000,Large,Pratt & Whitney Canada,PW308C,2
aa8f31,N78LK,Dassault,Falcon 2000,Large,Pratt & Whitney Canada,PW308C,2
c05e09,C-GJPW,Dassault,Falcon 2000,Large,Pratt & Whitney Canada,PW308C,2
a597f2,N46HA,Dassault,Falcon 2000,Large,Pratt & Whitney Canada,PW308C,2
aa8307,N777,Dassault,Falcon 2000,Large,Pratt & Whitney Canada,PW308C,2
ac4484,N89RT,Dassault,Falcon 2000,Large,Pratt & Whitney Canada,PW308C,2
ac3efd,N8888,Dassault,Falcon 2000,Large,Pratt & Whitney Canada,PW308C,2
aad2b9,N797HD,Dassault,Falcon 2000,Large,Pratt & Whitney Canada,PW308C,2
a3c113,N341AP,Dassault,Falcon 2000,Large,Pratt & Whitney Canada,PW308C,2
4b18a3,HB-JIP,Dassault,Falcon 2000,Large,Pratt & Whitney Canada,PW308C,2
aca9c2,N915FG,Dassault,Falcon 2000,Large,Pratt & Whitney Canada,PW308C,2
a98ed4,N715CB,Dassault,Falcon 2000,Large,Pratt & Whitney Canada,PW308C,2
a287da,N262QS,Dassault,Falcon 2000,Large,Pratt & Whitney Canada,PW308C,2
acd208,N925PF,Dassault,Falcon 2000,Large,Pratt & Whitney Canada,PW308C,2
a2a1db,N269QS,Dassault,Falcon 2000,Large,Pratt & Whitney Canada,PW308C,2
a191d3,N20YC,Dassault,Falcon 2000,Large,Pratt & Whitney Canada,PW308C,2
4bd1f3,TC-TOS,Dassault,Falcon 2000,Large,Pratt & Whitney Canada,PW308C,2
a8781c,N645DC,Dassault,Falcon 2000,Large,Pratt & Whitney Canada,PW308C,2
aae78b,N801WC,Dassault,Falcon 2000,Large,Pratt & Whitney Canada,PW308C,2
300651,I-NHCO,Dassault,Falcon 2000,Large,Pratt & Whitney Canada,PW308C,2
a292ff,N265QS,Dassault,Falcon 2000,Large,Pratt & Whitney Canada,PW308C,2
ac3d8c,N888WL,Dassault,Falcon 2000,Large,Pratt & Whitney Canada,PW308C,2
a6b4f0,N531JD,Dassault,Falcon 2000,Large,Pratt & Whitney Canada,PW308C,2
a3a1a7,N333HD,Dassault,Falcon 2000,Large,Pratt & Whitney Canada,PW308C,2
a5e6bf,N48FB,Dassault,Falcon 2000,Large,Pratt & Whitney Canada,PW308C,2
a5e8d1,N480CF,Dassault,Falcon 2000,Large,Pratt & Whitney Canada,PW308C,2
abba3d,N855DG,Dassault,Falcon 2000,Large,Pratt & Whitney Canada,PW308C,2
a662f6,N510RR,Dassault,Falcon 2000,Large,Pratt & Whitney Canada,PW308C,2
43ea60,M-AERO,Dassault,Falcon 2000,Large,Pratt & Whitney Canada,PW308C,2
ad617b,N961SP,Dassault,Falcon 2000,Large,Pratt & Whitney Canada,PW308C,2
a1fc71,N227QS,Dassault,Falcon 2000,Large,Pratt & Whitney Canada,PW308C,2
3c9674,D-BEST,Dassault,Falcon 2000,Large,Pratt & Whitney Canada,PW308C,2
45cdcb,OY-SNK,Dassault,Falcon 2000,Large,Pratt & Whitney Canada,PW308C,2
a2cf6a,N280QS,Dassault,Falcon 2000,Large,Pratt & Whitney Canada,PW308C,2
ab570d,N83LT,Dassault,Falcon 2000,Large,Pratt & Whitney Canada,PW308C,2
acd18c,N925JG,Dassault,Falcon 2000,Large,Pratt & Whitney Canada,PW308C,2
4bcdcb,TC-SNK,Dassault,Falcon 2000,Large,Pratt & Whitney Canada,PW308C,2
4d209b,9H-SFA,Dassault,Falcon 2000,Large,Pratt & Whitney Canada,PW308C,2
a17049,N192HA,Dassault,Falcon 2000,Large,Pratt & Whitney Canada,PW308C,2
a1ca0d,N214TF,Dassault,Falcon 2000,Large,Pratt & Whitney Canada,PW308C,2
440753,OE-HTR,Dassault,Falcon 2000,Large,Pratt & Whitney Canada,PW308C,2
a0c6c6,N1492J,Dassault,Falcon 2000,Large,Pratt & Whitney Canada,PW308C,2
a83bf1,N63FS,Dassault,Falcon 2000,Large,Pratt & Whitney Canada,PW308C,2
3b76a4,F-RAFD,Dassault,Falcon 2000,Large,Pratt & Whitney Canada,PW308C,2
a5e900,N480EC,Dassault,Falcon 2000,Large,Pratt & Whitney Canada,PW308C,2
a4c422,N406NL,Dassault,Falcon 2000,Large,Pratt & Whitney Canada,PW308C,2
ac7fb7,N904TF,Dassault,Falcon 2000,Large,Pratt & Whitney Canada,PW308C,2
e48f4a,PR-ALS,Dassault,Falcon 2000,Large,Pratt & Whitney Canada,PW308C,2
a257d4,N250DL,Dassault,Falcon 2000,Large,Pratt & Whitney Canada,PW308C,2
a29e24,N268QS,Dassault,Falcon 2000,Large,Pratt & Whitney Canada,PW308C,2
a606e9,N488GB,Dassault,Falcon 2000,Large,Pratt & Whitney Canada,PW308C,2
a728bd,N560US,Dassault,Falcon 2000,Large,Pratt & Whitney Canada,PW308C,2
e490a2,PR-SFB,Dassault,Falcon 2000,Large,Pratt & Whitney Canada,PW308C,2
ac380d,N887CE,Dassault,Falcon 2000,Large,Pratt & Whitney Canada,PW308C,2
a4da03,N411YF,Dassault,Falcon 2000,Large,Pratt & Whitney Canada,PW308C,2
a1f14c,N224QS,Dassault,Falcon 2000,Large,Pratt & Whitney Canada,PW308C,2
aa2d24,N755FL,Dassault,Falcon 2000,Large,Pratt & Whitney Canada,PW308C,2
884852,HS-RBR,Dassault,Falcon 2000,Large,Pratt & Whitney Canada,PW308C,2
a0559d,N120VR,Dassault,Falcon 2000,Large,Pratt & Whitney Canada,PW308C,2
a4fae8,N42ST,Dassault,Falcon 2000,Large,Pratt & Whitney Canada,PW308C,2
c05d79,C-GJKI,Dassault,Falcon 2000,Large,Pratt & Whitney Canada,PW308C,2
ab7f24,N84SV,Dassault,Falcon 2000,Large,Pratt & Whitney Canada,PW308C,2
a37274,N321EJ,Dassault,Falcon 2000,Large,Pratt & Whitney Canada,PW308C,2
a0c806,N15BY,Dassault,Falcon 2000,Large,Pratt & Whitney Canada,PW308C,2
a4d4c7,N410GS,Dassault,Falcon 2000,Large,Pratt & Whitney Canada,PW308C,2
aab97c,N790R,Dassault,Falcon 2000,Large,Pratt & Whitney Canada,PW308C,2
acb57f,N918MJ,Dassault,Falcon 2000,Large,Pratt & Whitney Canada,PW308C,2
a2c4d2,N278GH,Dassault,Falcon 2000,Large,Pratt & Whitney Canada,PW308C,2
3434ce,EC-LGV,Dassault,Falcon 2000,Large,Pratt & Whitney Canada,PW308C,2
a64ad2,N504WT,Dassault,Falcon 2000,Large,Pratt & Whitney Canada,PW308C,2
a7fa26,N613CS,Dassault,Falcon 2000,Large,Pratt & Whitney Canada,PW308C,2
a916b1,N685KF,Dassault,Falcon 2000,Large,Pratt & Whitney Canada,PW308C,2
a8cc3c,N666TR,Dassault,Falcon 2000,Large,Pratt & Whitney Canada,PW308C,2
39a443,F-HJCD,Dassault,Falcon 2000,Large,Pratt & Whitney Canada,PW308C,2
a712a5,N555GS,Dassault,Falcon 2000,Large,Pratt & Whitney Canada,PW308C,2
a0a0f1,N14GD,Dassault,Falcon 2000,Large,Pratt & Whitney Canada,PW308C,2
a2116e,N232RJ,Dassault,Falcon 2000,Large,Pratt & Whitney Canada,PW308C,2
ac985a,N910TF,Dassault,Falcon 2000,Large,Pratt & Whitney Canada,PW308C,2
a19239,N200CD,Dassault,Falcon 2000,Large,Pratt & Whitney Canada,PW308C,2
3cbdeb,D-BOOK,Dassault,Falcon 2000,Large,Pratt & Whitney Canada,PW308C,2
ac22ea,N881Q,Dassault,Falcon 2000,Large,Pratt & Whitney Canada,PW308C,2
a661b3,N510CT,Dassault,Falcon 2000,Large,Pratt & Whitney Canada,PW308C,2
a1e103,N220AB,Dassault,Falcon 2000,Large,Pratt & Whitney Canada,PW308C,2
acd5ee,N926RC,Dassault,Falcon 2000,Large,Pratt & Whitney Canada,PW308C,2
a953e4,N70TF,Dassault,Falcon 2000,Large,Pratt & Whitney Canada,PW308C,2
a63f2e,N501RR,Dassault,Falcon 2000,Large,Pratt & Whitney Canada,PW308C,2
a41cc4,N364SM,Dassault,Falcon 2000,Large,Pratt & Whitney Canada,PW308C,2
ad3629,N950RL,Dassault,Falcon 2000,Large,Pratt & Whitney Canada,PW308C,2
0d08de,XA-DFN,Dassault,Falcon 2000,Large,Pratt & Whitney Canada,PW308C,2
3cb281,D-BLTA,Dassault,Falcon 2000,Large,Pratt & Whitney Canada,PW308C,2
ac81d8,N905B,Dassault,Falcon 2000,Large,Pratt & Whitney Canada,PW308C,2
4910c6,CS-DFF,Dassault,Falcon 2000,Large,Pratt & Whitney Canada,PW308C,2
a0fd39,N163EB,Dassault,Falcon 2000,Large,Pratt & Whitney Canada,PW308C,2
ad2491,N946MM,Dassault,Falcon 2000,Large,Pratt & Whitney Canada,PW308C,2
44c265,OO-PSE,Dassault,Falcon 2000,Large,Pratt & Whitney Canada,PW308C,2
a192e0,N200JW,Dassault,Falcon 2000,Large,Pratt & Whitney Canada,PW308C,2
ac2931,N883CE,Dassault,Falcon 2000,Large,Pratt & Whitney Canada,PW308C,2
43e92e,M-ORAD,Dassault,Falcon 2000,Large,Pratt & Whitney Canada,PW308C,2
a4a86f,N4FC,Dassault,Falcon 2000,Large,Pratt & Whitney Canada,PW308C,2
a90938,N681ZL,Dassault,Falcon 2000,Large,Pratt & Whitney Canada,PW308C,2
ad9de6,N977CP,Dassault,Falcon 2000,Large,Pratt & Whitney Canada,PW308C,2
abf4b0,N87HD,Dassault,Falcon 2000,Large,Pratt & Whitney Canada,PW308C,2
a31eaa,N30TH,Dassault,Falcon 2000,Large,Pratt & Whitney Canada,PW308C,2
acd9d8,N927TD,Dassault,Falcon 2000,Large,Pratt & Whitney Canada,PW308C,2
a6544d,N507DS,Dassault,Falcon 2000,Large,Pratt & Whitney Canada,PW308C,2
a821a6,N623CT,Dassault,Falcon 2000,Large,Pratt & Whitney Canada,PW308C,2
e4886b,PP-MMF,Dassault,Falcon 2000,Large,Pratt & Whitney Canada,PW308C,2
39aded,F-HLPN,Dassault,Falcon 2000,Large,Pratt & Whitney Canada,PW308C,2
a44432,N374RV,Dassault,Falcon 2000,Large,Pratt & Whitney Canada,PW308C,2
c07866,C-GTPL,Dassault,Falcon 2000,Large,Pratt & Whitney Canada,PW308C,2
a19245,N200CR,Dassault,Falcon 2000,Large,Pratt & Whitney Canada,PW308C,2
ad11fa,N941MH,Dassault,Falcon 2000,Large,Pratt & Whitney Canada,PW308C,2
a12fb0,N176CG,Dassault,Falcon 2000,Large,Pratt & Whitney Canada,PW308C,2
a13f7a,N18MV,Dassault,Falcon 2000,Large,Pratt & Whitney Canada,PW308C,2
a9f24c,N74XP,Dassault,Falcon 2000,Large,Pratt & Whitney Canada,PW308C,2
44035f,OE-HKK,Dassault,Falcon 2000,Large,Pratt & Whitney Canada,PW308C,2
aa11be,N748RE,Dassault,Falcon 2000,Large,Pratt & Whitney Canada,PW308C,2
ac7af8,N903GS,Dassault,Falcon 2000,Large,Pratt & Whitney Canada,PW308C,2
406984,G-TTJF,Dassault,Falcon 2000,Large,Pratt & Whitney Canada,PW308C,2
c0757a,C-GSMR,Dassault,Falcon 2000,Large,Pratt & Whitney Canada,PW308C,2
406204,G-LATE,Dassault,Falcon 2000,Large,Pratt & Whitney Canada,PW308C,2
488209,SP-ARK,Dassault,Falcon 2000,Large,Pratt & Whitney Canada,PW308C,2
aa43e7,N7600G,Dassault,Falcon 2000,Large,Pratt & Whitney Canada,PW308C,2
3c308f,D-BVHA,Dassault,Falcon 2000,Large,Pratt & Whitney Canada,PW308C,2
a90388,N680DF,Dassault,Falcon 2000,Large,Pratt & Whitney Canada,PW308C,2
acd82c,N927AA,Dassault,Falcon 2000,Large,Pratt & Whitney Canada,PW308C,2
39ae37,F-HLRX,Dassault,Falcon 2000,Large,Pratt & Whitney Canada,PW308C,2
a05281,N12MW,Dassault,Falcon 2000,Large,Pratt & Whitney Canada,PW308C,2
ac406a,N889MU,Dassault,Falcon 2000,Large,Pratt & Whitney Canada,PW308C,2
ac3068,N885A,Dassault,Falcon 2000,Large,Pratt & Whitney Canada,PW308C,2
a70b36,N553GR,Dassault,Falcon 2000,Large,Pratt & Whitney Canada,PW308C,2
3003f5,I-FEDN,Dassault,Falcon 2000,Large,Pratt & Whitney Canada,PW308C,2
a3649d,N318AV,Dassault,Falcon 2000,Large,Pratt & Whitney Canada,PW308C,2
491183,CS-DLC,Dassault,Falcon 2000,Large,Pratt & Whitney Canada,PW308C,2
a6e858,N544S,Dassault,Falcon 2000,Large,Pratt & Whitney Canada,PW308C,2
300490,I-GEFD,Dassault,Falcon 2000,Large,Pratt & Whitney Canada,PW308C,2
4406ab,OE-IEN,Dassault,Falcon 2000,Large,Pratt & Whitney Canada,PW308C,2
ab5c6c,N831DR,Dassault,Falcon 2000,Large,Pratt & Whitney Canada,PW308C,2
acd0c6,N925AJ,Dassault,Falcon 2000,Large,Pratt & Whitney Canada,PW308C,2
39b151,F-HMKR,Dassault,Falcon 2000,Large,Pratt & Whitney Canada,PW308C,2
a32ab4,N303CL,Dassault,Falcon 2000,Large,Pratt & Whitney Canada,PW308C,2
aaa31d,N785AD,Dassault,Falcon 2000,Large,Pratt & Whitney Canada,PW308C,2
a40de8,N360SM,Dassault,Falcon 2000,Large,Pratt & Whitney Canada,PW308C,2
a597a6,N46E,Dassault,Falcon 2000,Large,Pratt & Whitney Canada,PW308C,2
a1ed95,N223QS,Dassault,Falcon 2000,Large,Pratt & Whitney Canada,PW308C,2
8000ce,VT-TAT,Dassault,Falcon 2000,Large,Pratt & Whitney Canada,PW308C,2
0d0937,XA-RHA,Dassault,Falcon 2000,Large,Pratt & Whitney Canada,PW308C,2
a5367f,N435JF,Dassault,Falcon 2000,Large,Pratt & Whitney Canada,PW308C,2
a056c5,N1205M,Dassault,Falcon 2000,Large,Pratt & Whitney Canada,PW308C,2
a5f06e,N482EC,Dassault,Falcon 2000,Large,Pratt & Whitney Canada,PW308C,2
a62e1e,N498DC,Dassault,Falcon 2000,Large,Pratt & Whitney Canada,PW308C,2
30029d,I-JAMJ,Dassault,Falcon 2000,Large,Pratt & Whitney Canada,PW308C,2
a95345,N70LX,Dassault,Falcon 2000,Large,Pratt & Whitney Canada,PW308C,2
a597bf,N46F,Dassault,Falcon 2000,Large,Pratt & Whitney Canada,PW308C,2
a44bab,N376SF,Dassault,Falcon 2000,Large,Pratt & Whitney Canada,PW308C,2
a8342a,N628CC,Dassault,Falcon 2000,Large,Pratt & Whitney Canada,PW308C,2
a7280e,N560MS,Dassault,Falcon 2000,Large,Pratt & Whitney Canada,PW308C,2
4d2128,9H-HAM,Dassault,Falcon 2000,Large,Pratt & Whitney Canada,PW308C,2
abbb9d,N855TJ,Dassault,Falcon 2000,Large,Pratt & Whitney Canada,PW308C,2
80041a,VT-VLN,Dassault,Falcon 2000,Large,Pratt & Whitney Canada,PW308C,2
a5164b,N427GW,Dassault,Falcon 2000,Large,Pratt & Whitney Canada,PW308C,2
4b184e,HB-JFI,Dassault,Falcon 2000,Large,Pratt & Whitney Canada,PW308C,2
458d6e,OY-CKN,Dassault,Falcon 2000,Large,Pratt & Whitney Canada,PW308C,2
a811c9,N619SM,Dassault,Falcon 2000,Large,Pratt & Whitney Canada,PW308C,2
a4ab74,N40N,Dassault,Falcon 2000,Large,Pratt & Whitney Canada,PW308C,2
abf7e8,N870SB,Dassault,Falcon 2000,Large,Pratt & Whitney Canada,PW308C,2
a5b0af,N466JB,Dassault,Falcon 2000,Large,Pratt & Whitney Canada,PW308C,2
a17343,N1929Y,Dassault,Falcon 2000,Large,Pratt & Whitney Canada,PW308C,2
aa1ad6,N750JE,Dassault,Falcon 2000,Large,Pratt & Whitney Canada,PW308C,2
aa0565,N745CX,Dassault,Falcon 2000,Large,Pratt & Whitney Canada,PW308C,2
ac2190,N881AD,Dassault,Falcon 2000,Large,Pratt & Whitney Canada,PW308C,2
a19466,N2000L,Dassault,Falcon 2000,Large,Pratt & Whitney Canada,PW308C,2
a4bf7f,N405D,Dassault,Falcon 2000,Large,Pratt & Whitney Canada,PW308C,2
a40de5,N360SJ,Dassault,Falcon 2000,Large,Pratt & Whitney Canada,PW308C,2
a5714c,N45RT,Dassault,Falcon 2000,Large,Pratt & Whitney Canada,PW308C,2
39adec,F-HLPM,Dassault,Falcon 2000,Large,Pratt & Whitney Canada,PW308C,2
a399d4,N331DC,Dassault,Falcon 2000,Large,Pratt & Whitney Canada,PW308C,2
a88ba4,N65NY,Dassault,Falcon 2000,Large,Pratt & Whitney Canada,PW308C,2
a083b2,N132M,Dassault,Falcon 2000,Large,Pratt & Whitney Canada,PW308C,2
0d0451,XA-CHD,Dassault,Falcon 2000,Large,Pratt & Whitney Canada,PW308C,2
ac3cba,N888NA,Dassault,Falcon 2000,Large,Pratt & Whitney Canada,PW308C,2
a27dea,N26PA,Dassault,Falcon 2000,Large,Pratt & Whitney Canada,PW308C,2
ac1bcb,N88DD,Dassault,Falcon 2000,Large,Pratt & Whitney Canada,PW308C,2
a1e152,N220DF,Dassault,Falcon 2000,Large,Pratt & Whitney Canada,PW308C,2
a16941,N190MC,Dassault,Falcon 2000,Large,Pratt & Whitney Canada,PW308C,2
491186,CS-DLF,Dassault,Falcon 2000,Large,Pratt & Whitney Canada,PW308C,2
ac6fba,N900FS,Dassault,Falcon 2000,Large,Pratt & Whitney Canada,PW308C,2
4841b4,PH-VBG,Dassault,Falcon 2000,Large,Pratt & Whitney Canada,PW308C,2
49129a,CS-DTZ,Dassault,Falcon 2000,Large,Pratt & Whitney Canada,PW308C,2
a97c83,N710ET,Dassault,Falcon 2000,Large,Pratt & Whitney Canada,PW308C,2
4068fb,G-WWFC,Dassault,Falcon 2000,Large,Pratt & Whitney Canada,PW308C,2
4b1863,HB-JGD,Dassault,Falcon 2000,Large,Pratt & Whitney Canada,PW308C,2
a2561e,N25KZ,Dassault,Falcon 2000,Large,Pratt & Whitney Canada,PW308C,2
a39396,N33BG,Dassault,Falcon 2000,Large,Pratt & Whitney Canada,PW308C,2
aa63d4,N769JW,Dassault,Falcon 2000,Large,Pratt & Whitney Canada,PW308C,2
a4cb64,N408LS,Dassault,Falcon 2000,Large,Pratt & Whitney Canada,PW308C,2
a1cd91,N215RE,Dassault,Falcon 2000,Large,Pratt & Whitney Canada,PW308C,2
a53deb,N437JD,Dassault,Falcon 2000,Large,Pratt & Whitney Canada,PW308C,2
424123,VP-BRA,Dassault,Falcon 2000,Large,Pratt & Whitney Canada,PW308C,2
aa6a2a,N770MR,Dassault,Falcon 2000,Large,Pratt & Whitney Canada,PW308C,2
a41556,N362SM,Dassault,Falcon 2000,Large,Pratt & Whitney Canada,PW308C,2
a4209e,N365TX,Dassault,Falcon 2000,Large,Pratt & Whitney Canada,PW308C,2
a01500,N104QT,Dassault,Falcon 2000,Large,Pratt & Whitney Canada,PW308C,2
aa6abc,N770TM,Dassault,Falcon 2000,Large,Pratt & Whitney Canada,PW308C,2
ab97f3,N846UP,Dassault,Falcon 2000,Large,Pratt & Whitney Canada,PW308C,2
a05d0b,N122VR,Dassault,Falcon 2000,Large,Pratt & Whitney Canada,PW308C,2
ac6f66,N900CH,Dassault,Falcon 2000,Large,Pratt & Whitney Canada,PW308C,2
a99e92,N719MC,Dassault,Falcon 2000,Large,Pratt & Whitney Canada,PW308C,2
30049f,I-PBRB,Dassault,Falcon 2000,Large,Pratt & Whitney Canada,PW308C,2
459cd3,OY-GFS,Dassault,Falcon 2000,Large,Pratt & Whitney Canada,PW308C,2
a21411,N233EH,Dassault,Falcon 2000,Large,Pratt & Whitney Canada,PW308C,2
ab9085,N844UP,Dassault,Falcon 2000,Large,Pratt & Whitney Canada,PW308C,2
a1ecac,N223FJ,Dassault,Falcon 2000,Large,Pratt & Whitney Canada,PW308C,2
a30d33,N296QS,Dassault,Falcon 2000,Large,Pratt & Whitney Canada,PW308C,2
a5c237,N470MK,Dassault,Falcon 2000,Large,Pratt & Whitney Canada,PW308C,2
e490fd,PT-FKY,Dassault,Falcon 2000,Large,Pratt & Whitney Canada,PW308C,2
a954c8,N700CH,Dassault,Falcon 2000,Large,Pratt & Whitney Canada,PW308C,2
4d0226,LX-MBE,Dassault,Falcon 2000,Large,Pratt & Whitney Canada,PW308C,2
a380fc,N325B,Dassault,Falcon 2000,Large,Pratt & Whitney Canada,PW308C,2
a3783b,N3221B,Dassault,Falcon 2000,Large,Pratt & Whitney Canada,PW308C,2
a992f0,N716GC,Dassault,Falcon 2000,Large,Pratt & Whitney Canada,PW308C,2
a16b01,N1903W,Dassault,Falcon 2000,Large,Pratt & Whitney Canada,PW308C,2
a195fc,N201CR,Dassault,Falcon 2000,Large,Pratt & Whitney Canada,PW308C,2
30047d,I-MOFI,Dassault,Falcon 2000,Large,Pratt & Whitney Canada,PW308C,2
ab4c9e,N827U,Dassault,Falcon 2000,Large,Pratt & Whitney Canada,PW308C,2
a1b826,N21LC,Dassault,Falcon 2000,Large,Pratt & Whitney Canada,PW308C,2
3cbc49,D-BOBI,Dassault,Falcon 2000,Large,Pratt & Whitney Canada,PW308C,2
a1828d,N197DX,Dassault,Falcon 2000,Large,Pratt & Whitney Canada,PW308C,2
a8aeb2,N659FM,Dassault,Falcon 2000,Large,Pratt & Whitney Canada,PW308C,2
c06a58,C-GOHB,Dassault,Falcon 2000,Large,Pratt & Whitney Canada,PW308C,2
a9ba24,N726DC,Dassault,Falcon 2000,Large,Pratt & Whitney Canada,PW308C,2
4249bb,VQ-BIJ,Dassault,Falcon 2000,Large,Pratt & Whitney Canada,PW308C,2
a1baf1,N210QS,Dassault,Falcon 2000,Large,Pratt & Whitney Canada,PW308C,2
a43289,N37MD,Dassault,Falcon 2000,Large,Pratt & Whitney Canada,PW308C,2
ab7ece,N84PJ,Dassault,Falcon 2000,Large,Pratt & Whitney Canada,PW308C,2
a9c1ca,N728FJ,Dassault,Falcon 2000,Large,Pratt & Whitney Canada,PW308C,2
a96fb4,N707MT,Dassault,Falcon 2000,Large,Pratt & Whitney Canada,PW308C,2
43e792,M-ALRV,Dassault,Falcon 2000,Large,Pratt & Whitney Canada,PW308C,2
a002d2,N10EU,Dassault,Falcon 2000,Large,Pratt & Whitney Canada,PW308C,2
4b1831,HB-JEF,Dassault,Falcon 2000,Large,Pratt & Whitney Canada,PW308C,2
800485,VT-HDL,Dassault,Falcon 2000,Large,Pratt & Whitney Canada,PW308C,2
491185,CS-DLE,Dassault,Falcon 2000,Large,Pratt & Whitney Canada,PW308C,2
a33f0c,N308WP,Dassault,Falcon 2000,Large,Pratt & Whitney Canada,PW308C,2
a1e93c,N222JE,Dassault,Falcon 2000,Large,Pratt & Whitney Canada,PW308C,2
a63562,N5BL,Dassault,Falcon 2000,Large,Pratt & Whitney Canada,PW308C,2
a58190,N454GB,Dassault,Falcon 2000,Large,Pratt & Whitney Canada,PW308C,2
ac3bc4,N888CE,Dassault,Falcon 2000,Large,Pratt & Whitney Canada,PW308C,2
c07563,C-GSLU,Dassault,Falcon 2000,Large,Pratt & Whitney Canada,PW308C,2
a21fda,N236LX,Dassault,Falcon 2000,Large,Pratt & Whitney Canada,PW308C,2
adcf9a,N9895,Dassault,Falcon 2000,Large,Pratt & Whitney Canada,PW308C,2
43e8e1,M-CIMO,Dassault,Falcon 2000,Large,Pratt & Whitney Canada,PW308C,2
a8665f,N640MS,Dassault,Falcon 2000,Large,Pratt & Whitney Canada,PW308C,2
4b90ee,TC-DGN,Dassault,Falcon 2000,Large,Pratt & Whitney Canada,PW308C,2
4b8e8e,TC-CTN,Dassault,Falcon 2000,Large,Pratt & Whitney Canada,PW308C,2
a02a07,N11BV,Dassault,Falcon 2000,Large,Pratt & Whitney Canada,PW308C,2
ac46aa,N890PS,Dassault,Falcon 2000,Large,Pratt & Whitney Canada,PW308C,2
a5702e,N45EG,Dassault,Falcon 2000,Large,Pratt & Whitney Canada,PW308C,2
a57ed3,N453SB,Dassault,Falcon 2000,Large,Pratt & Whitney Canada,PW308C,2
a7c56d,N60FK,Dassault,Falcon 2000,Large,Pratt & Whitney Canada,PW308C,2
485190,PH-PKF,Dassault,Falcon 2000,Large,Pratt & Whitney Canada,PW308C,2
a7a233,N591MB,Dassault,Falcon 2000,Large,Pratt & Whitney Canada,PW308C,2
a928e2,N69FH,Dassault,Falcon 2000,Large,Pratt & Whitney Canada,PW308C,2
a27a5c,N259QS,Dassault,Falcon 2000,Large,Pratt & Whitney Canada,PW308C,2
ac1f1d,N880PC,Dassault,Falcon 2000,Large,Pratt & Whitney Canada,PW308C,2
a389de,N327RX,Dassault,Falcon 2000,Large,Pratt & Whitney Canada,PW308C,2
406e95,G-PULA,Dassault,Falcon 2000,Large,Pratt & Whitney Canada,PW308C,2
a28c35,N263XF,Dassault,Falcon 2000,Large,Pratt & Whitney Canada,PW308C,2
a009c4,N101PV,Dassault,Falcon 2000,Large,Pratt & Whitney Canada,PW308C,2
a402d1,N358DA,Dassault,Falcon 2000,Large,Pratt & Whitney Canada,PW308C,2
a00932,N101HZ,Dassault,Falcon 2000,Large,Pratt & Whitney Canada,PW308C,2
a74c1b,N57AL,Dassault,Falcon 2000,Large,Pratt & Whitney Canada,PW308C,2
a18784,N198SS,Dassault,Falcon 2000,Large,Pratt & Whitney Canada,PW308C,2
abf666,N870AR,Dassault,Falcon 2000,Large,Pratt & Whitney Canada,PW308C,2
4406cb,OE-HEY,Dassault,Falcon 2000,Large,Pratt & Whitney Canada,PW308C,2
aca8dc,N9147H,Dassault,Falcon 2000,Large,Pratt & Whitney Canada,PW308C,2
a5c969,N472K,Dassault,Falcon 2000,Large,Pratt & Whitney Canada,PW308C,2
aae79d,N801WW,Dassault,Falcon 2000,Large,Pratt & Whitney Canada,PW308C,2
a209ef,N230QS,Dassault,Falcon 2000,Large,Pratt & Whitney Canada,PW308C,2
a954ea,N700DS,Dassault,Falcon 2000,Large,Pratt & Whitney Canada,PW308C,2
406b9d,G-FLXS,Dassault,Falcon 2000,Large,Pratt & Whitney Canada,PW308C,2
0d090e,XA-JBT,Dassault,Falcon 2000,Large,Pratt & Whitney Canada,PW308C,2
a3e2f9,N35FH,Dassault,Falcon 2000,Large,Pratt & Whitney Canada,PW308C,2
a5f425,N483EC,Dassault,Falcon 2000,Large,Pratt & Whitney Canada,PW308C,2
39a465,F-HJDF,Dassault,Falcon 2000,Large,Pratt & Whitney Canada,PW308C,2
a40d5f,N360M,Dassault,Falcon 2000,Large,Pratt & Whitney Canada,PW308C,2
a96920,N705WL,Dassault,Falcon 2000,Large,Pratt & Whitney Canada,PW308C,2
ab4816,N826KR,Dassault,Falcon 2000,Large,Pratt & Whitney Canada,PW308C,2
4badcb,TC-KNK,Dassault,Falcon 2000,Large,Pratt & Whitney Canada,PW308C,2
491187,CS-DLG,Dassault,Falcon 2000,Large,Pratt & Whitney Canada,PW308C,2
a4dd86,N412WD,Dassault,Falcon 2000,Large,Pratt & Whitney Canada,PW308C,2
a9810e,N711PE,Dassault,Falcon 2000,Large,Pratt & Whitney Canada,PW308C,2
a875a2,N644RV,Dassault,Falcon 2000,Large,Pratt & Whitney Canada,PW308C,2
aac524,N793WF,Dassault,Falcon 2000,Large,Pratt & Whitney Canada,PW308C,2
a43f5a,N373EF,Dassault,Falcon 2000,Large,Pratt & Whitney Canada,PW308C,2
a9a597,N720WY,Dassault,Falcon 2000,Large,Pratt & Whitney Canada,PW308C,2
40711b,G-SMSM,Dassault,Falcon 2000,Large,Pratt & Whitney Canada,PW308C,2
e48f62,PR-RNY,Dassault,Falcon 2000,Large,Pratt & Whitney Canada,PW308C,2
ab165c,N813V,Dassault,Falcon 2000,Large,Pratt & Whitney Canada,PW308C,2
a005c9,N100MB,Dassault,Falcon 2000,Large,Pratt & Whitney Canada,PW308C,2
492510,CS-IHP,Dassault,Falcon 2000,Large,Pratt & Whitney Canada,PW308C,2
0d014e,XA-CDT,Dassault,Falcon 2000,Large,Pratt & Whitney Canada,PW308C,2
a335bd,N306BH,Dassault,Falcon 2000,Large,Pratt & Whitney Canada,PW308C,2
a8313f,N627LG,Dassault,Falcon 2000,Large,Pratt & Whitney Canada,PW308C,2
ac21c3,N881CE,Dassault,Falcon 2000,Large,Pratt & Whitney Canada,PW308C,2
a9abc4,N722JB,Dassault,Falcon 2000,Large,Pratt & Whitney Canada,PW308C,2
491292,CS-DTR,Dassault,Falcon 2000,Large,Pratt & Whitney Canada,PW308C,2
a05269,N12LX,Dassault,Falcon 2000,Large,Pratt & Whitney Canada,PW308C,2
a1923d,N200CH,Dassault,Falcon 2000,Large,Pratt & Whitney Canada,PW308C,2
8003a8,VT-HGL,Dassault,Falcon 2000,Large,Pratt & Whitney Canada,PW308C,2
c0737b,C-GRTA,Dassault,Falcon 2000,Large,Pratt & Whitney Canada,PW308C,2
80061b,VT-AVH,Dassault,Falcon 2000,Large,Pratt & Whitney Canada,PW308C,2
a2f6e9,N290QS,Dassault,Falcon 2000,Large,Pratt & Whitney Canada,PW308C,2
a44ba8,N376SC,Dassault,Falcon 2000,Large,Pratt & Whitney Canada,PW308C,2
a97d5e,N710PM,Dassault,Falcon 2000,Large,Pratt & Whitney Canada,PW308C,2
a1fedd,N228BL,Dassault,Falcon 2000,Large,Pratt & Whitney Canada,PW308C,2
a93e8e,N695P,Dassault,Falcon 2000,Large,Pratt & Whitney Canada,PW308C,2
a07f5a,N131EP,Dassault,Falcon 2000,Large,Pratt & Whitney Canada,PW308C,2
a7d2a3,N603CN,Dassault,Falcon 2000,Large,Pratt & Whitney Canada,PW308C,2
a74eb4,N570D,Dassault,Falcon 2000,Large,Pratt & Whitney Canada,PW308C,2
adaa50,N98RP,Dassault,Falcon 2000,Large,Pratt & Whitney Canada,PW308C,2
a05fc0,N123KH,Dassault,Falcon 2000,Large,Pratt & Whitney Canada,PW308C,2
ac82ed,N905NB,Dassault,Falcon 2000,Large,Pratt & Whitney Canada,PW308C,2
ac6350,N898CT,Dassault,Falcon 2000,Large,Pratt & Whitney Canada,PW308C,2
c0749b,C-GSEC,Dassault,Falcon 2000,Large,Pratt & Whitney Canada,PW308C,2
4406d9,OE-HBG,Dassault,Falcon 2000,Large,Pratt & Whitney Canada,PW308C,2
a814fd,N62MF,Dassault,Falcon 2000,Large,Pratt & Whitney Canada,PW308C,2
c038c3,C-FVMW,Dassault,Falcon 2000,Large,Pratt & Whitney Canada,PW308C,2
ac2547,N882AD,Dassault,Falcon 2000,Large,Pratt & Whitney Canada,PW308C,2
3c9654,D-BERT,Dassault,Falcon 2000,Large,Pratt & Whitney Canada,PW308C,2
a203df,N229QS,Dassault,Falcon 2000,Large,Pratt & Whitney Canada,PW308C,2
a26f42,N256RC,Dassault,Falcon 2000,Large,Pratt & Whitney Canada,PW308C,2
ab08a7,N81SV,Dassault,Falcon 2000,Large,Pratt & Whitney Canada,PW308C,2
a66d79,N513KD,Dassault,Falcon 2000,Large,Pratt & Whitney Canada,PW308C,2
a6740f,N515AN,Dassault,Falcon 2000,Large,Pratt & Whitney Canada,PW308C,2
a353eb,N313WA,Dassault,Falcon 2000,Large,Pratt & Whitney Canada,PW308C,2
449d05,OO-GHE,Dassault,Falcon 2000,Large,Pratt & Whitney Canada,PW308C,2
aa9c39,N783FS,Dassault,Falcon 2000,Large,Pratt & Whitney Canada,PW308C,2
a6508e,N506DJ,Dassault,Falcon 2000,Large,Pratt & Whitney Canada,PW308C,2
342496,EC-JXR,Dassault,Falcon 2000,Large,Pratt & Whitney Canada,PW308C,2
aa6ceb,N771BV,Dassault,Falcon 2000,Large,Pratt & Whitney Canada,PW308C,2
a651b1,N506R,Dassault,Falcon 2000,Large,Pratt & Whitney Canada,PW308C,2
a6d65b,N54J,Dassault,Falcon 2000,Large,Pratt & Whitney Canada,PW308C,2
acaa3f,N915LG,Dassault,Falcon 2000,Large,Pratt & Whitney Canada,PW308C,2
e49269,PR-VEN,Dassault,Falcon 2000,Large,Pratt & Whitney Canada,PW308C,2
ac1fb9,N880VJ,Dassault,Falcon 2000,Large,Pratt & Whitney Canada,PW308C,2
4b1543,HB-IBJ,Dassault,Falcon 2000,Large,Pratt & Whitney Canada,PW308C,2
a6a6fa,N528DJ,Dassault,Falcon 2000,Large,Pratt & Whitney Canada,PW308C,2
aa9f91,N784BX,Dassault,Falcon 2000,Large,Pratt & Whitney Canada,PW308C,2
a774b7,N58MW,Dassault,Falcon 2000,Large,Pratt & Whitney Canada,PW308C,2
aac415,N793KK,Dassault,Falcon 2000,Large,Pratt & Whitney Canada,PW308C,2
a04e12,N119EM,Dassault,Falcon 2000,Large,Pratt & Whitney Canada,PW308C,2
a63ed3,N501N,Dassault,Falcon 2000,Large,Pratt & Whitney Canada,PW308C,2
a40aa3,N36HA,Dassault,Falcon 2000,Large,Pratt & Whitney Canada,PW308C,2
aa1884,N75JM,Dassault,Falcon 2000,Large,Pratt & Whitney Canada,PW308C,2
ad48d5,N955SL,Dassault,Falcon 2000,Large,Pratt & Whitney Canada,PW308C,2
adca6c,N988S,Dassault,Falcon 2000,Large,Pratt & Whitney Canada,PW308C,2
a6417e,N502BG,Dassault,Falcon 2000,Large,Pratt & Whitney Canada,PW308C,2
a7fa00,N613BD,Dassault,Falcon 2000,Large,Pratt & Whitney Canada,PW308C,2
a42b19,N368MB,Dassault,Falcon 2000,Large,Pratt & Whitney Canada,PW308C,2
a2c2a0,N277XX,Dassault,Falcon 2000,Large,Pratt & Whitney Canada,PW308C,2
3001ca,I-SEAE,Dassault,Falcon 2000,Large,Pratt & Whitney Canada,PW308C,2
acb854,N919CH,Dassault,Falcon 2000,Large,Pratt & Whitney Canada,PW308C,2
a5f9e2,N4840W,Dassault,Falcon 2000,Large,Pratt & Whitney Canada,PW308C,2
ad81d0,N97FG,Dassault,Falcon 2000,Large,Pratt & Whitney Canada,PW308C,2
484f50,PH-CTH,Dassault,Falcon 2000,Large,Pratt & Whitney Canada,PW308C,2
a56d9d,N449SA,Dassault,Falcon 2000,Large,Pratt & Whitney Canada,PW308C,2
ac6de9,N90MC,Dassault,Falcon 2000,Large,Pratt & Whitney Canada,PW308C,2
a17ba2,N195KC,Dassault,Falcon 2000,Large,Pratt & Whitney Canada,PW308C,2
a20de9,N231TJ,Dassault,Falcon 2000,Large,Pratt & Whitney Canada,PW308C,2
acaab7,N915RB,Dassault,Falcon 2000,Large,Pratt & Whitney Canada,PW308C,2
a4abf9,N40TH,Dassault,Falcon 2000,Large,Pratt & Whitney Canada,PW308C,2
a33ecc,N308U,Dassault,Falcon 2000,Large,Pratt & Whitney Canada,PW308C,2
a1c95c,N214LD,Dassault,Falcon 2000,Large,Pratt & Whitney Canada,PW308C,2
ac5fa0,N897D,Dassault,Falcon 2000,Large,Pratt & Whitney Canada,PW308C,2
c050a1,C-GENW,Dassault,Falcon 2000,Large,Pratt & Whitney Canada,PW308C,2
a4322b,N37HK,Dassault,Falcon 2000,Large,Pratt & Whitney Canada,PW308C,2
aab632,N79FJ,Dassault,Falcon 2000,Large,Pratt & Whitney Canada,PW308C,2
a9212f,N688CP,Dassault,Falcon 2000,Large,Pratt & Whitney Canada,PW308C,2
aadfa8,N80BL,Dassault,Falcon 2000,Large,Pratt & Whitney Canada,PW308C,2
aa43eb,N7600L,Dassault,Falcon 2000,Large,Pratt & Whitney Canada,PW308C,2
ac7849,N902TF,Dassault,Falcon 2000,Large,Pratt & Whitney Canada,PW308C,2
a40a65,N36EP,Dassault,Falcon 2000,Large,Pratt & Whitney Canada,PW308C,2
500084,T7-RSN,Dassault,Falcon 2000,Large,Pratt & Whitney Canada,PW308C,2
8004c1,VT-VKR,Dassault,Falcon 2000,Large,Pratt & Whitney Canada,PW308C,2
a33aa9,N307PS,Dassault,Falcon 2000,Large,Pratt & Whitney Canada,PW308C,2
a1a24e,N204QS,Dassault,Falcon 2000,Large,Pratt & Whitney Canada,PW308C,2
aa6d79,N771HM,Dassault,Falcon 2000,Large,Pratt & Whitney Canada,PW308C,2
a38513,N326EW,Dassault,Falcon 2000,Large,Pratt & Whitney Canada,PW308C,2
a2ae6a,N272FC,Dassault,Falcon 2000,Large,Pratt & Whitney Canada,PW308C,2
38221a,F-WWMG,Dassault,Falcon 2000,Large,Pratt & Whitney Canada,PW308C,2
506f24,L1-01,Dassault,Falcon 2000,Large,Pratt & Whitney Canada,PW308C,2
a9a14f,N72BC,Dassault,Falcon 2000,Large,Pratt & Whitney Canada,PW308C,2
a81aa7,N621HD,Dassault,Falcon 2000,Large,Pratt & Whitney Canada,PW308C,2
39d0d2,F-HUGS,Dassault,Falcon 2000,Large,Pratt & Whitney Canada,PW308C,2
a14b0f,N1824S,Dassault,Falcon 2000,Large,Pratt & Whitney Canada,PW308C,2
4c1652,YU-FSS,Dassault,Falcon 2000,Large,Pratt & Whitney Canada,PW308C,2
a19bb1,N202ZA,Dassault,Falcon 2000,Large,Pratt & Whitney Canada,PW308C,2
0d01cf,XA-AVE,Dassault,Falcon 2000,Large,Pratt & Whitney Canada,PW308C,2
451c42,LZ-OOI,Dassault,Falcon 2000,Large,Pratt & Whitney Canada,PW308C,2
aca69d,N914MC,Dassault,Falcon 2000,Large,Pratt & Whitney Canada,PW308C,2
406fef,G-TNIK,Dassault,Falcon 2000,Large,Pratt & Whitney Canada,PW308C,2
a03427,N112FJ,Dassault,Falcon 2000,Large,Pratt & Whitney Canada,PW308C,2
a41b2d,N364AE,Dassault,Falcon 2000,Large,Pratt & Whitney Canada,PW308C,2
aae27b,N800GH,Dassault,Falcon 2000,Large,Pratt & Whitney Canada,PW308C,2
a9017f,N68GL,Dassault,Falcon 2000,Large,Pratt & Whitney Canada,PW308C,2
a8e16f,N671WM,Dassault,Falcon 2000,Large,Pratt & Whitney Canada,PW308C,2
3001a7,I-ARIF,Dassault,Falcon 2000,Large,Pratt & Whitney Canada,PW308C,2
a217e2,N234FJ,Dassault,Falcon 2000,Large,Pratt & Whitney Canada,PW308C,2
aab8cd,N790J,Dassault,Falcon 2000,Large,Pratt & Whitney Canada,PW308C,2
a446fe,N375GK,Dassault,Falcon 2000,Large,Pratt & Whitney Canada,PW308C,2
8005cf,VT-AYV,Dassault,Falcon 2000,Large,Pratt & Whitney Canada,PW308C,2
a5e7c7,N48RR,Dassault,Falcon 2000,Large,Pratt & Whitney Canada,PW308C,2
a39a36,N331HA,Dassault,Falcon 2000,Large,Pratt & Whitney Canada,PW308C,2
a2e48d,N286CX,Dassault,Falcon 2000,Large,Pratt & Whitney Canada,PW308C,2
4b1866,HB-JGG,Dassault,Falcon 2000,Large,Pratt & Whitney Canada,PW308C,2
a1f3e5,N225DF,Dassault,Falcon 2000,Large,Pratt & Whitney Canada,PW308C,2
c06531,C-GMII,Dassault,Falcon 2000,Large,Pratt & Whitney Canada,PW308C,2
aad352,N797PG,Dassault,Falcon 2000,Large,Pratt & Whitney Canada,PW308C,2
c0744d,C-GSBC,Dassault,Falcon 2000,Large,Pratt & Whitney Canada,PW308C,2
a1d8a9,N218QS,Dassault,Falcon 2000,Large,Pratt & Whitney Canada,PW308C,2
a26ade,N255JE,Dassault,Falcon 2000,Large,Pratt & Whitney Canada,PW308C,2
a8b2f7,N66MD,Dassault,Falcon 2000,Large,Pratt & Whitney Canada,PW308C,2
3cbdce,D-BONN,Dassault,Falcon 2000,Large,Pratt & Whitney Canada,PW308C,2
a6780b,N516DG,Dassault,Falcon 2000,Large,Pratt & Whitney Canada,PW308C,2
8004f8,VT-RVL,Dassault,Falcon 2000,Large,Pratt & Whitney Canada,PW308C,2
ac836e,N905TF,Dassault,Falcon 2000,Large,Pratt & Whitney Canada,PW308C,2
e90d02,CX-MBS,Dassault,Falcon 2000,Large,Pratt & Whitney Canada,PW308C,2
a361e5,N317M,Dassault,Falcon 2000,Large,Pratt & Whitney Canada,PW308C,2
ab479e,N826EW,Dassault,Falcon 2000,Large,Pratt & Whitney Canada,PW308C,2
a431c3,N37DF,Dassault,Falcon 2000,Large,Pratt & Whitney Canada,PW308C,2
a396b0,N330K,Dassault,Falcon 2000,Large,Pratt & Whitney Canada,PW308C,2
a03713,N1128B,Dassault,Falcon 2000,Large,Pratt & Whitney Canada,PW308C,2
4b1536,HB-IAW,Dassault,Falcon 2000,Large,Pratt & Whitney Canada,PW308C,2
a2115d,N232QS,Dassault,Falcon 2000,Large,Pratt & Whitney Canada,PW308C,2
4b9dc3,TC-GNC,Dassault,Falcon 2000,Large,Pratt & Whitney Canada,PW308C,2
30011f,I-FLYV,Dassault,Falcon 2000,Large,Pratt & Whitney Canada,PW308C,2
a5f023,N482BC,Dassault,Falcon 2000,Large,Pratt & Whitney Canada,PW308C,2
c0228f,C-FNCG,Dassault,Falcon 2000,Large,Pratt & Whitney Canada,PW308C,2
a379e0,N323EG,Dassault,Falcon 2000,Large,Pratt & Whitney Canada,PW308C,2
a45931,N38CP,Dassault,Falcon 2000,Large,Pratt & Whitney Canada,PW308C,2
341545,EC-HYI,Dassault,Falcon 2000,Large,Pratt & Whitney Canada,PW308C,2
44033f,OE-HMR,Dassault,Falcon 2000,Large,Pratt & Whitney Canada,PW308C,2
a63b04,N500MA,Dassault,Falcon 2000,Large,Pratt & Whitney Canada,PW308C,2
a7f05b,N610SN,Dassault,Falcon 2000,Large,Pratt & Whitney Canada,PW308C,2
a82215,N623HD,Dassault,Falcon 2000,Large,Pratt & Whitney Canada,PW308C,2
a9bb57,N726RK,Dassault,Falcon 2000,Large,Pratt & Whitney Canada,PW308C,2
acca1c,N923JE,Dassault,Falcon 2000,Large,Pratt & Whitney Canada,PW308C,2
a6ab45,N529KG,Dassault,Falcon 2000,Large,Pratt & Whitney Canada,PW308C,2
ac1f55,N880RJ,Dassault,Falcon 2000,Large,Pratt & Whitney Canada,PW308C,2
ad4ee8,N957CP,Dassault,Falcon 2000,Large,Pratt & Whitney Canada,PW308C,2
800140,VT-TBT,Dassault,Falcon 2000,Large,Pratt & Whitney Canada,PW308C,2
a20733,N23LT,Dassault,Falcon 2000,Large,Pratt & Whitney Canada,PW308C,2
4c8031,5B-CKO,Dassault,Falcon 2000,Large,Pratt & Whitney Canada,PW308C,2
a1723e,N1922G,Dassault,Falcon 2000,Large,Pratt & Whitney Canada,PW308C,2
a96ead,N707BE,Dassault,Falcon 2000,Large,Pratt & Whitney Canada,PW308C,2
a3522b,N313CC,Dassault,Falcon 2000,Large,Pratt & Whitney Canada,PW308C,2
a68b46,N5200,Dassault,Falcon 2000,Large,Pratt & Whitney Canada,PW308C,2
800b79,VT-CLF,Dassault,Falcon 2000,Large,Pratt & Whitney Canada,PW308C,2
a500e9,N421SC,Dassault,Falcon 2000,Large,Pratt & Whitney Canada,PW308C,2
a4ab89,N40NW,Dassault,Falcon 2000,Large,Pratt & Whitney Canada,PW308C,2
4060ba,G-LSMB,Dassault,Falcon 2000,Large,Pratt & Whitney Canada,PW308C,2
398166,F-HALG,Dassault,Falcon 2000,Large,Pratt & Whitney Canada,PW308C,2
a5490f,N44JC,Dassault,Falcon 2000,Large,Pratt & Whitney Canada,PW308C,2
a77c26,N5811M,Dassault,Falcon 2000,Large,Pratt & Whitney Canada,PW308C,2
abcd31,N86HD,Dassault,Falcon 2000,Large,Pratt & Whitney Canada,PW308C,2
ad527f,N958BG,Dassault,Falcon 2000,Large,Pratt & Whitney Canada,PW308C,2
aae109,N80RP,Dassault,Falcon 2000,Large,Pratt & Whitney Canada,PW308C,2
a17f59,N196KC,Dassault,Falcon 2000,Large,Pratt & Whitney Canada,PW308C,2
a94292,N696SB,Dassault,Falcon 2000,Large,Pratt & Whitney Canada,PW308C,2
8001c5,VT-AAT,Dassault,Falcon 2000,Large,Pratt & Whitney Canada,PW308C,2
aba904,N850TC,Dassault,Falcon 2000,Large,Pratt & Whitney Canada,PW308C,2
ac3cb6,N888MX,Dassault,Falcon 2000,Large,Pratt & Whitney Canada,PW308C,2
a912fa,N684KF,Dassault,Falcon 2000,Large,Pratt & Whitney Canada,PW308C,2
c00022,C-FABH,Dassault,Falcon 2000,Large,Pratt & Whitney Canada,PW308C,2
a59b34,N460SJ,Dassault,Falcon 2000,Large,Pratt & Whitney Canada,PW308C,2
a95d3d,N702NW,Dassault,Falcon 2000,Large,Pratt & Whitney Canada,PW308C,2
491188,CS-DLH,Dassault,Falcon 2000,Large,Pratt & Whitney Canada,PW308C,2
a9d711,N733K,Dassault,Falcon 2000,Large,Pratt & Whitney Canada,PW308C,2
a680c8,N518SS,Dassault,Falcon 2000,Large,Pratt & Whitney Canada,PW308C,2
ac3fc4,N889FC,Dassault,Falcon 2000,Large,Pratt & Whitney Canada,PW308C,2
a33a9c,N307PD,Dassault,Falcon 2000,Large,Pratt & Whitney Canada,PW308C,2
ad4498,N954MB,Dassault,Falcon 2000,Large,Pratt & Whitney Canada,PW308C,2
ac7492,N901TF,Dassault,Falcon 2000,Large,Pratt & Whitney Canada,PW308C,2
abd02d,N860PS,Dassault,Falcon 2000,Large,Pratt & Whitney Canada,PW308C,2
a82dc5,N626NT,Dassault,Falcon 2000,Large,Pratt & Whitney Canada,PW308C,2
780c59,B-8210,Dassault,Falcon 2000,Large,Pratt & Whitney Canada,PW308C,2
a6960a,N523WC,Dassault,Falcon 2000,Large,Pratt & Whitney Canada,PW308C,2
a90190,N68HC,Dassault,Falcon 2000,Large,Pratt & Whitney Canada,PW308C,2
ac2a95,N883SL,Dassault,Falcon 2000,Large,Pratt & Whitney Canada,PW308C,2
e48f50,PP-LFS,Dassault,Falcon 2000,Large,Pratt & Whitney Canada,PW308C,2
4bcda3,TC-SMC,Dassault,Falcon 2000,Large,Pratt & Whitney Canada,PW308C,2
a4d5b7,N410SG,Dassault,Falcon 2000,Large,Pratt & Whitney Canada,PW308C,2
a8395c,N629TG,Dassault,Falcon 2000,Large,Pratt & Whitney Canada,PW308C,2
a1e062,N22TS,Dassault,Falcon 2000,Large,Pratt & Whitney Canada,PW308C,2
a8a708,N657DB,Dassault,Falcon 2000,Large,Pratt & Whitney Canada,PW308C,2
882e01,HS-KPA,Dassault,Falcon 2000,Large,Pratt & Whitney Canada,PW308C,2
a02b94,N11TS,Dassault,Falcon 2000,Large,Pratt & Whitney Canada,PW308C,2
780fd0,B-3211,Dassault,Falcon 2000,Large,Pratt & Whitney Canada,PW308C,2
a69079,N522BD,Dassault,Falcon 2000,Large,Pratt & Whitney Canada,PW308C,2
a0174d,N105AF,Dassault,Falcon 2000,Large,Pratt & Whitney Canada,PW308C,2
a001e9,N1VM,Dassault,Falcon 2000,Large,Pratt & Whitney Canada,PW308C,2
e47e28,PP-CFF,Dassault,Falcon 2000,Large,Pratt & Whitney Canada,PW308C,2
a2b6fd,N274SW,Dassault,Falcon 2000,Large,Pratt & Whitney Canada,PW308C,2
43ea9e,M-CKSB,Dassault,Falcon 2000,Large,Pratt & Whitney Canada,PW308C,2
a1cd84,N215QS,Dassault,Falcon 2000,Large,Pratt & Whitney Canada,PW308C,2
a05c75,N122PR,Dassault,Falcon 2000,Large,Pratt & Whitney Canada,PW308C,2
aa718b,N772MC,Dassault,Falcon 2000,Large,Pratt & Whitney Canada,PW308C,2
a19313,N200LX,Dassault,Falcon 2000,Large,Pratt & Whitney Canada,PW308C,2
a5b75f,N468AM,Dassault,Falcon 2000,Large,Pratt & Whitney Canada,PW308C,2
a8e02f,N671HS,Dassault,Falcon 2000,Large,Pratt & Whitney Canada,PW308C,2
c072ff,C-GROG,Dassault,Falcon 2000,Large,Pratt & Whitney Canada,PW308C,2
a197be,N201WR,Dassault,Falcon 2000,Large,Pratt & Whitney Canada,PW308C,2
4910c7,CS-DFG,Dassault,Falcon 2000,Large,Pratt & Whitney Canada,PW308C,2
a44f5f,N377SC,Dassault,Falcon 2000,Large,Pratt & Whitney Canada,PW308C,2
4bb121,TC-LIA,Dassault,Falcon 2000,Large,Pratt & Whitney Canada,PW308C,2
5110da,ES-CKH,Dassault,Falcon 2000,Large,Pratt & Whitney Canada,PW308C,2
a1e627,N221QS,Dassault,Falcon 2000,Large,Pratt & Whitney Canada,PW308C,2
acdaec,N9273,Dassault,Falcon 2000,Large,Pratt & Whitney Canada,PW308C,2
a3b873,N339NJ,Dassault,Falcon 2000,Large,Pratt & Whitney Canada,PW308C,2
a5224e,N43RT,Dassault,Falcon 2000,Large,Pratt & Whitney Canada,PW308C,2
a8dae8,N67RT,Dassault,Falcon 2000,Large,Pratt & Whitney Canada,PW308C,2
47942d,LN-RTG,Dassault,Falcon 2000,Large,Pratt & Whitney Canada,PW308C,2
ac90d3,N909CF,Dassault,Falcon 2000,Large,Pratt & Whitney Canada,PW308C,2
4910cb,CS-DFK,Dassault,Falcon 2000,Large,Pratt & Whitney Canada,PW308C,2
a2c990,N279SW,Dassault,Falcon 2000,Large,Pratt & Whitney Canada,PW308C,2
ac4332,N89CE,Dassault,Falcon 2000,Large,Pratt & Whitney Canada,PW308C,2
a4bd74,N404WC,Dassault,Falcon 2000,Large,Pratt & Whitney Canada,PW308C,2
4b15d0,HB-IGU,Dassault,Falcon 2000,Large,Pratt & Whitney Canada,PW308C,2
0d08f7,XA-FLC,Dassault,Falcon 2000,Large,Pratt & Whitney Canada,PW308C,2
a0f179,N16XY,Dassault,Falcon 2000,Large,Pratt & Whitney Canada,PW308C,2
a12121,N172FJ,Dassault,Falcon 2000,Large,Pratt & Whitney Canada,PW308C,2
a614fb,N491N,Dassault,Falcon 2000,Large,Pratt & Whitney Canada,PW308C,2
4bccef,TC-SGO,Dassault,Falcon 2000,Large,Pratt & Whitney Canada,PW308C,2
aa7d3c,N775ST,Dassault,Falcon 2000,Large,Pratt & Whitney Canada,PW308C,2
aa2307,N752S,Dassault,Falcon 2000,Large,Pratt & Whitney Canada,PW308C,2
4911d2,CS-DNR,Dassault,Falcon 2000,Large,Pratt & Whitney Canada,PW308C,2
ac225c,N881JH,Dassault,Falcon 2000,Large,Pratt & Whitney Canada,PW308C,2
a172a0,N1925,Dassault,Falcon 2000,Large,Pratt & Whitney Canada,PW308C,2
a9555a,N700JD,Dassault,Falcon 2000,Large,Pratt & Whitney Canada,PW308C,2
aa5c87,N767LD,Dassault,Falcon 2000,Large,Pratt & Whitney Canada,PW308C,2
add691,N991CE,Dassault,Falcon 2000,Large,Pratt & Whitney Canada,PW308C,2
a66ce8,N513DJ,Dassault,Falcon 2000,Large,Pratt & Whitney Canada,PW308C,2
4069ae,G-VPCM,Dassault,Falcon 2000,Large,Pratt & Whitney Canada,PW308C,2
a33a6a,N307MD,Dassault,Falcon 2000,Large,Pratt & Whitney Canada,PW308C,2
a169bc,N190SA,Dassault,Falcon 2000,Large,Pratt & Whitney Canada,PW308C,2
e48beb,PT-FCS,Dassault,Falcon 2000,Large,Pratt & Whitney Canada,PW308C,2
aaba44,N790Z,Dassault,Falcon 2000,Large,Pratt & Whitney Canada,PW308C,2
00a8c2,ZS-PKR,Dassault,Falcon 2000,Large,Pratt & Whitney Canada,PW308C,2
aa11c5,N748RM,Dassault,Falcon 2000,Large,Pratt & Whitney Canada,PW308C,2
300371,I-KERE,Dassault,Falcon 2000,Large,Pratt & Whitney Canada,PW308C,2
a98bb3,N714JB,Dassault,Falcon 2000,Large,Pratt & Whitney Canada,PW308C,2
a0bcec,N147CJ,Dassault,Falcon 2000,Large,Pratt & Whitney Canada,PW308C,2
ac32c0,N8850,Dassault,Falcon 2000,Large,Pratt & Whitney Canada,PW308C,2
a431d7,N37EA,Dassault,Falcon 2000,Large,Pratt & Whitney Canada,PW308C,2
a1a116,N204CE,Dassault,Falcon 2000,Large,Pratt & Whitney Canada,PW308C,2
a02033,N107RG,Dassault,Falcon 2000,Large,Pratt & Whitney Canada,PW308C,2
a000d4,N1JK,Dassault,Falcon 2000,Large,Pratt & Whitney Canada,PW308C,2
a266e0,N254FJ,Dassault,Falcon 2000,Large,Pratt & Whitney Canada,PW308C,2
a7f6dc,N612HA,Dassault,Falcon 2000,Large,Pratt & Whitney Canada,PW308C,2
a15aae,N187AA,Dassault,Falcon 2000,Large,Pratt & Whitney Canada,PW308C,2
43eaeb,M-ARIA,Dassault,Falcon 2000,Large,Pratt & Whitney Canada,PW308C,2
a34b66,N311JX,Dassault,Falcon 2000,Large,Pratt & Whitney Canada,PW308C,2
a8e0c2,N671PP,Dassault,Falcon 2000,Large,Pratt & Whitney Canada,PW308C,2
a7b13f,N595P,Dassault,Falcon 2000,Large,Pratt & Whitney Canada,PW308C,2
0d0798,XA-KAR,Dassault,Falcon 2000,Large,Pratt & Whitney Canada,PW308C,2
a0032f,N10JM,Dassault,Falcon 2000,Large,Pratt & Whitney Canada,PW308C,2
a814f4,N62LX,Dassault,Falcon 2000,Large,Pratt & Whitney Canada,PW308C,2
a5e759,N48MF,Dassault,Falcon 2000,Large,Pratt & Whitney Canada,PW308C,2
491184,CS-DLD,Dassault,Falcon 2000,Large,Pratt & Whitney Canada,PW308C,2
a364c6,N318CL,Dassault,Falcon 2000,Large,Pratt & Whitney Canada,PW308C,2
a049ef,N118AD,Dassault,Falcon 2000,Large,Pratt & Whitney Canada,PW308C,2
c069ec,C-GOCX,Dassault,Falcon 2000,Large,Pratt & Whitney Canada,PW308C,2
a57112,N45PK,Dassault,Falcon 2000,Large,Pratt & Whitney Canada,PW308C,2
a475d1,N387FJ,Dassault,Falcon 2000,Large,Pratt & Whitney Canada,PW308C,2
e47def,PT-WYC,Dassault,Falcon 2000,Large,Pratt & Whitney Canada,PW308C,2
a21514,N233QS,Dassault,Falcon 2000,Large,Pratt & Whitney Canada,PW308C,2
43e9d8,M-FTHD,Dassault,Falcon 2000,Large,Pratt & Whitney Canada,PW308C,2
a185b2,N1978X,Dassault,Falcon 2000,Large,Pratt & Whitney Canada,PW308C,2
a19153,N20T,Dassault,Falcon 2000,Large,Pratt & Whitney Canada,PW308C,2
a2229c,N237BB,Dassault,Falcon 2000,Large,Pratt & Whitney Canada,PW308C,2
acdde0,N928WK,Dassault,Falcon 2000,Large,Pratt & Whitney Canada,PW308C,2
a19706,N201PG,Dassault,Falcon 2000,Large,Pratt & Whitney Canada,PW308C,2
4b1534,HB-IAU,Dassault,Falcon 2000,Large,Pratt & Whitney Canada,PW308C,2
a23f0d,N244C,Dassault,Falcon 2000,Large,Pratt & Whitney Canada,PW308C,2
459eeb,OY-GWK,Dassault,Falcon 2000,Large,Pratt & Whitney Canada,PW308C,2
a7ed32,N61JE,Dassault,Falcon 2000,Large,Pratt & Whitney Canada,PW308C,2
a7c77e,N600CN,Dassault,Falcon 2000,Large,Pratt & Whitney Canada,PW308C,2
a22039,N236QS,Dassault,Falcon 2000,Large,Pratt & Whitney Canada,PW308C,2
acb178,N917JD,Dassault,Falcon 2000,Large,Pratt & Whitney Canada,PW308C,2
a6ce07,N5379F,Dassault,Falcon 2000,Large,Pratt & Whitney Canada,PW308C,2
a683aa,N519JD,Dassault,Falcon 2000,Large,Pratt & Whitney Canada,PW308C,2
a06020,N123PD,Dassault,Falcon 2000,Large,Pratt & Whitney Canada,PW308C,2
45b4e1,OY-MGA,Dassault,Falcon 2000,Large,Pratt & Whitney Canada,PW308C,2
a3a21d,N333MX,Dassault,Falcon 2000,Large,Pratt & Whitney Canada,PW308C,2
ac3456,N886CE,Dassault,Falcon 2000,Large,Pratt & Whitney Canada,PW308C,2
a657fc,N508DJ,Dassault,Falcon 2000,Large,Pratt & Whitney Canada,PW308C,2
a81818,N620V,Dassault,Falcon 2000,Large,Pratt & Whitney Canada,PW308C,2
a1f8ba,N226QS,Dassault,Falcon 2000,Large,Pratt & Whitney Canada,PW308C,2
449887,OO-FDG,Dassault,Falcon 2000,Large,Pratt & Whitney Canada,PW308C,2
acbfbb,N920SA,Dassault,Falcon 2000,Large,Pratt & Whitney Canada,PW308C,2
406f1d,G-YFOX,Dassault,Falcon 2000,Large,Pratt & Whitney Canada,PW308C,2
8001e5,VT-VLM,Dassault,Falcon 2000,Large,Pratt & Whitney Canada,PW308C,2
ac152d,N878MM,Dassault,Falcon 2000,Large,Pratt & Whitney Canada,PW308C,2
a7a92b,N593GJ,Dassault,Falcon 2000,Large,Pratt & Whitney Canada,PW308C,2
a68a81,N520SC,Dassault,Falcon 2000,Large,Pratt & Whitney Canada,PW308C,2
aad223,N797BD,Dassault,Falcon 2000,Large,Pratt & Whitney Canada,PW308C,2
a7f7c0,N612SD,Dassault,Falcon 2000,Large,Pratt & Whitney Canada,PW308C,2
a6af49,N53NJ,Dassault,Falcon 2000,Large,Pratt & Whitney Canada,PW308C,2
a00131,N1NC,Dassault,Falcon 2000,Large,Pratt & Whitney Canada,PW308C,2
ac4480,N89RP,Dassault,Falcon 2000,Large,Pratt & Whitney Canada,PW308C,2
a6755b,N515PV,Dassault,Falcon 2000,Large,Pratt & Whitney Canada,PW308C,2
0d00cb,XA-CMM,Dassault,Falcon 2000,Large,Pratt & Whitney Canada,PW308C,2
a2b346,N273SW,Dassault,Falcon 2000,Large,Pratt & Whitney Canada,PW308C,2
a16bb0,N1908W,Dassault,Falcon 2000,Large,Pratt & Whitney Canada,PW308C,2
c0212f,C-FMOS,Dassault,Falcon 2000,Large,Pratt & Whitney Canada,PW308C,2
a199eb,N202EX,Dassault,Falcon 2000,Large,Pratt & Whitney Canada,PW308C,2
a38961,N327LX,Dassault,Falcon 2000,Large,Pratt & Whitney Canada,PW308C,2
a087d8,N133RL,Dassault,Falcon 2000,Large,Pratt & Whitney Canada,PW308C,2
a26b80,N255QS,Dassault,Falcon 2000,Large,Pratt & Whitney Canada,PW308C,2
a3be5e,N340LX,Dassault,Falcon 2000,Large,Pratt & Whitney Canada,PW308C,2
a58510,N455DX,Dassault,Falcon 2000,Large,Pratt & Whitney Canada,PW308C,2
a1cc9a,N215FH,Dassault,Falcon 2000,Large,Pratt & Whitney Canada,PW308C,2
a19e97,N203QS,Dassault,Falcon 2000,Large,Pratt & Whitney Canada,PW308C,2
4d0221,LX-EVM,Dassault,Falcon 2000,Large,Pratt & Whitney Canada,PW308C,2
aa7881,N774GH,Dassault,Falcon 2000,Large,Pratt & Whitney Canada,PW308C,2
47929b,LN-RTN,Dassault,Falcon 2000,Large,Pratt & Whitney Canada,PW308C,2
503c2b,LY-GVS,Dassault,Falcon 2000,Large,Pratt & Whitney Canada,PW308C,2
a2de46,N284QS,Dassault,Falcon 2000,Large,Pratt & Whitney Canada,PW308C,2
a40ccc,N360FC,Dassault,Falcon 2000,Large,Pratt & Whitney Canada,PW308C,2
ab1257,N812RX,Dassault,Falcon 2000,Large,Pratt & Whitney Canada,PW308C,2
a5a2ab,N462ST,Dassault,Falcon 2000,Large,Pratt & Whitney Canada,PW308C,2
a1c616,N213QS,Dassault,Falcon 2000,Large,Pratt & Whitney Canada,PW308C,2
a4abd1,N40RT,Dassault,Falcon 2000,Large,Pratt & Whitney Canada,PW308C,2
459d6a,OY-GKJ,Dassault,Falcon 2000,Large,Pratt & Whitney Canada,PW308C,2
a9c589,N729FS,Dassault,Falcon 2000,Large,Pratt & Whitney Canada,PW308C,2
a61ccd,N493S,Dassault,Falcon 2000,Large,Pratt & Whitney Canada,PW308C,2
ac96ee,N910CS,Dassault,Falcon 2000,Large,Pratt & Whitney Canada,PW308C,2
ac1595,N878RR,Dassault,Falcon 2000,Large,Pratt & Whitney Canada,PW308C,2
a9d630,N733A,Dassault,Falcon 2000,Large,Pratt & Whitney Canada,PW308C,2
a6dde2,N541Z,Dassault,Falcon 2000,Large,Pratt & Whitney Canada,PW308C,2
a44dd3,N377AG,Dassault,Falcon 2000,Large,Pratt & Whitney Canada,PW308C,2
43ea05,M-YUMN,Dassault,Falcon 2000,Large,Pratt & Whitney Canada,PW308C,2
ac7f8b,N904RM,Dassault,Falcon 2000,Large,Pratt & Whitney Canada,PW308C,2
a144fd,N181GD,Dassault,Falcon 2000,Large,Pratt & Whitney Canada,PW308C,2
aa8eb3,N78FJ,Dassault,Falcon 2000,Large,Pratt & Whitney Canada,PW308C,2
a2d321,N281QS,Dassault,Falcon 2000,Large,Pratt & Whitney Canada,PW308C,2
aa672b,N77F,Dassault,Falcon 2000,Large,Pratt & Whitney Canada,PW308C,2
44da4f,OO-VRO,Dassault,Falcon 2000,Large,Pratt & Whitney Canada,PW308C,2
4b1999,HB-JSB,Dassault,Falcon 2000,Large,Pratt & Whitney Canada,PW308C,2
406f3f,G-FLLY,Dassault,Falcon 2000,Large,Pratt & Whitney Canada,PW308C,2
a6743a,N515CF,Dassault,Falcon 2000,Large,Pratt & Whitney Canada,PW308C,2
aa3cd6,N759Q,Dassault,Falcon 2000,Large,Pratt & Whitney Canada,PW308C,2
a1e993,N222MS,Dassault,Falcon 2000,Large,Pratt & Whitney Canada,PW308C,2
a7077f,N552GR,Dassault,Falcon 2000,Large,Pratt & Whitney Canada,PW308C,2
a16579,N1897S,Dassault,Falcon 2000,Large,Pratt & Whitney Canada,PW308C,2
a99697,N717FM,Dassault,Falcon 2000,Large,Pratt & Whitney Canada,PW308C,2
ab943c,N845UP,Dassault,Falcon 2000,Large,Pratt & Whitney Canada,PW308C,2
4b18d3,HB-JKL,Dassault,Falcon 2000,Large,Pratt & Whitney Canada,PW308C,2
a8603e,N639M,Dassault,Falcon 2000,Large,Pratt & Whitney Canada,PW308C,2
a0ab2e,N142LX,Dassault,Falcon 2000,Large,Pratt & Whitney Canada,PW308C,2
a7742c,N58GG,Dassault,Falcon 2000,Large,Pratt & Whitney Canada,PW308C,2
43ead4,M-FLCN,Dassault,Falcon 2000,Large,Pratt & Whitney Canada,PW308C,2
acd0d9,N925BC,Dassault,Falcon 2000,Large,Pratt & Whitney Canada,PW308C,2
a2c4db,N278GS,Dassault,Falcon 2000,Large,Pratt & Whitney Canada,PW308C,2
a2c1ec,N277QS,Dassault,Falcon 2000,Large,Pratt & Whitney Canada,PW308C,2
a24bf8,N247WD,Dassault,Falcon 2000,Large,Pratt & Whitney Canada,PW308C,2
abee27,N868SH,Dassault,Falcon 2000,Large,Pratt & Whitney Canada,PW308C,2
ad9340,N974HR,Dassault,Falcon 2000,Large,Pratt & Whitney Canada,PW308C,2
43e89e,M-RONE,Dassault,Falcon 2000,Large,Pratt & Whitney Canada,PW308C,2
a5c2a1,N470RR,Dassault,Falcon 2000,Large,Pratt & Whitney Canada,PW308C,2
780c85,B-8213,Dassault,Falcon 7X,Large,Pratt & Whitney Canada,PW307A,3
43e9f3,M-GMKM,Dassault,Falcon 7X,Large,Pratt & Whitney Canada,PW307A,3
78099e,B-8206,Dassault,Falcon 7X,Large,Pratt & Whitney Canada,PW307A,3
4d0230,LX-AMB,Dassault,Falcon 7X,Large,Pratt & Whitney Canada,PW307A,3
0d094d,XA-GOR,Dassault,Falcon 7X,Large,Pratt & Whitney Canada,PW307A,3
a55af0,N444R,Dassault,Falcon 7X,Large,Pratt & Whitney Canada,PW307A,3
ab3946,N822LC,Dassault,Falcon 7X,Large,Pratt & Whitney Canada,PW307A,3
424955,VQ-BSP,Dassault,Falcon 7X,Large,Pratt & Whitney Canada,PW307A,3
780baf,B-8218,Dassault,Falcon 7X,Large,Pratt & Whitney Canada,PW307A,3
a720e6,N559AM,Dassault,Falcon 7X,Large,Pratt & Whitney Canada,PW307A,3
4a9144,SE-DJD,Dassault,Falcon 7X,Large,Pratt & Whitney Canada,PW307A,3
aa918c,N780LM,Dassault,Falcon 7X,Large,Pratt & Whitney Canada,PW307A,3
484101,P4-SCM,Dassault,Falcon 7X,Large,Pratt & Whitney Canada,PW307A,3
42496e,VQ-BGG,Dassault,Falcon 7X,Large,Pratt & Whitney Canada,PW307A,3
a74fe6,N570RF,Dassault,Falcon 7X,Large,Pratt & Whitney Canada,PW307A,3
4246a4,VP-BUG,Dassault,Falcon 7X,Large,Pratt & Whitney Canada,PW307A,3
ac8708,N906SB,Dassault,Falcon 7X,Large,Pratt & Whitney Canada,PW307A,3
e48f76,PR-NAK,Dassault,Falcon 7X,Large,Pratt & Whitney Canada,PW307A,3
43ea98,M-OEPL,Dassault,Falcon 7X,Large,Pratt & Whitney Canada,PW307A,3
3c4ccc,D-ACFL,Dassault,Falcon 7X,Large,Pratt & Whitney Canada,PW307A,3
46a8b4,SX-JET,Dassault,Falcon 7X,Large,Pratt & Whitney Canada,PW307A,3
43e887,M-MNCC,Dassault,Falcon 7X,Large,Pratt & Whitney Canada,PW307A,3
4b19a5,HB-JSN,Dassault,Falcon 7X,Large,Pratt & Whitney Canada,PW307A,3
4be50b,TC-YHK,Dassault,Falcon 7X,Large,Pratt & Whitney Canada,PW307A,3
4b199c,HB-JSE,Dassault,Falcon 7X,Large,Pratt & Whitney Canada,PW307A,3
477ff6,606,Dassault,Falcon 7X,Large,Pratt & Whitney Canada,PW307A,3
3c5c45,D-AGBE,Dassault,Falcon 7X,Large,Pratt & Whitney Canada,PW307A,3
7100ec,HZ-SPAH,Dassault,Falcon 7X,Large,Pratt & Whitney Canada,PW307A,3
4bb5ad,TC-MMM,Dassault,Falcon 7X,Large,Pratt & Whitney Canada,PW307A,3
381c5a,F-WWHA,Dassault,Falcon 7X,Large,Pratt & Whitney Canada,PW307A,3
a31f94,N300CR,Dassault,Falcon 7X,Large,Pratt & Whitney Canada,PW307A,3
20103f,V5-GON,Dassault,Falcon 7X,Large,Pratt & Whitney Canada,PW307A,3
e48d28,PR-CSE,Dassault,Falcon 7X,Large,Pratt & Whitney Canada,PW307A,3
4a9143,SE-DJC,Dassault,Falcon 7X,Large,Pratt & Whitney Canada,PW307A,3
a63abc,N500JD,Dassault,Falcon 7X,Large,Pratt & Whitney Canada,PW307A,3
4249e9,VQ-BLP,Dassault,Falcon 7X,Large,Pratt & Whitney Canada,PW307A,3
ab8c8e,N843S,Dassault,Falcon 7X,Large,Pratt & Whitney Canada,PW307A,3
a3c881,N343AP,Dassault,Falcon 7X,Large,Pratt & Whitney Canada,PW307A,3
0101d1,SU-BTV,Dassault,Falcon 7X,Large,Pratt & Whitney Canada,PW307A,3
459aef,OY-FWO,Dassault,Falcon 7X,Large,Pratt & Whitney Canada,PW307A,3
a2b26c,N273JC,Dassault,Falcon 7X,Large,Pratt & Whitney Canada,PW307A,3
4914c7,CS-EFG,Dassault,Falcon 7X,Large,Pratt & Whitney Canada,PW307A,3
a07e94,N1307X,Dassault,Falcon 7X,Large,Pratt & Whitney Canada,PW307A,3
a42dee,N369CA,Dassault,Falcon 7X,Large,Pratt & Whitney Canada,PW307A,3
459563,OY-EKC,Dassault,Falcon 7X,Large,Pratt & Whitney Canada,PW307A,3
4b19ab,HB-JST,Dassault,Falcon 7X,Large,Pratt & Whitney Canada,PW307A,3
485171,PH-TLP,Dassault,Falcon 7X,Large,Pratt & Whitney Canada,PW307A,3
424985,VQ-BHA,Dassault,Falcon 7X,Large,Pratt & Whitney Canada,PW307A,3
a17618,N1933G,Dassault,Falcon 7X,Large,Pratt & Whitney Canada,PW307A,3
43e9ef,M-HKND,Dassault,Falcon 7X,Large,Pratt & Whitney Canada,PW307A,3
a98bca,N714K,Dassault,Falcon 7X,Large,Pratt & Whitney Canada,PW307A,3
142583,RA-09603,Dassault,Falcon 7X,Large,Pratt & Whitney Canada,PW307A,3
ab9dad,N848BC,Dassault,Falcon 7X,Large,Pratt & Whitney Canada,PW307A,3
780311,B-8028,Dassault,Falcon 7X,Large,Pratt & Whitney Canada,PW307A,3
4b1998,HB-JSA,Dassault,Falcon 7X,Large,Pratt & Whitney Canada,PW307A,3
c00256,C-FAWZ,Dassault,Falcon 7X,Large,Pratt & Whitney Canada,PW307A,3
a16d01,N191MM,Dassault,Falcon 7X,Large,Pratt & Whitney Canada,PW307A,3
3c5c47,D-AGBG,Dassault,Falcon 7X,Large,Pratt & Whitney Canada,PW307A,3
c02072,C-FMHL,Dassault,Falcon 7X,Large,Pratt & Whitney Canada,PW307A,3
4bbd2c,TC-OIL,Dassault,Falcon 7X,Large,Pratt & Whitney Canada,PW307A,3
8964ca,A6-MBS,Dassault,Falcon 7X,Large,Pratt & Whitney Canada,PW307A,3
abd069,N860SB,Dassault,Falcon 7X,Large,Pratt & Whitney Canada,PW307A,3
780af9,B-8203,Dassault,Falcon 7X,Large,Pratt & Whitney Canada,PW307A,3
43e994,M-LJGI,Dassault,Falcon 7X,Large,Pratt & Whitney Canada,PW307A,3
43eadf,M-OUNT,Dassault,Falcon 7X,Large,Pratt & Whitney Canada,PW307A,3
4badb2,TC-KMR,Dassault,Falcon 7X,Large,Pratt & Whitney Canada,PW307A,3
4d0203,LX-FDA,Dassault,Falcon 7X,Large,Pratt & Whitney Canada,PW307A,3
aba557,N85DN,Dassault,Falcon 7X,Large,Pratt & Whitney Canada,PW307A,3
a950ff,N7MR,Dassault,Falcon 7X,Large,Pratt & Whitney Canada,PW307A,3
a63ef3,N501PG,Dassault,Falcon 7X,Large,Pratt & Whitney Canada,PW307A,3
a0531b,N12U,Dassault,Falcon 7X,Large,Pratt & Whitney Canada,PW307A,3
e48d2b,PP-OSM,Dassault,Falcon 7X,Large,Pratt & Whitney Canada,PW307A,3
a327de,N302ML,Dassault,Falcon 7X,Large,Pratt & Whitney Canada,PW307A,3
a5e47d,N479W,Dassault,Falcon 7X,Large,Pratt & Whitney Canada,PW307A,3
a30663,N294X,Dassault,Falcon 7X,Large,Pratt & Whitney Canada,PW307A,3
7c0c9a,VH-CRW,Dassault,Falcon 7X,Large,Pratt & Whitney Canada,PW307A,3
43ea8b,M-RTFS,Dassault,Falcon 7X,Large,Pratt & Whitney Canada,PW307A,3
a74dad,N57SN,Dassault,Falcon 7X,Large,Pratt & Whitney Canada,PW307A,3
ad731f,N966H,Dassault,Falcon 7X,Large,Pratt & Whitney Canada,PW307A,3
a000f9,N1KX,Dassault,Falcon 7X,Large,Pratt & Whitney Canada,PW307A,3
a80629,N616MP,Dassault,Falcon 7X,Large,Pratt & Whitney Canada,PW307A,3
43ea1f,M-FALZ,Dassault,Falcon 7X,Large,Pratt & Whitney Canada,PW307A,3
38263a,F-WWVN,Dassault,Falcon 7X,Large,Pratt & Whitney Canada,PW307A,3
4248da,VQ-BAA,Dassault,Falcon 7X,Large,Pratt & Whitney Canada,PW307A,3
399043,F-HECD,Dassault,Falcon 7X,Large,Pratt & Whitney Canada,PW307A,3
a2587f,N250LG,Dassault,Falcon 7X,Large,Pratt & Whitney Canada,PW307A,3
a9811d,N711PV,Dassault,Falcon 7X,Large,Pratt & Whitney Canada,PW307A,3
0d0493,XA-CXW,Dassault,Falcon 7X,Large,Pratt & Whitney Canada,PW307A,3
adf1fc,N998SS,Dassault,Falcon 7X,Large,Pratt & Whitney Canada,PW307A,3
a1ef89,N2237X,Dassault,Falcon 7X,Large,Pratt & Whitney Canada,PW307A,3
4b1931,HB-JOB,Dassault,Falcon 7X,Large,Pratt & Whitney Canada,PW307A,3
e48eef,PP-VEL,Dassault,Falcon 7X,Large,Pratt & Whitney Canada,PW307A,3
142382,RA-09090,Dassault,Falcon 7X,Large,Pratt & Whitney Canada,PW307A,3
ac705a,N900NB,Dassault,Falcon 7X,Large,Pratt & Whitney Canada,PW307A,3
43eaa0,M-WANG,Dassault,Falcon 7X,Large,Pratt & Whitney Canada,PW307A,3
ac39e3,N887X,Dassault,Falcon 7X,Large,Pratt & Whitney Canada,PW307A,3
ac3275,N885X,Dassault,Falcon 7X,Large,Pratt & Whitney Canada,PW307A,3
a33a50,N307LC,Dassault,Falcon 7X,Large,Pratt & Whitney Canada,PW307A,3
491263,CS-DSC,Dassault,Falcon 7X,Large,Pratt & Whitney Canada,PW307A,3
ab3007,N82RP,Dassault,Falcon 7X,Large,Pratt & Whitney Canada,PW307A,3
0640f1,5N-FGV,Dassault,Falcon 7X,Large,Pratt & Whitney Canada,PW307A,3
458d93,OY-CLS,Dassault,Falcon 7X,Large,Pratt & Whitney Canada,PW307A,3
424159,VP-CIG,Dassault,Falcon 7X,Large,Pratt & Whitney Canada,PW307A,3
39b012,F-HMAS,Dassault,Falcon 7X,Large,Pratt & Whitney Canada,PW307A,3
a3626c,N317SK,Dassault,Falcon 7X,Large,Pratt & Whitney Canada,PW307A,3
ac3bd8,N888D,Dassault,Falcon 7X,Large,Pratt & Whitney Canada,PW307A,3
ad3f67,N9527E,Dassault,Falcon 7X,Large,Pratt & Whitney Canada,PW307A,3
aaf4a5,N805CC,Dassault,Falcon 7X,Large,Pratt & Whitney Canada,PW307A,3
4407b8,OE-IMF,Dassault,Falcon 7X,Large,Pratt & Whitney Canada,PW307A,3
ac6f8c,N900DW,Dassault,Falcon 7X,Large,Pratt & Whitney Canada,PW307A,3
4b1857,HB-JFR,Dassault,Falcon 7X,Large,Pratt & Whitney Canada,PW307A,3
ad36b4,N950X,Dassault,Falcon 7X,Large,Pratt & Whitney Canada,PW307A,3
a44e36,N377EF,Dassault,Falcon 7X,Large,Pratt & Whitney Canada,PW307A,3
424546,VQ-BTV,Dassault,Falcon 7X,Large,Pratt & Whitney Canada,PW307A,3
4a914b,SE-DJK,Dassault,Falcon 7X,Large,Pratt & Whitney Canada,PW307A,3
a07304,N128SK,Dassault,Falcon 7X,Large,Pratt & Whitney Canada,PW307A,3
a43332,N37TY,Dassault,Falcon 7X,Large,Pratt & Whitney Canada,PW307A,3
477ff7,607,Dassault,Falcon 7X,Large,Pratt & Whitney Canada,PW307A,3
a16d84,N191ST,Dassault,Falcon 7X,Large,Pratt & Whitney Canada,PW307A,3
a638ce,N50NL,Dassault,Falcon 7X,Large,Pratt & Whitney Canada,PW307A,3
4912d8,CS-DVX,Dassault,Falcon 7X,Large,Pratt & Whitney Canada,PW307A,3
aae43a,N8000E,Dassault,Falcon 7X,Large,Pratt & Whitney Canada,PW307A,3
142581,RA-09601,Dassault,Falcon 7X,Large,Pratt & Whitney Canada,PW307A,3
0d090f,XA-GNI,Dassault,Falcon 7X,Large,Pratt & Whitney Canada,PW307A,3
a22f57,N24TH,Dassault,Falcon 7X,Large,Pratt & Whitney Canada,PW307A,3
e48cdb,PR-YVL,Dassault,Falcon 7X,Large,Pratt & Whitney Canada,PW307A,3
a8a38e,N656FN,Dassault,Falcon 7X,Large,Pratt & Whitney Canada,PW307A,3
780c63,B-8211,Dassault,Falcon 7X,Large,Pratt & Whitney Canada,PW307A,3
43e83e,M-SCMG,Dassault,Falcon 7X,Large,Pratt & Whitney Canada,PW307A,3
a951e9,N7X,Dassault,Falcon 7X,Large,Pratt & Whitney Canada,PW307A,3
4b19ce,HB-JUC,Dassault,Falcon 7X,Large,Pratt & Whitney Canada,PW307A,3
142587,RA-09607,Dassault,Falcon 7X,Large,Pratt & Whitney Canada,PW307A,3
424796,VP-CZS,Dassault,Falcon 7X,Large,Pratt & Whitney Canada,PW307A,3
adf430,N999BE,Dassault,Falcon 7X,Large,Pratt & Whitney Canada,PW307A,3
a8d9c4,N67EA,Dassault,Falcon 7X,Large,Pratt & Whitney Canada,PW307A,3
43ea67,M-OPDE,Dassault,Falcon 7X,Large,Pratt & Whitney Canada,PW307A,3
a9ab12,N722AZ,Dassault,Falcon 7X,Large,Pratt & Whitney Canada,PW307A,3
4241e3,VP-CTG,Dassault,Falcon 7X,Large,Pratt & Whitney Canada,PW307A,3
067c02,VQ-BFN,Dassault,Falcon 7X,Large,Pratt & Whitney Canada,PW307A,3
a178fb,N194W,Dassault,Falcon 7X,Large,Pratt & Whitney Canada,PW307A,3
ab256a,N817X,Dassault,Falcon 7X,Large,Pratt & Whitney Canada,PW307A,3
43ea83,M-ZJBT,Dassault,Falcon 7X,Large,Pratt & Whitney Canada,PW307A,3
4b1856,HB-JFQ,Dassault,Falcon 7X,Large,Pratt & Whitney Canada,PW307A,3
39a1ea,F-HIPK,Dassault,Falcon 7X,Large,Pratt & Whitney Canada,PW307A,3
c0640d,C-GLXC,Dassault,Falcon 7X,Large,Pratt & Whitney Canada,PW307A,3
43e97d,M-YORK,Dassault,Falcon 7X,Large,Pratt & Whitney Canada,PW307A,3
a602cc,N487C,Dassault,Falcon 7X,Large,Pratt & Whitney Canada,PW307A,3
adea11,N996MS,Dassault,Falcon 7X,Large,Pratt & Whitney Canada,PW307A,3
3c5c48,D-AGBH,Dassault,Falcon 7X,Large,Pratt & Whitney Canada,PW307A,3
4d2137,9H-TOO,Dassault,Falcon 7X,Large,Pratt & Whitney Canada,PW307A,3
a8e8dd,N673WM,Dassault,Falcon 7X,Large,Pratt & Whitney Canada,PW307A,3
a014b5,N104MT,Dassault,Falcon 7X,Large,Pratt & Whitney Canada,PW307A,3
45d92b,OY-VIK,Dassault,Falcon 7X,Large,Pratt & Whitney Canada,PW307A,3
a2248e,N237X,Dassault,Falcon 7X,Large,Pratt & Whitney Canada,PW307A,3
ac3f20,N8889,Dassault,Falcon 7X,Large,Pratt & Whitney Canada,PW307A,3
a99290,N716CG,Dassault,Falcon 7X,Large,Pratt & Whitney Canada,PW307A,3
e84834,FAE052,Dassault,Falcon 7X,Large,Pratt & Whitney Canada,PW307A,3
4b1853,HB-JFN,Dassault,Falcon 7X,Large,Pratt & Whitney Canada,PW307A,3
4b18d2,HB-JKK,Dassault,Falcon 7X,Large,Pratt & Whitney Canada,PW307A,3
a3d76c,N347BD,Dassault,Falcon 7X,Large,Pratt & Whitney Canada,PW307A,3
0d0085,XA-MAR,Dassault,Falcon 7X,Large,Pratt & Whitney Canada,PW307A,3
45c0e1,OY-PGA,Dassault,Falcon 7X,Large,Pratt & Whitney Canada,PW307A,3
adf775,N9997X,Dassault,Falcon 7X,Large,Pratt & Whitney Canada,PW307A,3
484d02,PH-AJX,Dassault,Falcon 7X,Large,Pratt & Whitney Canada,PW307A,3
a21845,N234KH,Dassault,Falcon 7X,Large,Pratt & Whitney Canada,PW307A,3
a65054,N506BA,Dassault,Falcon 7X,Large,Pratt & Whitney Canada,PW307A,3
a960ca,N703MD,Dassault,Falcon 7X,Large,Pratt & Whitney Canada,PW307A,3
39b1cc,F-HMOM,Dassault,Falcon 7X,Large,Pratt & Whitney Canada,PW307A,3
a1e570,N221HJ,Dassault,Falcon 7X,Large,Pratt & Whitney Canada,PW307A,3
a32746,N302FJ,Dassault,Falcon 7X,Large,Pratt & Whitney Canada,PW307A,3
424954,VQ-BSO,Dassault,Falcon 7X,Large,Pratt & Whitney Canada,PW307A,3
ad35ca,N950MR,Dassault,Falcon 7X,Large,Pratt & Whitney Canada,PW307A,3
a23fa8,N244JE,Dassault,Falcon 7X,Large,Pratt & Whitney Canada,PW307A,3
a9c1e2,N728GH,Dassault,Falcon 7X,Large,Pratt & Whitney Canada,PW307A,3
44b1a7,OO-LMG,Dassault,Falcon 7X,Large,Pratt & Whitney Canada,PW307A,3
a62665,N496AC,Dassault,Falcon 7X,Large,Pratt & Whitney Canada,PW307A,3
7100ee,HZ-SPAI,Dassault,Falcon 7X,Large,Pratt & Whitney Canada,PW307A,3
a4d49d,N410F,Dassault,Falcon 7X,Large,Pratt & Whitney Canada,PW307A,3
4071bf,G-XION,Dassault,Falcon 7X,Large,Pratt & Whitney Canada,PW307A,3
a1efcf,N2239X,Dassault,Falcon 7X,Large,Pratt & Whitney Canada,PW307A,3
ab19ef,N814TP,Dassault,Falcon 7X,Large,Pratt & Whitney Canada,PW307A,3
7809d4,B-8202,Dassault,Falcon 7X,Large,Pratt & Whitney Canada,PW307A,3
43eaef,M-ORAT,Dassault,Falcon 7X,Large,Pratt & Whitney Canada,PW307A,3
424785,VP-CRS,Dassault,Falcon 7X,Large,Pratt & Whitney Canada,PW307A,3
a27743,N258X,Dassault,Falcon 7X,Large,Pratt & Whitney Canada,PW307A,3
7100e7,HZ-SPAG,Dassault,Falcon 7X,Large,Pratt & Whitney Canada,PW307A,3
a00192,N1S,Dassault,Falcon 7X,Large,Pratt & Whitney Canada,PW307A,3
a57046,N45FF,Dassault,Falcon 7X,Large,Pratt & Whitney Canada,PW307A,3
424763,VP-CUH,Dassault,Falcon 7X,Large,Pratt & Whitney Canada,PW307A,3
a364c0,N318CE,Dassault,Falcon 7X,Large,Pratt & Whitney Canada,PW307A,3
a0af51,N143RE,Dassault,Falcon 7X,Large,Pratt & Whitney Canada,PW307A,3
e49083,PP-DBS,Dassault,Falcon 7X,Large,Pratt & Whitney Canada,PW307A,3
a000a9,N1GS,Dassault,Falcon 7X,Large,Pratt & Whitney Canada,PW307A,3
407200,G-OIMF,Dassault,Falcon 7X,Large,Pratt & Whitney Canada,PW307A,3
4b199b,HB-JSD,Dassault,Falcon 7X,Large,Pratt & Whitney Canada,PW307A,3
a7df3b,N606TJ,Dassault,Falcon 7X,Large,Pratt & Whitney Canada,PW307A,3
406560,G-SVNX,Dassault,Falcon 7X,Large,Pratt & Whitney Canada,PW307A,3
c04c04,C-GCUL,Dassault,Falcon 7X,Large,Pratt & Whitney Canada,PW307A,3
38417a,F-WWUB,Dassault,Falcon 7X,Large,Pratt & Whitney Canada,PW307A,3
a6617c,N510AN,Dassault,Falcon 7X,Large,Pratt & Whitney Canada,PW307A,3
40668a,G-STMT,Dassault,Falcon 7X,Large,Pratt & Whitney Canada,PW307A,3
780bc0,B-8205,Dassault,Falcon 7X,Large,Pratt & Whitney Canada,PW307A,3
a02c51,N110BE,Dassault,Falcon 7X,Large,Pratt & Whitney Canada,PW307A,3
aa0198,N744C,Dassault,Falcon 7X,Large,Pratt & Whitney Canada,PW307A,3
a624ed,N495ZC,Dassault,Falcon 7X,Large,Pratt & Whitney Canada,PW307A,3
424788,VP-CDP,Dassault,Falcon 7X,Large,Pratt & Whitney Canada,PW307A,3
aa6a0d,N770LM,Dassault,Falcon 7X,Large,Pratt & Whitney Canada,PW307A,3
a7c683,N60SN,Dassault,Falcon 7X,Large,Pratt & Whitney Canada,PW307A,3
a030b1,N111HZ,Dassault,Falcon 7X,Large,Pratt & Whitney Canada,PW307A,3
a5cd20,N473K,Dassault,Falcon 7X,Large,Pratt & Whitney Canada,PW307A,3
aa0e0d,N747RL,Dassault,Falcon 7X,Large,Pratt & Whitney Canada,PW307A,3
a1658d,N1898B,Dassault,Falcon 7X,Large,Pratt & Whitney Canada,PW307A,3
142332,RA-09010,Dassault,Falcon 7X,Large,Pratt & Whitney Canada,PW307A,3
a16cf9,N191MD,Dassault,Falcon 7X,Large,Pratt & Whitney Canada,PW307A,3
ad50b5,N957X,Dassault,Falcon 7X,Large,Pratt & Whitney Canada,PW307A,3
a8cccd,N666ZL,Dassault,Falcon 7X,Large,Pratt & Whitney Canada,PW307A,3
4a914c,SE-DJL,Dassault,Falcon 7X,Large,Pratt & Whitney Canada,PW307A,3
a12491,N173CN,Dassault,Falcon 7X,Large,Pratt & Whitney Canada,PW307A,3
3b76b3,F-RAFB,Dassault,Falcon 7X,Large,Pratt & Whitney Canada,PW307A,3
a8b22f,N66DD,Dassault,Falcon 7X,Large,Pratt & Whitney Canada,PW307A,3
4b19aa,HB-JSS,Dassault,Falcon 7X,Large,Pratt & Whitney Canada,PW307A,3
4d022b,LX-LMF,Dassault,Falcon 7X,Large,Pratt & Whitney Canada,PW307A,3
424134,VP-CGS,Dassault,Falcon 7X,Large,Pratt & Whitney Canada,PW307A,3
43e9db,M-ARVY,Dassault,Falcon 7X,Large,Pratt & Whitney Canada,PW307A,3
4d0231,LX-TQJ,Dassault,Falcon 7X,Large,Pratt & Whitney Canada,PW307A,3
aa7bfe,N775E,Dassault,Falcon 7X,Large,Pratt & Whitney Canada,PW307A,3
43eafa,M-SURE,Dassault,Falcon 7X,Large,Pratt & Whitney Canada,PW307A,3
8964b9,A6-MMF,Dassault,Falcon 7X,Large,Pratt & Whitney Canada,PW307A,3
7100f0,HZ-SPAJ,Dassault,Falcon 7X,Large,Pratt & Whitney Canada,PW307A,3
4d0224,LX-ZXP,Dassault,Falcon 7X,Large,Pratt & Whitney Canada,PW307A,3
4d2148,9H-FCB,Dassault,Falcon 7X,Large,Pratt & Whitney Canada,PW307A,3
495199,CS-TLY,Dassault,Falcon 7X,Large,Pratt & Whitney Canada,PW307A,3
14232f,RA-09007,Dassault,Falcon 7X,Large,Pratt & Whitney Canada,PW307A,3
a9f28d,N740AC,Dassault,Falcon 7X,Large,Pratt & Whitney Canada,PW307A,3
a0001a,N1AZ,Dassault,Falcon 7X,Large,Pratt & Whitney Canada,PW307A,3
a8a388,N656FG,Dassault,Falcon 7X,Large,Pratt & Whitney Canada,PW307A,3
ad08d8,N939TY,Dassault,Falcon 7X,Large,Pratt & Whitney Canada,PW307A,3
a76938,N577JF,Dassault,Falcon 7X,Large,Pratt & Whitney Canada,PW307A,3
300440,I-FFRR,Dassault,Falcon 7X,Large,Pratt & Whitney Canada,PW307A,3
a6fe0f,N55LC,Dassault,Falcon 7X,Large,Pratt & Whitney Canada,PW307A,3
ac6381,N898ES,Dassault,Falcon 7X,Large,Pratt & Whitney Canada,PW307A,3
449e10,OO-GPP,Dassault,Falcon 7X,Large,Pratt & Whitney Canada,PW307A,3
800591,VT-RGX,Dassault,Falcon 7X,Large,Pratt & Whitney Canada,PW307A,3
491294,CS-DTT,Dassault,Falcon 7X,Large,Pratt & Whitney Canada,PW307A,3
c07625,C-GSTG,Dassault,Falcon 7X,Large,Pratt & Whitney Canada,PW307A,3
3c5c49,D-AGBI,Dassault,Falcon 7X,Large,Pratt & Whitney Canada,PW307A,3
a0ca4b,N150BC,Dassault,Falcon 7X,Large,Pratt & Whitney Canada,PW307A,3
4bcf41,TC-SZA,Dassault,Falcon 7X,Large,Pratt & Whitney Canada,PW307A,3
440793,OE-IPW,Dassault,Falcon 7X,Large,Pratt & Whitney Canada,PW307A,3
42418d,VP-CDY,Dassault,Falcon 7X,Large,Pratt & Whitney Canada,PW307A,3
50009d,T7-CBG,Dassault,Falcon 7X,Large,Pratt & Whitney Canada,PW307A,3
45c822,OY-RAB,Dassault,Falcon 7X,Large,Pratt & Whitney Canada,PW307A,3
780da3,B-8217,Dassault,Falcon 7X,Large,Pratt & Whitney Canada,PW307A,3
a3c98d,N343MG,Dassault,Falcon 7X,Large,Pratt & Whitney Canada,PW307A,3
39ae68,F-HLTI,Dassault,Falcon 7X,Large,Pratt & Whitney Canada,PW307A,3
43e9af,M-YJET,Dassault,Falcon 7X,Large,Pratt & Whitney Canada,PW307A,3
a31df5,N30LB,Dassault,Falcon 7X,Large,Pratt & Whitney Canada,PW307A,3
ac2032,N8800E,Dassault,Falcon 7X,Large,Pratt & Whitney Canada,PW307A,3
780646,B-8029,Dassault,Falcon 7X,Large,Pratt & Whitney Canada,PW307A,3
a198e5,N2016A,Dassault,Falcon 7X,Large,Pratt & Whitney Canada,PW307A,3
4b1a17,HB-JWX,Dassault,Falcon 7X,Large,Pratt & Whitney Canada,PW307A,3
43e885,M-MNBB,Dassault,Falcon 7X,Large,Pratt & Whitney Canada,PW307A,3
4d2096,9H-MAK,Dassault,Falcon 7X,Large,Pratt & Whitney Canada,PW307A,3
3b770d,F-RAFA,Dassault,Falcon 7X,Large,Pratt & Whitney Canada,PW307A,3
c0650c,C-GMGX,Dassault,Falcon 7X,Large,Pratt & Whitney Canada,PW307A,3
a6371f,N5VF,Dassault,Falcon 7X,Large,Pratt & Whitney Canada,PW307A,3
a14f52,N1838S,Dassault,Falcon 7X,Large,Pratt & Whitney Canada,PW307A,3
42460d,VQ-BNT,Dassault,Falcon 7X,Large,Pratt & Whitney Canada,PW307A,3
ac3b9d,N888AR,Dassault,Falcon 7X,Large,Pratt & Whitney Canada,PW307A,3
424241,VP-BZE,Dassault,Falcon 7X,Large,Pratt & Whitney Canada,PW307A,3
4598c9,OY-FFI,Dassault,Falcon 7X,Large,Pratt & Whitney Canada,PW307A,3
449541,OO-EJA,Dassault,Falcon 7X,Large,Pratt & Whitney Canada,PW307A,3
a768a2,N577CF,Dassault,Falcon 7X,Large,Pratt & Whitney Canada,PW307A,3
a147d6,N1818C,Dassault,Falcon 7X,Large,Pratt & Whitney Canada,PW307A,3
45d273,OY-TSS,Dassault,Falcon 7X,Large,Pratt & Whitney Canada,PW307A,3
0d07bf,XA-JHS,Dassault,Falcon 7X,Large,Pratt & Whitney Canada,PW307A,3
aa9d46,N783SL,Dassault,Falcon 7X,Large,Pratt & Whitney Canada,PW307A,3
0640f0,5N-FGU,Dassault,Falcon 7X,Large,Pratt & Whitney Canada,PW307A,3
aa84a1,N777SJ,Dassault,Falcon 7X,Large,Pratt & Whitney Canada,PW307A,3
398a2c,F-HCRM,Dassault,Falcon 7X,Large,Pratt & Whitney Canada,PW307A,3
78128e,B-3869,Dassault,Falcon 7X,Large,Pratt & Whitney Canada,PW307A,3
142590,RA-09616,Dassault,Falcon 7X,Large,Pratt & Whitney Canada,PW307A,3
448443,OO-ABC,Dassault,Falcon 7X,Large,Pratt & Whitney Canada,PW307A,3
a2c103,N277FJ,Dassault,Falcon 7X,Large,Pratt & Whitney Canada,PW307A,3
a4a826,N4CE,Dassault,Falcon 7X,Large,Pratt & Whitney Canada,PW307A,3
aadde8,N8HP,Dassault,Falcon 7X,Large,Pratt & Whitney Canada,PW307A,3
a91618,N685DC,Dassault,Falcon 7X,Large,Pratt & Whitney Canada,PW307A,3
44b2ad,OO-LUM,Dassault,Falcon 7X,Large,Pratt & Whitney Canada,PW307A,3
39b1c3,F-HMOD,Dassault,Falcon 7X,Large,Pratt & Whitney Canada,PW307A,3
a71abb,N557PK,Dassault,Falcon 7X,Large,Pratt & Whitney Canada,PW307A,3
c00409,C-FBNS,Dassault,Falcon 7X,Large,Pratt & Whitney Canada,PW307A,3
780679,B-8026,Dassault,Falcon 7X,Large,Pratt & Whitney Canada,PW307A,3
4bb10f,TC-LHO,Dassault,Falcon 7X,Large,Pratt & Whitney Canada,PW307A,3
adca1d,N988NW,Dassault,Falcon 7X,Large,Pratt & Whitney Canada,PW307A,3
479aca,LN-AGR,Dassault,Falcon 7X,Large,Pratt & Whitney Canada,PW307A,3
a5e716,N48JP,Dassault,Falcon 7X,Large,Pratt & Whitney Canada,PW307A,3
acc334,N921PP,Dassault,Falcon 7X,Large,Pratt & Whitney Canada,PW307A,3
44b824,OO-NAD,Dassault,Falcon 7X,Large,Pratt & Whitney Canada,PW307A,3
a33aa5,N307PN,Dassault,Falcon 7X,Large,Pratt & Whitney Canada,PW307A,3
7811e9,B-3270,Dassault,Falcon 7X,Large,Pratt & Whitney Canada,PW307A,3
a87dab,N646Y,Dassault,Falcon 7X,Large,Pratt & Whitney Canada,PW307A,3
43eaae,M-WING,Dassault,Falcon 7X,Large,Pratt & Whitney Canada,PW307A,3
43ea35,M-SCOT,Dassault,Falcon 7X,Large,Pratt & Whitney Canada,PW307A,3
7803c8,B-8027,Dassault,Falcon 7X,Large,Pratt & Whitney Canada,PW307A,3
3992f1,F-HEXR,Dassault,Falcon 7X,Large,Pratt & Whitney Canada,PW307A,3
a2a08f,N269BK,Dassault,Falcon 7X,Large,Pratt & Whitney Canada,PW307A,3
aa8529,N777XV,Dassault,Falcon 7X,Large,Pratt & Whitney Canada,PW307A,3
3c712c,D-ALIL,Dassault,Falcon 7X,Large,Pratt & Whitney Canada,PW307A,3
4406a9,OE-IRR,Dassault,Falcon 7X,Large,Pratt & Whitney Canada,PW307A,3
e48ced,PP-CFJ,Dassault,Falcon 7X,Large,Pratt & Whitney Canada,PW307A,3
a16acc,N1902C,Dassault,Falcon 7X,Large,Pratt & Whitney Canada,PW307A,3
ad68d3,N963RS,Dassault,Falcon 7X,Large,Pratt & Whitney Canada,PW307A,3
a81b13,N621MM,Dassault,Falcon 7X,Large,Pratt & Whitney Canada,PW307A,3
300473,I-JAMI,Dassault,Falcon 7X,Large,Pratt & Whitney Canada,PW307A,3
424754,VP-CJS,Dassault,Falcon 7X,Large,Pratt & Whitney Canada,PW307A,3
459544,OY-EJD,Dassault,Falcon 7X,Large,Pratt & Whitney Canada,PW307A,3
a9882c,N713L,Dassault,Falcon 7X,Large,Pratt & Whitney Canada,PW307A,3
aa3912,N758PM,Dassault,Falcon 7X,Large,Pratt & Whitney Canada,PW307A,3
a40da9,N360PZ,Dassault,Falcon 7X,Large,Pratt & Whitney Canada,PW307A,3
4b1868,HB-JGI,Dassault,Falcon 7X,Large,Pratt & Whitney Canada,PW307A,3
a82ec6,N626Z,Dassault,Falcon 7X,Large,Pratt & Whitney Canada,PW307A,3
a7375d,N564SG,Dassault,Falcon 7X,Large,Pratt & Whitney Canada,PW307A,3
4d4025,3A-MGA,Dassault,Falcon 7X,Large,Pratt & Whitney Canada,PW307A,3
39c812,F-HSAS,Dassault,Falcon 7X,Large,Pratt & Whitney Canada,PW307A,3
491264,CS-DSD,Dassault,Falcon 7X,Large,Pratt & Whitney Canada,PW307A,3
4241cd,VP-CSW,Dassault,Falcon 7X,Large,Pratt & Whitney Canada,PW307A,3
43e86b,M-ALMA,Dassault,Falcon 7X,Large,Pratt & Whitney Canada,PW307A,3
4b19a4,HB-JSM,Dassault,Falcon 7X,Large,Pratt & Whitney Canada,PW307A,3
a606d7,N488FJ,Dassault,Falcon 7X,Large,Pratt & Whitney Canada,PW307A,3
780c30,B-8215,Dassault,Falcon 7X,Large,Pratt & Whitney Canada,PW307A,3
c07235,C-GRGM,Dassault,Falcon 7X,Large,Pratt & Whitney Canada,PW307A,3
43ea6c,M-MNAA,Dassault,Falcon 7X,Large,Pratt & Whitney Canada,PW307A,3
4b1858,HB-JFS,Dassault,Falcon 7X,Large,Pratt & Whitney Canada,PW307A,3
40720a,G-MATO,Dassault,Falcon 7X,Large,Pratt & Whitney Canada,PW307A,3
aa6c6a,N7707X,Dassault,Falcon 7X,Large,Pratt & Whitney Canada,PW307A,3
34361a,EC-LLV,Dassault,Falcon 7X,Large,Pratt & Whitney Canada,PW307A,3
45cdda,OY-SNZ,Dassault,Falcon 7X,Large,Pratt & Whitney Canada,PW307A,3
43ea2b,M-IAMI,Dassault,Falcon 7X,Large,Pratt & Whitney Canada,PW307A,3
098014,J2-HPV,Dassault,Falcon 7X,Large,Pratt & Whitney Canada,PW307A,3
ac8725,N906TF,Dassault,Falcon 7X,Large,Pratt & Whitney Canada,PW307A,3
a03b2c,N114BD,Dassault,Falcon 7X,Large,Pratt & Whitney Canada,PW307A,3
424953,VQ-BSN,Dassault,Falcon 7X,Large,Pratt & Whitney Canada,PW307A,3
780bb0,B-8216,Dassault,Falcon 7X,Large,Pratt & Whitney Canada,PW307A,3
a915cc,N685AB,Dassault,Falcon 7X,Large,Pratt & Whitney Canada,PW307A,3
142582,RA-09602,Dassault,Falcon 7X,Large,Pratt & Whitney Canada,PW307A,3
a97a3a,N71FJ,Dassault,Falcon 7X,Large,Pratt & Whitney Canada,PW307A,3
a9ca9d,N73VR,Dassault,Falcon 7X,Large,Pratt & Whitney Canada,PW307A,3
463aff,OH-WIX,Dassault,Falcon 7X,Large,Pratt & Whitney Canada,PW307A,3
3c5c46,D-AGBF,Dassault,Falcon 7X,Large,Pratt & Whitney Canada,PW307A,3
a4a9d0,N4VF,Dassault,Falcon 7X,Large,Pratt & Whitney Canada,PW307A,3
a15e75,N188AS,Dassault,Falcon 7X,Large,Pratt & Whitney Canada,PW307A,3
ad77df,N967TQ,Dassault,Falcon 7X,Large,Pratt & Whitney Canada,PW307A,3
43e8b1,M-CELT,Dassault,Falcon 7X,Large,Pratt & Whitney Canada,PW307A,3
44a499,OO-IDY,Dassault,Falcon 7X,Large,Pratt & Whitney Canada,PW307A,3
43e8f8,M-FALC,Dassault,Falcon 7X,Large,Pratt & Whitney Canada,PW307A,3
4075d3,G-SPTX,Dassault,Falcon 7X,Large,Pratt & Whitney Canada,PW307A,3
405595,G-SRDG,Dassault,Falcon 7X,Large,Pratt & Whitney Canada,PW307A,3
4241e4,VP-CBY,Dassault,Falcon 7X,Large,Pratt & Whitney Canada,PW307A,3
780881,B-8023,Dassault,Falcon 7X,Large,Pratt & Whitney Canada,PW307A,3
4b19a0,HB-JSI,Dassault,Falcon 7X,Large,Pratt & Whitney Canada,PW307A,3
ad9e4d,N977GS,Dassault,Falcon 7X,Large,Pratt & Whitney Canada,PW307A,3
44aaab,OO-JUK,Dassault,Falcon 7X,Large,Pratt & Whitney Canada,PW307A,3
a10834,N166CK,Dassault,Falcon 7X,Large,Pratt & Whitney Canada,PW307A,3
a9f103,N74JK,Dassault,Falcon 7X,Large,Pratt & Whitney Canada,PW307A,3
424254,VP-BEH,Dassault,Falcon 7X,Large,Pratt & Whitney Canada,PW307A,3
424b19,M-RFAP,Dassault,Falcon 7X,Large,Pratt & Whitney Canada,PW307A,3
036bc1,TN-ELS,Dassault,Falcon 7X,Large,Pratt & Whitney Canada,PW307A,3
43ea8a,M-TINK,Dassault,Falcon 7X,Large,Pratt & Whitney Canada,PW307A,3
a1fec7,N228AP,Dassault,Falcon 7X,Large,Pratt & Whitney Canada,PW307A,3
a11d5e,N171EX,Dassault,Falcon 7X,Large,Pratt & Whitney Canada,PW307A,3
3829fb,F-WFBW,Dassault,Falcon 7X,Large,Pratt & Whitney Canada,PW307A,3
a724ce,N56CL,Dassault,Falcon 7X,Large,Pratt & Whitney Canada,PW307A,3
acb177,N917JC,Dassault,Falcon 7X,Large,Pratt & Whitney Canada,PW307A,3
142331,RA-09009,Dassault,Falcon 7X,Large,Pratt & Whitney Canada,PW307A,3
39d42b,F-HVBL,Dassault,Falcon 7X,Large,Pratt & Whitney Canada,PW307A,3
4b19a3,HB-JSL,Dassault,Falcon 7X,Large,Pratt & Whitney Canada,PW307A,3
4b199a,HB-JSC,Dassault,Falcon 7X,Large,Pratt & Whitney Canada,PW307A,3
4b18ec,HB-JLK,Dassault,Falcon 7X,Large,Pratt & Whitney Canada,PW307A,3
4243d1,VQ-BVS,Dassault,Falcon 7X,Large,Pratt & Whitney Canada,PW307A,3
4d20b8,9H-ZSN,Dassault,Falcon 7X,Large,Pratt & Whitney Canada,PW307A,3
ad68c2,N963R,Dassault,Falcon 7X,Large,Pratt & Whitney Canada,PW307A,3
39d501,F-HVIB,Dassault,Falcon 7X,Large,Pratt & Whitney Canada,PW307A,3
491284,CS-DTD,Dassault,Falcon 7X,Large,Pratt & Whitney Canada,PW307A,3
a6dffe,N542GP,Dassault,Falcon 7X,Large,Pratt & Whitney Canada,PW307A,3
e4821d,PR-DNZ,Dassault,Falcon 7X,Large,Pratt & Whitney Canada,PW307A,3
aaa713,N786CS,Dassault,Falcon 7X,Large,Pratt & Whitney Canada,PW307A,3
384bda,F-WWNA,Dassault,Falcon 8X,Large,Pratt & Whitney Canada,PW307D,3
384b7a,F-WWQX,Dassault,Falcon 8X,Large,Pratt & Whitney Canada,PW307D,3
3c5c42,D-AGBB,Dassault,Falcon 8X,Large,Pratt & Whitney Canada,PW307D,3
4243f6,VQ-BFD,Dassault,Falcon 8X,Large,Pratt & Whitney Canada,PW307D,3
468cf2,SX-CGR,Dassault,Falcon 8X,Large,Pratt & Whitney Canada,PW307D,3
43eae9,M-ATEX,Dassault,Falcon 8X,Large,Pratt & Whitney Canada,PW307D,3
424462,VQ-BXH,Dassault,Falcon 8X,Large,Pratt & Whitney Canada,PW307D,3
384c3a,F-WWND,Dassault,Falcon 8X,Large,Pratt & Whitney Canada,PW307D,3
e49652,PS-BFD,Dassault,Falcon 8X,Large,Pratt & Whitney Canada,PW307D,3
384c7a,F-WWNF,Dassault,Falcon 8X,Large,Pratt & Whitney Canada,PW307D,3
384bfa,F-WWNB,Dassault,Falcon 8X,Large,Pratt & Whitney Canada,PW307D,3
399643,F-HFSD,Dassault,Falcon 8X,Large,Pratt & Whitney Canada,PW307D,3
384c5a,F-WWNE,Dassault,Falcon 8X,Large,Pratt & Whitney Canada,PW307D,3
384aba,F-WWQP,Dassault,Falcon 8X,Large,Pratt & Whitney Canada,PW307D,3
38261a,F-WWVM,Dassault,Falcon 8X,Large,Pratt & Whitney Canada,PW307D,3
384afa,F-WWQR,Dassault,Falcon 8X,Large,Pratt & Whitney Canada,PW307D,3
e4937f,PR-JRY,Dassault,Falcon 8X,Large,Pratt & Whitney Canada,PW307D,3
3825fa,F-WWVL,Dassault,Falcon 8X,Large,Pratt & Whitney Canada,PW307D,3
a0e9f4,N158X,Dassault,Falcon 8X,Large,Pratt & Whitney Canada,PW307D,3
e4930d,PR-JQF,Dassault,Falcon 8X,Large,Pratt & Whitney Canada,PW307D,3
384bba,F-WWQZ,Dassault,Falcon 8X,Large,Pratt & Whitney Canada,PW307D,3
3c5c41,D-AGBA,Dassault,Falcon 8X,Large,Pratt & Whitney Canada,PW307D,3
45cd6b,OY-SKK,Dassault,Falcon 8X,Large,Pratt & Whitney Canada,PW307D,3
384b9a,F-WWQY,Dassault,Falcon 8X,Large,Pratt & Whitney Canada,PW307D,3
4243bc,VQ-BXG,Dassault,Falcon 8X,Large,Pratt & Whitney Canada,PW307D,3
3849ba,F-WWQH,Dassault,Falcon 8X,Large,Pratt & Whitney Canada,PW307D,3
8962d4,A6-SMS,Dassault,Falcon 8X,Large,Pratt & Whitney Canada,PW307D,3
38439a,F-WWQS,Dassault,Falcon 8X,Large,Pratt & Whitney Canada,PW307D,3
4d0296,LX-SHS,Dassault,Falcon 8X,Large,Pratt & Whitney Canada,PW307D,3
3848da,F-WWQA,Dassault,Falcon 8X,Large,Pratt & Whitney Canada,PW307D,3
42447f,VQ-BXD,Dassault,Falcon 8X,Large,Pratt & Whitney Canada,PW307D,3
aadf38,N8X,Dassault,Falcon 8X,Large,Pratt & Whitney Canada,PW307D,3
384b5a,F-WWQW,Dassault,Falcon 8X,Large,Pratt & Whitney Canada,PW307D,3
ac1c02,N88FJ,Dassault,Falcon 8X,Large,Pratt & Whitney Canada,PW307D,3
142586,RA-09606,Dassault,Falcon 8X,Large,Pratt & Whitney Canada,PW307D,3
384c1a,F-WWNC,Dassault,Falcon 8X,Large,Pratt & Whitney Canada,PW307D,3
3825da,F-WWVK,Dassault,Falcon 8X,Large,Pratt & Whitney Canada,PW307D,3
adc98b,N988H,Dassault,Falcon 8X,Large,Pratt & Whitney Canada,PW307D,3
39d117,F-HUIX,Dassault,Falcon 8X,Large,Pratt & Whitney Canada,PW307D,3
800c0d,VT-FCN,Dassault,Falcon 8X,Large,Pratt & Whitney Canada,PW307D,3
7c4005,VH-MXJ,Dassault,Falcon 900,Large,Honeywell,TFE731,3
4d022a,LX-GLD,Dassault,Falcon 900,Large,Honeywell,TFE731,3
add0ce,N99FG,Dassault,Falcon 900,Large,Honeywell,TFE731,3
a35d9e,N316FF,Dassault,Falcon 900,Large,Honeywell,TFE731,3
a64a6e,N504ST,Dassault,Falcon 900,Large,Honeywell,TFE731,3
0d09cc,XA-QKY,Dassault,Falcon 900,Large,Honeywell,TFE731,3
ac64c6,N898TS,Dassault,Falcon 900,Large,Honeywell,TFE731,3
aa9979,N782RP,Dassault,Falcon 900,Large,Honeywell,TFE731,3
440406,OE-IOE,Dassault,Falcon 900,Large,Honeywell,TFE731,3
a7761c,N580CB,Dassault,Falcon 900,Large,Honeywell,TFE731,3
c0300c,C-FSFB,Dassault,Falcon 900,Large,Honeywell,TFE731,3
3c0d7a,D-AUCR,Dassault,Falcon 900,Large,Honeywell,TFE731,3
acb55f,N918LB,Dassault,Falcon 900,Large,Honeywell,TFE731,3
c0657e,C-GMLH,Dassault,Falcon 900,Large,Honeywell,TFE731,3
ab56b4,N83HD,Dassault,Falcon 900,Large,Honeywell,TFE731,3
40004e,VP-CLO,Dassault,Falcon 900,Large,Honeywell,TFE731,3
33ffad,MM62245,Dassault,Falcon 900,Large,Honeywell,TFE731,3
0d80ec,YV2486,Dassault,Falcon 900,Large,Honeywell,TFE731,3
a981cc,N711WV,Dassault,Falcon 900,Large,Honeywell,TFE731,3
a519b2,N428DR,Dassault,Falcon 900,Large,Honeywell,TFE731,3
ac9725,N910EX,Dassault,Falcon 900,Large,Honeywell,TFE731,3
4b15d4,HB-IGY,Dassault,Falcon 900,Large,Honeywell,TFE731,3
a7011c,N550TH,Dassault,Falcon 900,Large,Honeywell,TFE731,3
a3e403,N35RZ,Dassault,Falcon 900,Large,Honeywell,TFE731,3
a83080,N627CR,Dassault,Falcon 900,Large,Honeywell,TFE731,3
a34b6b,N311KB,Dassault,Falcon 900,Large,Honeywell,TFE731,3
e48292,PR-PMV,Dassault,Falcon 900,Large,Honeywell,TFE731,3
aab6ab,N79LE,Dassault,Falcon 900,Large,Honeywell,TFE731,3
a599e6,N460D,Dassault,Falcon 900,Large,Honeywell,TFE731,3
39bea1,F-HPVB,Dassault,Falcon 900,Large,Honeywell,TFE731,3
4b19ac,HB-JSU,Dassault,Falcon 900,Large,Honeywell,TFE731,3
a01b3a,N106CK,Dassault,Falcon 900,Large,Honeywell,TFE731,3
4b19b2,HB-JTA,Dassault,Falcon 900,Large,Honeywell,TFE731,3
406800,G-ECHB,Dassault,Falcon 900,Large,Honeywell,TFE731,3
a00193,N1SA,Dassault,Falcon 900,Large,Honeywell,TFE731,3
a9a4aa,N720ML,Dassault,Falcon 900,Large,Honeywell,TFE731,3
491290,CS-DTP,Dassault,Falcon 900,Large,Honeywell,TFE731,3
142330,RA-09008,Dassault,Falcon 900,Large,Honeywell,TFE731,3
ab2eae,N82BU,Dassault,Falcon 900,Large,Honeywell,TFE731,3
34248c,EC-JVR,Dassault,Falcon 900,Large,Honeywell,TFE731,3
ac78ce,N902YP,Dassault,Falcon 900,Large,Honeywell,TFE731,3
3938b7,F-GOFX,Dassault,Falcon 900,Large,Honeywell,TFE731,3
4852f2,PH-STB,Dassault,Falcon 900,Large,Honeywell,TFE731,3
4bcd15,TC-SHU,Dassault,Falcon 900,Large,Honeywell,TFE731,3
4bb572,TC-MKR,Dassault,Falcon 900,Large,Honeywell,TFE731,3
a133ed,N177HR,Dassault,Falcon 900,Large,Honeywell,TFE731,3
43e910,M-FASH,Dassault,Falcon 900,Large,Honeywell,TFE731,3
a4a98b,N4SM,Dassault,Falcon 900,Large,Honeywell,TFE731,3
a3d0ce,N345KM,Dassault,Falcon 900,Large,Honeywell,TFE731,3
a21489,N233KC,Dassault,Falcon 900,Large,Honeywell,TFE731,3
a218ed,N234SA,Dassault,Falcon 900,Large,Honeywell,TFE731,3
a30f89,N297AP,Dassault,Falcon 900,Large,Honeywell,TFE731,3
33fffa,MM62172,Dassault,Falcon 900,Large,Honeywell,TFE731,3
a9f1de,N74TD,Dassault,Falcon 900,Large,Honeywell,TFE731,3
ac7112,N900VL,Dassault,Falcon 900,Large,Honeywell,TFE731,3
44f481,CD-01,Dassault,Falcon 900,Large,Honeywell,TFE731,3
a80cbe,N618CX,Dassault,Falcon 900,Large,Honeywell,TFE731,3
ac7159,N900YG,Dassault,Falcon 900,Large,Honeywell,TFE731,3
ac7020,N900KU,Dassault,Falcon 900,Large,Honeywell,TFE731,3
ac3c8e,N888LG,Dassault,Falcon 900,Large,Honeywell,TFE731,3
a34f98,N312PV,Dassault,Falcon 900,Large,Honeywell,TFE731,3
aa2a04,N754MM,Dassault,Falcon 900,Large,Honeywell,TFE731,3
86e112,JA8570,Dassault,Falcon 900,Large,Honeywell,TFE731,3
a00684,N100UP,Dassault,Falcon 900,Large,Honeywell,TFE731,3
a81fab,N622WM,Dassault,Falcon 900,Large,Honeywell,TFE731,3
a95335,N70LF,Dassault,Falcon 900,Large,Honeywell,TFE731,3
a572ad,N450FV,Dassault,Falcon 900,Large,Honeywell,TFE731,3
406212,G-EGVO,Dassault,Falcon 900,Large,Honeywell,TFE731,3
39c418,F-HRAY,Dassault,Falcon 900,Large,Honeywell,TFE731,3
a05b20,N122A,Dassault,Falcon 900,Large,Honeywell,TFE731,3
a941d4,N696JM,Dassault,Falcon 900,Large,Honeywell,TFE731,3
add2be,N990BB,Dassault,Falcon 900,Large,Honeywell,TFE731,3
449e05,OO-GPE,Dassault,Falcon 900,Large,Honeywell,TFE731,3
aa8e76,N78CY,Dassault,Falcon 900,Large,Honeywell,TFE731,3
a282ee,N261CH,Dassault,Falcon 900,Large,Honeywell,TFE731,3
a67882,N516JA,Dassault,Falcon 900,Large,Honeywell,TFE731,3
342152,EC-JBB,Dassault,Falcon 900,Large,Honeywell,TFE731,3
a952bc,N70FK,Dassault,Falcon 900,Large,Honeywell,TFE731,3
a68ce2,N521CL,Dassault,Falcon 900,Large,Honeywell,TFE731,3
500086,T7-OSB,Dassault,Falcon 900,Large,Honeywell,TFE731,3
ac70be,N900SB,Dassault,Falcon 900,Large,Honeywell,TFE731,3
c07f4f,C-GWFM,Dassault,Falcon 900,Large,Honeywell,TFE731,3
c08304,C-GXPZ,Dassault,Falcon 900,Large,Honeywell,TFE731,3
a167b3,N19VF,Dassault,Falcon 900,Large,Honeywell,TFE731,3
a14dda,N183WW,Dassault,Falcon 900,Large,Honeywell,TFE731,3
aa08e4,N746AR,Dassault,Falcon 900,Large,Honeywell,TFE731,3
a63a14,N500BL,Dassault,Falcon 900,Large,Honeywell,TFE731,3
a4ab44,N40LB,Dassault,Falcon 900,Large,Honeywell,TFE731,3
a4ae52,N400TH,Dassault,Falcon 900,Large,Honeywell,TFE731,3
406379,G-RMMA,Dassault,Falcon 900,Large,Honeywell,TFE731,3
ac15a9,N878SL,Dassault,Falcon 900,Large,Honeywell,TFE731,3
a7904c,N587DZ,Dassault,Falcon 900,Large,Honeywell,TFE731,3
43ea9b,M-MIDY,Dassault,Falcon 900,Large,Honeywell,TFE731,3
a2cd88,N28VL,Dassault,Falcon 900,Large,Honeywell,TFE731,3
a05879,N121LX,Dassault,Falcon 900,Large,Honeywell,TFE731,3
ac701d,N900KR,Dassault,Falcon 900,Large,Honeywell,TFE731,3
c02831,C-FPFS,Dassault,Falcon 900,Large,Honeywell,TFE731,3
a64e0a,N505RR,Dassault,Falcon 900,Large,Honeywell,TFE731,3
a07fe9,N131LG,Dassault,Falcon 900,Large,Honeywell,TFE731,3
3982e0,F-HAXA,Dassault,Falcon 900,Large,Honeywell,TFE731,3
43ea03,M-TSKW,Dassault,Falcon 900,Large,Honeywell,TFE731,3
a4bbfa,N404F,Dassault,Falcon 900,Large,Honeywell,TFE731,3
aaf47b,N805AL,Dassault,Falcon 900,Large,Honeywell,TFE731,3
a83c39,N63JP,Dassault,Falcon 900,Large,Honeywell,TFE731,3
ac7127,N900WG,Dassault,Falcon 900,Large,Honeywell,TFE731,3
4d2152,9H-LAS,Dassault,Falcon 900,Large,Honeywell,TFE731,3
ac986a,N910TX,Dassault,Falcon 900,Large,Honeywell,TFE731,3
39bc0c,F-HPAM,Dassault,Falcon 900,Large,Honeywell,TFE731,3
ac7016,N900KJ,Dassault,Falcon 900,Large,Honeywell,TFE731,3
ac710c,N900VE,Dassault,Falcon 900,Large,Honeywell,TFE731,3
44048a,OE-IMI,Dassault,Falcon 900,Large,Honeywell,TFE731,3
a2c4ba,N278FJ,Dassault,Falcon 900,Large,Honeywell,TFE731,3
aae0e2,N80Q,Dassault,Falcon 900,Large,Honeywell,TFE731,3
a00468,N10X,Dassault,Falcon 900,Large,Honeywell,TFE731,3
ac6f77,N900D,Dassault,Falcon 900,Large,Honeywell,TFE731,3
a4fce8,N420PD,Dassault,Falcon 900,Large,Honeywell,TFE731,3
a3176d,N299FG,Dassault,Falcon 900,Large,Honeywell,TFE731,3
ac70c9,N900SN,Dassault,Falcon 900,Large,Honeywell,TFE731,3
a13f7e,N18MZ,Dassault,Falcon 900,Large,Honeywell,TFE731,3
acb9ab,N919SA,Dassault,Falcon 900,Large,Honeywell,TFE731,3
3823da,F-WWFU,Dassault,Falcon 900,Large,Honeywell,TFE731,3
4064a6,G-ENXA,Dassault,Falcon 900,Large,Honeywell,TFE731,3
ac70ae,N900RL,Dassault,Falcon 900,Large,Honeywell,TFE731,3
a185a3,N1978G,Dassault,Falcon 900,Large,Honeywell,TFE731,3
7c4e0f,VH-PPD,Dassault,Falcon 900,Large,Honeywell,TFE731,3
43ea15,M-GSIR,Dassault,Falcon 900,Large,Honeywell,TFE731,3
ac6f96,N900EF,Dassault,Falcon 900,Large,Honeywell,TFE731,3
ab2f35,N82HD,Dassault,Falcon 900,Large,Honeywell,TFE731,3
ad5c63,N960CL,Dassault,Falcon 900,Large,Honeywell,TFE731,3
c03e37,C-FXOO,Dassault,Falcon 900,Large,Honeywell,TFE731,3
a13e8c,N18CG,Dassault,Falcon 900,Large,Honeywell,TFE731,3
4b7f4c,T-785,Dassault,Falcon 900,Large,Honeywell,TFE731,3
ac346d,N886DC,Dassault,Falcon 900,Large,Honeywell,TFE731,3
a37d30,N324AD,Dassault,Falcon 900,Large,Honeywell,TFE731,3
43e9fe,M-AGIK,Dassault,Falcon 900,Large,Honeywell,TFE731,3
08800a,5V-TTS,Dassault,Falcon 900,Large,Honeywell,TFE731,3
a56294,N446TD,Dassault,Falcon 900,Large,Honeywell,TFE731,3
a94c45,N699BG,Dassault,Falcon 900,Large,Honeywell,TFE731,3
8003b4,VT-ISH,Dassault,Falcon 900,Large,Honeywell,TFE731,3
33ffff,MM62171,Dassault,Falcon 900,Large,Honeywell,TFE731,3
3949a0,F-GSNA,Dassault,Falcon 900,Large,Honeywell,TFE731,3
a9a7c8,N721FH,Dassault,Falcon 900,Large,Honeywell,TFE731,3
a0a336,N140FJ,Dassault,Falcon 900,Large,Honeywell,TFE731,3
c077f3,C-GTLA,Dassault,Falcon 900,Large,Honeywell,TFE731,3
a0b211,N144FH,Dassault,Falcon 900,Large,Honeywell,TFE731,3
486201,PH-DTF,Dassault,Falcon 900,Large,Honeywell,TFE731,3
c015c5,C-FIGI,Dassault,Falcon 900,Large,Honeywell,TFE731,3
a447f1,N375SC,Dassault,Falcon 900,Large,Honeywell,TFE731,3
ab2eb5,N82CA,Dassault,Falcon 900,Large,Honeywell,TFE731,3
ac0cd2,N876C,Dassault,Falcon 900,Large,Honeywell,TFE731,3
acb537,N918JM,Dassault,Falcon 900,Large,Honeywell,TFE731,3
43e829,M-AFAJ,Dassault,Falcon 900,Large,Honeywell,TFE731,3
e488fa,PP-IPR,Dassault,Falcon 900,Large,Honeywell,TFE731,3
4d204a,9H-GMT,Dassault,Falcon 900,Large,Honeywell,TFE731,3
a4bfa2,N405EK,Dassault,Falcon 900,Large,Honeywell,TFE731,3
a37211,N321AK,Dassault,Falcon 900,Large,Honeywell,TFE731,3
3004aa,I-DIEM,Dassault,Falcon 900,Large,Honeywell,TFE731,3
aa43f1,N7600S,Dassault,Falcon 900,Large,Honeywell,TFE731,3
ac42fc,N89AA,Dassault,Falcon 900,Large,Honeywell,TFE731,3
a24a3b,N247CJ,Dassault,Falcon 900,Large,Honeywell,TFE731,3
393cca,F-GPGK,Dassault,Falcon 900,Large,Honeywell,TFE731,3
c04747,C-GAZU,Dassault,Falcon 900,Large,Honeywell,TFE731,3
44d9a9,OO-VMI,Dassault,Falcon 900,Large,Honeywell,TFE731,3
a9d062,N731SR,Dassault,Falcon 900,Large,Honeywell,TFE731,3
ac7018,N900KL,Dassault,Falcon 900,Large,Honeywell,TFE731,3
adc8e6,N988AK,Dassault,Falcon 900,Large,Honeywell,TFE731,3
ab4806,N826K,Dassault,Falcon 900,Large,Honeywell,TFE731,3
a58101,N454AJ,Dassault,Falcon 900,Large,Honeywell,TFE731,3
a5e845,N48WS,Dassault,Falcon 900,Large,Honeywell,TFE731,3
45b50d,OY-MHM,Dassault,Falcon 900,Large,Honeywell,TFE731,3
a32484,N301RD,Dassault,Falcon 900,Large,Honeywell,TFE731,3
a6b810,N532CC,Dassault,Falcon 900,Large,Honeywell,TFE731,3
a3a14a,N333DL,Dassault,Falcon 900,Large,Honeywell,TFE731,3
a98176,N711TJ,Dassault,Falcon 900,Large,Honeywell,TFE731,3
ac983e,N910SC,Dassault,Falcon 900,Large,Honeywell,TFE731,3
a32f0f,N304K,Dassault,Falcon 900,Large,Honeywell,TFE731,3
aa3fb0,N76FD,Dassault,Falcon 900,Large,Honeywell,TFE731,3
ab31ee,N820M,Dassault,Falcon 900,Large,Honeywell,TFE731,3
a773c8,N58CG,Dassault,Falcon 900,Large,Honeywell,TFE731,3
ac6f80,N900DJ,Dassault,Falcon 900,Large,Honeywell,TFE731,3
a761cd,N575JJ,Dassault,Falcon 900,Large,Honeywell,TFE731,3
ac1e3c,N880EC,Dassault,Falcon 900,Large,Honeywell,TFE731,3
c03b34,C-FWKX,Dassault,Falcon 900,Large,Honeywell,TFE731,3
a97085,N707WB,Dassault,Falcon 900,Large,Honeywell,TFE731,3
7c0a23,VH-CAD,Dassault,Falcon 900,Large,Honeywell,TFE731,3
ad08b9,N939SS,Dassault,Falcon 900,Large,Honeywell,TFE731,3
a981c0,N711WH,Dassault,Falcon 900,Large,Honeywell,TFE731,3
a0b1b6,N144BS,Dassault,Falcon 900,Large,Honeywell,TFE731,3
a2fa4d,N291MJ,Dassault,Falcon 900,Large,Honeywell,TFE731,3
a4a840,N4DF,Dassault,Falcon 900,Large,Honeywell,TFE731,3
3c1387,D-AWKG,Dassault,Falcon 900,Large,Honeywell,TFE731,3
a9816d,N711T,Dassault,Falcon 900,Large,Honeywell,TFE731,3
a62bab,N497SB,Dassault,Falcon 900,Large,Honeywell,TFE731,3
43eade,M-ILTA,Dassault,Falcon 900,Large,Honeywell,TFE731,3
a79da4,N590CL,Dassault,Falcon 900,Large,Honeywell,TFE731,3
acaaf5,N915TP,Dassault,Falcon 900,Large,Honeywell,TFE731,3
abe1ad,N865CS,Dassault,Falcon 900,Large,Honeywell,TFE731,3
00887c,ZS-DEX,Dassault,Falcon 900,Large,Honeywell,TFE731,3
42417b,VP-CGD,Dassault,Falcon 900,Large,Honeywell,TFE731,3
142328,RA-09000,Dassault,Falcon 900,Large,Honeywell,TFE731,3
a81b0b,N621MD,Dassault,Falcon 900,Large,Honeywell,TFE731,3
a63665,N5MV,Dassault,Falcon 900,Large,Honeywell,TFE731,3
a70103,N550SH,Dassault,Falcon 900,Large,Honeywell,TFE731,3
a80203,N615HC,Dassault,Falcon 900,Large,Honeywell,TFE731,3
4241e7,VP-CBT,Dassault,Falcon 900,Large,Honeywell,TFE731,3
a81525,N62NW,Dassault,Falcon 900,Large,Honeywell,TFE731,3
044037,9G-EXE,Dassault,Falcon 900,Large,Honeywell,TFE731,3
4b9a87,TC-FTG,Dassault,Falcon 900,Large,Honeywell,TFE731,3
a8d9ce,N67EL,Dassault,Falcon 900,Large,Honeywell,TFE731,3
a16be7,N191AE,Dassault,Falcon 900,Large,Honeywell,TFE731,3
ac803c,N904YP,Dassault,Falcon 900,Large,Honeywell,TFE731,3
a9817c,N711TQ,Dassault,Falcon 900,Large,Honeywell,TFE731,3
a22a05,N239AX,Dassault,Falcon 900,Large,Honeywell,TFE731,3
39a98e,F-HKMO,Dassault,Falcon 900,Large,Honeywell,TFE731,3
407d90,G-ZABH,Dassault,Falcon 900,Large,Honeywell,TFE731,3
a023b9,N108PH,Dassault,Falcon 900,Large,Honeywell,TFE731,3
ac6f6a,N900CM,Dassault,Falcon 900,Large,Honeywell,TFE731,3
a04112,N115ZN,Dassault,Falcon 900,Large,Honeywell,TFE731,3
a31db7,N30HQ,Dassault,Falcon 900,Large,Honeywell,TFE731,3
a2c5b1,N278RF,Dassault,Falcon 900,Large,Honeywell,TFE731,3
a68cf3,N521DC,Dassault,Falcon 900,Large,Honeywell,TFE731,3
aae23d,N800DW,Dassault,Falcon 900,Large,Honeywell,TFE731,3
a950c9,N7KM,Dassault,Falcon 900,Large,Honeywell,TFE731,3
ac7402,N901MM,Dassault,Falcon 900,Large,Honeywell,TFE731,3
a14f0c,N1836S,Dassault,Falcon 900,Large,Honeywell,TFE731,3
44cc72,OO-SCR,Dassault,Falcon 900,Large,Honeywell,TFE731,3
ab28c5,N818TH,Dassault,Falcon 900,Large,Honeywell,TFE731,3
c0096f,C-FDOW,Dassault,Falcon 900,Large,Honeywell,TFE731,3
a35dec,N316JJ,Dassault,Falcon 900,Large,Honeywell,TFE731,3
a2cbf0,N28DC,Dassault,Falcon 900,Large,Honeywell,TFE731,3
4241de,VP-CHG,Dassault,Falcon 900,Large,Honeywell,TFE731,3
ac2cd7,N884BN,Dassault,Falcon 900,Large,Honeywell,TFE731,3
a77b41,N581ST,Dassault,Falcon 900,Large,Honeywell,TFE731,3
ac7049,N900MK,Dassault,Falcon 900,Large,Honeywell,TFE731,3
a99278,N716BH,Dassault,Falcon 900,Large,Honeywell,TFE731,3
43e7ce,M-ODKZ,Dassault,Falcon 900,Large,Honeywell,TFE731,3
a0723d,N128JL,Dassault,Falcon 900,Large,Honeywell,TFE731,3
0d0698,XA-BEG,Dassault,Falcon 900,Large,Honeywell,TFE731,3
ac6fe2,N900HG,Dassault,Falcon 900,Large,Honeywell,TFE731,3
0d80e9,YV2485,Dassault,Falcon 900,Large,Honeywell,TFE731,3
86e113,JA8571,Dassault,Falcon 900,Large,Honeywell,TFE731,3
a0318f,N111SW,Dassault,Falcon 900,Large,Honeywell,TFE731,3
14232e,RA-09006,Dassault,Falcon 900,Large,Honeywell,TFE731,3
a63722,N5VJ,Dassault,Falcon 900,Large,Honeywell,TFE731,3
ac2cb5,N884AD,Dassault,Falcon 900,Large,Honeywell,TFE731,3
758269,RP-C9121,Dassault,Falcon 900,Large,Honeywell,TFE731,3
472401,HA-LKN,Dassault,Falcon 900,Large,Honeywell,TFE731,3
a598b9,N46R,Dassault,Falcon 900,Large,Honeywell,TFE731,3
adf477,N999EA,Dassault,Falcon 900,Large,Honeywell,TFE731,3
c03f27,C-FXXU,Dassault,Falcon 900,Large,Honeywell,TFE731,3
30026e,I-TCGR,Dassault,Falcon 900,Large,Honeywell,TFE731,3
a0b974,N146EX,Dassault,Falcon 900,Large,Honeywell,TFE731,3
ac6f6d,N900CQ,Dassault,Falcon 900,Large,Honeywell,TFE731,3
a7b14a,N595PL,Dassault,Falcon 900,Large,Honeywell,TFE731,3
3005e2,I-SLNI,Dassault,Falcon 900,Large,Honeywell,TFE731,3
a004ca,N100AX,Dassault,Falcon 900,Large,Honeywell,TFE731,3
a19dae,N203FJ,Dassault,Falcon 900,Large,Honeywell,TFE731,3
acb58a,N918MV,Dassault,Falcon 900,Large,Honeywell,TFE731,3
5000ed,T7-PTL,Dassault,Falcon 900,Large,Honeywell,TFE731,3
a7df20,N606SG,Dassault,Falcon 900,Large,Honeywell,TFE731,3
ab4147,N824S,Dassault,Falcon 900,Large,Honeywell,TFE731,3
800404,VT-SBK,Dassault,Falcon 900,Large,Honeywell,TFE731,3
ac7160,N900YP,Dassault,Falcon 900,Large,Honeywell,TFE731,3
a0036e,N10M,Dassault,Falcon 900,Large,Honeywell,TFE731,3
ac90d7,N909CK,Dassault,Falcon 900,Large,Honeywell,TFE731,3
a463ac,N382KU,Dassault,Falcon 900,Large,Honeywell,TFE731,3
ac6fdf,N900HD,Dassault,Falcon 900,Large,Honeywell,TFE731,3
a16a85,N1900B,Dassault,Falcon 900,Large,Honeywell,TFE731,3
14232b,RA-09003,Dassault,Falcon 900,Large,Honeywell,TFE731,3
ad5022,N957RC,Dassault,Falcon 900,Large,Honeywell,TFE731,3
a37644,N322FJ,Dassault,Falcon 900,Large,Honeywell,TFE731,3
a7bd16,N598WC,Dassault,Falcon 900,Large,Honeywell,TFE731,3
44046c,OE-IBN,Dassault,Falcon 900,Large,Honeywell,TFE731,3
a23100,N240LG,Dassault,Falcon 900,Large,Honeywell,TFE731,3
add36c,N990JA,Dassault,Falcon 900,Large,Honeywell,TFE731,3
401175,G-SIRO,Dassault,Falcon 900,Large,Honeywell,TFE731,3
e47e06,PT-OEX,Dassault,Falcon 900,Large,Honeywell,TFE731,3
a05bb8,N122GB,Dassault,Falcon 900,Large,Honeywell,TFE731,3
ac9106,N909EG,Dassault,Falcon 900,Large,Honeywell,TFE731,3
add32b,N990FL,Dassault,Falcon 900,Large,Honeywell,TFE731,3
a24ec7,N248LX,Dassault,Falcon 900,Large,Honeywell,TFE731,3
3820ba,F-WWFK,Dassault,Falcon 900,Large,Honeywell,TFE731,3
ac922d,N909SB,Dassault,Falcon 900,Large,Honeywell,TFE731,3
a10bc1,N167AT,Dassault,Falcon 900,Large,Honeywell,TFE731,3
ac70da,N900TE,Dassault,Falcon 900,Large,Honeywell,TFE731,3
a658c7,N508MM,Dassault,Falcon 900,Large,Honeywell,TFE731,3
406650,G-YCKF,Dassault,Falcon 900,Large,Honeywell,TFE731,3
7c46e0,VH-OAA,Dassault,Falcon 900,Large,Honeywell,TFE731,3
03e011,TR-AFR,Dassault,Falcon 900,Large,Honeywell,TFE731,3
ac6e86,N90TK,Dassault,Falcon 900,Large,Honeywell,TFE731,3
a38c8e,N328FJ,Dassault,Falcon 900,Large,Honeywell,TFE731,3
a95516,N700FL,Dassault,Falcon 900,Large,Honeywell,TFE731,3
ac85c1,N906D,Dassault,Falcon 900,Large,Honeywell,TFE731,3
ac7029,N900LC,Dassault,Falcon 900,Large,Honeywell,TFE731,3
a87cc8,N646NY,Dassault,Falcon 900,Large,Honeywell,TFE731,3
a3fc18,N356LG,Dassault,Falcon 900,Large,Honeywell,TFE731,3
a6d649,N54HG,Dassault,Falcon 900,Large,Honeywell,TFE731,3
a1b3b3,N209CQ,Dassault,Falcon 900,Large,Honeywell,TFE731,3
42426c,VP-BFM,Dassault,Falcon 900,Large,Honeywell,TFE731,3
a79de4,N590F,Dassault,Falcon 900,Large,Honeywell,TFE731,3
a3859a,N326LF,Dassault,Falcon 900,Large,Honeywell,TFE731,3
c05df9,C-GJPG,Dassault,Falcon 900,Large,Honeywell,TFE731,3
a24650,N246AG,Dassault,Falcon 900,Large,Honeywell,TFE731,3
a0a184,N14NA,Dassault,Falcon 900,Large,Honeywell,TFE731,3
ac85b4,N906CM,Dassault,Falcon 900,Large,Honeywell,TFE731,3
3b77e4,F-RAFQ,Dassault,Falcon 900,Large,Honeywell,TFE731,3
a37ec7,N324SL,Dassault,Falcon 900,Large,Honeywell,TFE731,3
a69210,N522TL,Dassault,Falcon 900,Large,Honeywell,TFE731,3
ac8e76,N908SB,Dassault,Falcon 900,Large,Honeywell,TFE731,3
39a031,F-HIBR,Dassault,Falcon 900,Large,Honeywell,TFE731,3
a7c769,N600BS,Dassault,Falcon 900,Large,Honeywell,TFE731,3
a9c9d2,N73MN,Dassault,Falcon 900,Large,Honeywell,TFE731,3
3c6254,D-AHRT,Dassault,Falcon 900,Large,Honeywell,TFE731,3
43e9e5,M-ROWL,Dassault,Falcon 900,Large,Honeywell,TFE731,3
020115,CN-RAK,Dassault,Falcon 900,Large,Honeywell,TFE731,3
a50c3d,N424U,Dassault,Falcon 900,Large,Honeywell,TFE731,3
aae2ca,N800KM,Dassault,Falcon 900,Large,Honeywell,TFE731,3
a781db,N583JF,Dassault,Falcon 900,Large,Honeywell,TFE731,3
3929cc,F-GKOM,Dassault,Falcon 900,Large,Honeywell,TFE731,3
084010,TT-DIT,Dassault,Falcon 900,Large,Honeywell,TFE731,3
a24e16,N248DV,Dassault,Falcon 900,Large,Honeywell,TFE731,3
a47705,N387TS,Dassault,Falcon 900,Large,Honeywell,TFE731,3
a5bf2c,N47EG,Dassault,Falcon 900,Large,Honeywell,TFE731,3
acf265,N933SG,Dassault,Falcon 900,Large,Honeywell,TFE731,3
a8169e,N620DX,Dassault,Falcon 900,Large,Honeywell,TFE731,3
ac3dcd,N888ZA,Dassault,Falcon 900,Large,Honeywell,TFE731,3
a7c46e,N6VF,Dassault,Falcon 900,Large,Honeywell,TFE731,3
acd54e,N926JT,Dassault,Falcon 900,Large,Honeywell,TFE731,3
ad0ca3,N94UT,Dassault,Falcon 900,Large,Honeywell,TFE731,3
a72e74,N562BC,Dassault,Falcon 900,Large,Honeywell,TFE731,3
ab012b,N808SF,Dassault,Falcon 900,Large,Honeywell,TFE731,3
ac702f,N900LJ,Dassault,Falcon 900,Large,Honeywell,TFE731,3
a5375a,N435T,Dassault,Falcon 900,Large,Honeywell,TFE731,3
142580,RA-09600,Dassault,Falcon 900,Large,Honeywell,TFE731,3
ac7022,N900KW,Dassault,Falcon 900,Large,Honeywell,TFE731,3
a54b41,N440GP,Dassault,Falcon 900,Large,Honeywell,TFE731,3
a99f14,N719SH,Dassault,Falcon 900,Large,Honeywell,TFE731,3
a54a2d,N44VP,Dassault,Falcon 900,Large,Honeywell,TFE731,3
042001,3C-ONM,Dassault,Falcon 900,Large,Honeywell,TFE731,3
c0530f,C-GFLU,Dassault,Falcon 900,Large,Honeywell,TFE731,3
a147e4,N1818S,Dassault,Falcon 900,Large,Honeywell,TFE731,3
aadf0c,N8VF,Dassault,Falcon 900,Large,Honeywell,TFE731,3
ac6d77,N90GP,Dassault,Falcon 900,Large,Honeywell,TFE731,3
7583c6,RP-C9018,Dassault,Falcon 900,Large,Honeywell,TFE731,3
a9a289,N72PS,Dassault,Falcon 900,Large,Honeywell,TFE731,3
5000b7,T7-ZOR,Dassault,Falcon 900,Large,Honeywell,TFE731,3
a361f0,N317ML,Dassault,Falcon 900,Large,Honeywell,TFE731,3
acce96,N924S,Dassault,Falcon 900,Large,Honeywell,TFE731,3
acd4af,N926CJ,Dassault,Falcon 900,Large,Honeywell,TFE731,3
ad326b,N95BD,Dassault,Falcon 900,Large,Honeywell,TFE731,3
ad363d,N950SF,Dassault,Falcon 900,Large,Honeywell,TFE731,3
a047ca,N117SF,Dassault,Falcon 900,Large,Honeywell,TFE731,3
a2aa36,N271AC,Dassault,Falcon 900,Large,Honeywell,TFE731,3
aba5e2,N85KB,Dassault,Falcon 900,Large,Honeywell,TFE731,3
adacba,N980SF,Dassault,Falcon 900,Large,Honeywell,TFE731,3
a2e561,N286MJ,Dassault,Falcon 900,Large,Honeywell,TFE731,3
a96f15,N707FJ,Dassault,Falcon 900,Large,Honeywell,TFE731,3
44b1b3,OO-LMS,Dassault,Falcon 900,Large,Honeywell,TFE731,3
a039b2,N1130B,Dassault,Falcon 900,Large,Honeywell,TFE731,3
a9525e,N70BR,Dassault,Falcon 900,Large,Honeywell,TFE731,3
a9a1b9,N72FJ,Dassault,Falcon 900,Large,Honeywell,TFE731,3
a14b9b,N1828S,Dassault,Falcon 900,Large,Honeywell,TFE731,3
a41f03,N365BL,Dassault,Falcon 900,Large,Honeywell,TFE731,3
39d460,F-HVDA,Dassault,Falcon 900,Large,Honeywell,TFE731,3
4caae3,EI-ZMA,Dassault,Falcon 900,Large,Honeywell,TFE731,3
ac2a72,N883RA,Dassault,Falcon 900,Large,Honeywell,TFE731,3
a7c857,N600ME,Dassault,Falcon 900,Large,Honeywell,TFE731,3
0d012c,XA-TEL,Dassault,Falcon 900,Large,Honeywell,TFE731,3
a8184a,N620X,Dassault,Falcon 900,Large,Honeywell,TFE731,3
a64a12,N504PA,Dassault,Falcon 900,Large,Honeywell,TFE731,3
aa5d7f,N767WB,Dassault,Falcon 900,Large,Honeywell,TFE731,3
ac7475,N901SB,Dassault,Falcon 900,Large,Honeywell,TFE731,3
a992ff,N716GT,Dassault,Falcon 900,Large,Honeywell,TFE731,3
ac710e,N900VG,Dassault,Falcon 900,Large,Honeywell,TFE731,3
a75254,N571CB,Dassault,Falcon 900,Large,Honeywell,TFE731,3
ab2f9b,N82MF,Dassault,Falcon 900,Large,Honeywell,TFE731,3
a61b75,N493CF,Dassault,Falcon 900,Large,Honeywell,TFE731,3
a13ea4,N18DF,Dassault,Falcon 900,Large,Honeywell,TFE731,3
a33734,N306SH,Dassault,Falcon 900,Large,Honeywell,TFE731,3
a9be38,N727GW,Dassault,Falcon 900,Large,Honeywell,TFE731,3
a7f040,N610RL,Dassault,Falcon 900,Large,Honeywell,TFE731,3
ad5d3c,N960MC,Dassault,Falcon 900,Large,Honeywell,TFE731,3
4400c7,OE-IDM,Dassault,Falcon 900,Large,Honeywell,TFE731,3
a180d5,N1960H,Dassault,Falcon 900,Large,Honeywell,TFE731,3
a611a8,N490S,Dassault,Falcon 900,Large,Honeywell,TFE731,3
ab0bb9,N8100E,Dassault,Falcon 900,Large,Honeywell,TFE731,3
35350a,T.18-4,Dassault,Falcon 900,Large,Honeywell,TFE731,3
a10dd5,N167Y,Dassault,Falcon 900,Large,Honeywell,TFE731,3
a01b78,N106EX,Dassault,Falcon 900,Large,Honeywell,TFE731,3
a8dc84,N670JD,Dassault,Falcon 900,Large,Honeywell,TFE731,3
a1d51a,N217SG,Dassault,Falcon 900,Large,Honeywell,TFE731,3
a669cf,N512KS,Dassault,Falcon 900,Large,Honeywell,TFE731,3
a39473,N33LC,Dassault,Falcon 900,Large,Honeywell,TFE731,3
a1bf34,N211WG,Dassault,Falcon 900,Large,Honeywell,TFE731,3
ac071f,N874VT,Dassault,Falcon 900,Large,Honeywell,TFE731,3
a06328,N124GD,Dassault,Falcon 900,Large,Honeywell,TFE731,3
a7c813,N600JM,Dassault,Falcon 900,Large,Honeywell,TFE731,3
acd854,N927BR,Dassault,Falcon 900,Large,Honeywell,TFE731,3
a01f56,N107GL,Dassault,Falcon 900,Large,Honeywell,TFE731,3
a8ceef,N667HF,Dassault,Falcon 900,Large,Honeywell,TFE731,3
a10bcc,N167BD,Dassault,Falcon 900,Large,Honeywell,TFE731,3
a8a0f9,N655TC,Dassault,Falcon 900,Large,Honeywell,TFE731,3
a18884,N1982C,Dassault,Falcon 900,Large,Honeywell,TFE731,3
a8b914,N661MS,Dassault,Falcon 900,Large,Honeywell,TFE731,3
c06a7c,C-GOIL,Dassault,Falcon 900,Large,Honeywell,TFE731,3
a4b127,N401JG,Dassault,Falcon 900,Large,Honeywell,TFE731,3
03e003,TR-LEX,Dassault,Falcon 900,Large,Honeywell,TFE731,3
33ffc0,MM62210,Dassault,Falcon 900,Large,Honeywell,TFE731,3
c06dc4,C-GPOT,Dassault,Falcon 900,Large,Honeywell,TFE731,3
300081,I-BEAU,Dassault,Falcon 900,Large,Honeywell,TFE731,3
ac8245,N905FJ,Dassault,Falcon 900,Large,Honeywell,TFE731,3
a3bc70,N34RD,Dassault,Falcon 900,Large,Honeywell,TFE731,3
43ea7e,M-LANG,Dassault,Falcon 900,Large,Honeywell,TFE731,3
a9f0bf,N74FS,Dassault,Falcon 900,Large,Honeywell,TFE731,3
a5bcab,N469SS,Dassault,Falcon 900,Large,Honeywell,TFE731,3
a8091e,N617DV,Dassault,Falcon 900,Large,Honeywell,TFE731,3
a4ac88,N40ZA,Dassault,Falcon 900,Large,Honeywell,TFE731,3
ac6e84,N90TH,Dassault,Falcon 900,Large,Honeywell,TFE731,3
c01939,C-FJOI,Dassault,Falcon 900,Large,Honeywell,TFE731,3
ac437b,N89FC,Dassault,Falcon 900,Large,Honeywell,TFE731,3
ac7154,N900YB,Dassault,Falcon 900,Large,Honeywell,TFE731,3
ac91ec,N909PM,Dassault,Falcon 900,Large,Honeywell,TFE731,3
aa4e6f,N763U,Dassault,Falcon 900,Large,Honeywell,TFE731,3
a9cc11,N730LM,Dassault,Falcon 900,Large,Honeywell,TFE731,3
a4dbf5,N412EC,Dassault,Falcon 900,Large,Honeywell,TFE731,3
ac76fa,N902DW,Dassault,Falcon 900,Large,Honeywell,TFE731,3
a41052,N361DD,Dassault,Falcon 900,Large,Honeywell,TFE731,3
ac70c2,N900SF,Dassault,Falcon 900,Large,Honeywell,TFE731,3
acc9b4,N923EA,Dassault,Falcon 900,Large,Honeywell,TFE731,3
ab08a0,N81SN,Dassault,Falcon 900,Large,Honeywell,TFE731,3
a801d7,N615FJ,Dassault,Falcon 900,Large,Honeywell,TFE731,3
ad0d65,N940CL,Dassault,Falcon 900,Large,Honeywell,TFE731,3
a410e4,N361K,Dassault,Falcon 900,Large,Honeywell,TFE731,3
a17c62,N195SV,Dassault,Falcon 900,Large,Honeywell,TFE731,3
a7945d,N588HP,Dassault,Falcon 900,Large,Honeywell,TFE731,3
a2b6ef,N274SG,Dassault,Falcon 900,Large,Honeywell,TFE731,3
a35ebc,N316SS,Dassault,Falcon 900,Large,Honeywell,TFE731,3
aadd32,N8AG,Dassault,Falcon 900,Large,Honeywell,TFE731,3
a34e9b,N312DS,Dassault,Falcon 900,Large,Honeywell,TFE731,3
a950c0,N7KC,Dassault,Falcon 900,Large,Honeywell,TFE731,3
494a43,CS-RRC,Dassault,Falcon 900,Large,Honeywell,TFE731,3
ac6ffb,N900JG,Dassault,Falcon 900,Large,Honeywell,TFE731,3
300500,I-NEMO,Dassault,Falcon 900,Large,Honeywell,TFE731,3
a02cad,N110EX,Dassault,Falcon 900,Large,Honeywell,TFE731,3
a31013,N297GB,Dassault,Falcon 900,Large,Honeywell,TFE731,3
a6e706,N544CM,Dassault,Falcon 900,Large,Honeywell,TFE731,3
ac710a,N900VC,Dassault,Falcon 900,Large,Honeywell,TFE731,3
a1904e,N20GP,Dassault,Falcon 900,Large,Honeywell,TFE731,3
aa9224,N780SP,Dassault,Falcon 900,Large,Honeywell,TFE731,3
a00273,N10AZ,Dassault,Falcon 900,Large,Honeywell,TFE731,3
4850be,P4-RMA,Dassault,Falcon 900,Large,Honeywell,TFE731,3
478483,LN-AKR,Dassault,Falcon 900,Large,Honeywell,TFE731,3
381f9a,F-WWFB,Dassault,Falcon 900,Large,Honeywell,TFE731,3
ac7f36,N904NB,Dassault,Falcon 900,Large,Honeywell,TFE731,3
424234,VP-BPW,Dassault,Falcon 900,Large,Honeywell,TFE731,3
00980b,ZS-JCC,Dassault,Falcon 900,Large,Honeywell,TFE731,3
ac7033,N900LN,Dassault,Falcon 900,Large,Honeywell,TFE731,3
3b77e5,F-RAFP,Dassault,Falcon 900,Large,Honeywell,TFE731,3
a0312f,N111P,Dassault,Falcon 900,Large,Honeywell,TFE731,3
a5f7fe,N484FM,Dassault,Falcon 900,Large,Honeywell,TFE731,3
3c1add,D-AZEM,Dassault,Falcon 900,Large,Honeywell,TFE731,3
4069f0,G-FLCN,Dassault,Falcon 900,Large,Honeywell,TFE731,3
a80275,N615MS,Dassault,Falcon 900,Large,Honeywell,TFE731,3
adddd4,N993AM,Dassault,Falcon 900,Large,Honeywell,TFE731,3
a8e78e,N673HB,Dassault,Falcon 900,Large,Honeywell,TFE731,3
a6d20f,N539CA,Dassault,Falcon 900,Large,Honeywell,TFE731,3
ac40f1,N889TD,Dassault,Falcon 900,Large,Honeywell,TFE731,3
a0176a,N105BK,Dassault,Falcon 900,Large,Honeywell,TFE731,3
ad3571,N950JB,Dassault,Falcon 900,Large,Honeywell,TFE731,3
7500bd,M37-01,Dassault,Falcon 900,Large,Honeywell,TFE731,3
ac7169,N900YY,Dassault,Falcon 900,Large,Honeywell,TFE731,3
a2770a,N258UT,Dassault,Falcon 900,Large,Honeywell,TFE731,3
a25db2,N2511B,Dassault,Falcon 900,Large,Honeywell,TFE731,3
ad1637,N942SS,Dassault,Falcon 900,Large,Honeywell,TFE731,3
4000a7,VP-BLM,Dassault,Falcon 900,Large,Honeywell,TFE731,3
ac3ff3,N889H,Dassault,Falcon 900,Large,Honeywell,TFE731,3
ab7e33,N84HD,Dassault,Falcon 900,Large,Honeywell,TFE731,3
c0549d,C-GGBC,Dassault,Falcon 900,Large,Honeywell,TFE731,3
a04409,N116RW,Dassault,Falcon 900,Large,Honeywell,TFE731,3
4910c8,CS-DFH,Dassault,Falcon 900,Large,Honeywell,TFE731,3
aa1896,N75KE,Dassault,Falcon 900,Large,Honeywell,TFE731,3
a44078,N373RS,Dassault,Falcon 900,Large,Honeywell,TFE731,3
201001,V5-NAM,Dassault,Falcon 900,Large,Honeywell,TFE731,3
42417a,VP-CGE,Dassault,Falcon 900,Large,Honeywell,TFE731,3
aa29b8,N754JL,Dassault,Falcon 900,Large,Honeywell,TFE731,3
353508,T.18-2,Dassault,Falcon 900,Large,Honeywell,TFE731,3
43ea23,M-VGAL,Dassault,Falcon 900,Large,Honeywell,TFE731,3
4b18a1,HB-JIN,Dassault,Falcon 900,Large,Honeywell,TFE731,3
a638d6,N50NU,Dassault,Falcon 900,Large,Honeywell,TFE731,3
a24a8d,N247FR,Dassault,Falcon 900,Large,Honeywell,TFE731,3
07c001,ST-PSA,Dassault,Falcon 900,Large,Honeywell,TFE731,3
a97a54,N71GK,Dassault,Falcon 900,Large,Honeywell,TFE731,3
a2923f,N265H,Dassault,Falcon 900,Large,Honeywell,TFE731,3
a28e0b,N264C,Dassault,Falcon 900,Large,Honeywell,TFE731,3
acb17a,N917JF,Dassault,Falcon 900,Large,Honeywell,TFE731,3
4b19bb,HB-JTJ,Dassault,Falcon 900,Large,Honeywell,TFE731,3
ab8c18,N843MG,Dassault,Falcon 900,Large,Honeywell,TFE731,3
a46e5e,N385FD,Dassault,Falcon 900,Large,Honeywell,TFE731,3
a19b75,N202WR,Dassault,Falcon 900,Large,Honeywell,TFE731,3
0900e4,D2-ANT,Dassault,Falcon 900,Large,Honeywell,TFE731,3
a6ae9a,N53FJ,Dassault,Falcon 900,Large,Honeywell,TFE731,3
a34b51,N311JA,Dassault,Falcon 900,Large,Honeywell,TFE731,3
ac6efc,N90YC,Dassault,Falcon 900,Large,Honeywell,TFE731,3
4b8565,TC-AKE,Dassault,Falcon 900,Large,Honeywell,TFE731,3
a202c5,N229DK,Dassault,Falcon 900,Large,Honeywell,TFE731,3
a2564e,N25MX,Dassault,Falcon 900,Large,Honeywell,TFE731,3
adca85,N988T,Dassault,Falcon 900,Large,Honeywell,TFE731,3
ac26e4,N882SS,Dassault,Falcon 900,Large,Honeywell,TFE731,3
ab1deb,N815WH,Dassault,Falcon 900,Large,Honeywell,TFE731,3
a4eb4e,N416KC,Dassault,Falcon 900,Large,Honeywell,TFE731,3
a27e40,N26SM,Dassault,Falcon 900,Large,Honeywell,TFE731,3
484703,PH-NDK,Dassault,Falcon 900,Large,Honeywell,TFE731,3
39a583,F-HJMD,Dassault,Falcon 900,Large,Honeywell,TFE731,3
4d0247,LX-EMO,Dassault,Falcon 900,Large,Honeywell,TFE731,3
a95633,N700SW,Dassault,Falcon 900,Large,Honeywell,TFE731,3
484363,P4-GEM,Dassault,Falcon 900,Large,Honeywell,TFE731,3
3c080d,D-ASBG,Dassault,Falcon 900,Large,Honeywell,TFE731,3
acb0c8,N917BC,Dassault,Falcon 900,Large,Honeywell,TFE731,3
ac983f,N910SD,Dassault,Falcon 900,Large,Honeywell,TFE731,3
ab3338,N8200E,Dassault,Falcon 900,Large,Honeywell,TFE731,3
ab121b,N812PM,Dassault,Falcon 900,Large,Honeywell,TFE731,3
a1c2b2,N212U,Dassault,Falcon 900,Large,Honeywell,TFE731,3
4d0219,LX-SAB,Dassault,Falcon 900,Large,Honeywell,TFE731,3
424766,VP-CAB,Dassault,Falcon 900,Large,Honeywell,TFE731,3
a7144f,N555ZT,Dassault,Falcon 900,Large,Honeywell,TFE731,3
ad5dbc,N960SF,Dassault,Falcon 900,Large,Honeywell,TFE731,3
a7a512,N592CL,Dassault,Falcon 900,Large,Honeywell,TFE731,3
a3d17b,N345SK,Dassault,Falcon 900,Large,Honeywell,TFE731,3
a7f434,N611TX,Dassault,Falcon 900,Large,Honeywell,TFE731,3
a9a7fe,N721HM,Dassault,Falcon 900,Large,Honeywell,TFE731,3
a99709,N717LA,Dassault,Falcon 900,Large,Honeywell,TFE731,3
ac26db,N882SH,Dassault,Falcon 900,Large,Honeywell,TFE731,3
a74d03,N57KT,Dassault,Falcon 900,Large,Honeywell,TFE731,3
ac6fa3,N900EU,Dassault,Falcon 900,Large,Honeywell,TFE731,3
a14019,N18UD,Dassault,Falcon 900,Large,Honeywell,TFE731,3
00a272,ZS-NAN,Dassault,Falcon 900,Large,Honeywell,TFE731,3
3928e9,F-GKHJ,Dassault,Falcon 900,Large,Honeywell,TFE731,3
35350b,T.18-5,Dassault,Falcon 900,Large,Honeywell,TFE731,3
acc69b,N922LJ,Dassault,Falcon 900,Large,Honeywell,TFE731,3
ac782c,N902SB,Dassault,Falcon 900,Large,Honeywell,TFE731,3
43e722,M-SAIR,Dassault,Falcon 900,Large,Honeywell,TFE731,3
a1ba08,N210FJ,Dassault,Falcon 900,Large,Honeywell,TFE731,3
a0f087,N16NF,Dassault,Falcon 900,Large,Honeywell,TFE731,3
a94d3b,N699MC,Dassault,Falcon 900,Large,Honeywell,TFE731,3
add4a7,N990WR,Dassault,Falcon 900,Large,Honeywell,TFE731,3
ac7060,N900NH,Dassault,Falcon 900,Large,Honeywell,TFE731,3
a6abf4,N529SG,Dassault,Falcon 900,Large,Honeywell,TFE731,3
ac8d17,N908CA,Dassault,Falcon 900,Large,Honeywell,TFE731,3
a03fae,N115KG,Dassault,Falcon 900,Large,Honeywell,TFE731,3
a9804a,N711FJ,Dassault,Falcon 900,Large,Honeywell,TFE731,3
142329,RA-09001,Dassault,Falcon 900,Large,Honeywell,TFE731,3
a63ac1,N500JJ,Dassault,Falcon 900,Large,Honeywell,TFE731,3
add3af,N990LT,Dassault,Falcon 900,Large,Honeywell,TFE731,3
a8e526,N672WM,Dassault,Falcon 900,Large,Honeywell,TFE731,3
a22e2c,N24FJ,Dassault,Falcon 900,Large,Honeywell,TFE731,3
aa852c,N777XY,Dassault,Falcon 900,Large,Honeywell,TFE731,3
a04071,N115TB,Dassault,Falcon 900,Large,Honeywell,TFE731,3
a6389e,N50LN,Dassault,Falcon 900,Large,Honeywell,TFE731,3
ab7ecd,N84PH,Dassault,Falcon 900,Large,Honeywell,TFE731,3
a9c4ff,N729AD,Dassault,Falcon 900,Large,Honeywell,TFE731,3
ac6f4f,N900BK,Dassault,Falcon 900,Large,Honeywell,TFE731,3
a0f5df,N161EX,Dassault,Falcon 900,Large,Honeywell,TFE731,3
a2ec39,N288FJ,Dassault,Falcon 900,Large,Honeywell,TFE731,3
a4a809,N4BA,Dassault,Falcon 900,Large,Honeywell,TFE731,3
5110bd,ES-SLS,Dassault,Falcon 900,Large,Honeywell,TFE731,3
aab9ae,N790T,Dassault,Falcon 900,Large,Honeywell,TFE731,3
4850cf,PH-LAU,Dassault,Falcon 900,Large,Honeywell,TFE731,3
a769da,N577QT,Dassault,Falcon 900,Large,Honeywell,TFE731,3
4d214f,9H-ALJ,Dassault,Falcon 900,Large,Honeywell,TFE731,3
38243a,F-WWFX,Dassault,Falcon 900,Large,Honeywell,TFE731,3
a42a8b,N368FK,Dassault,Falcon 900,Large,Honeywell,TFE731,3
a63df4,N501DB,Dassault,Falcon 900,Large,Honeywell,TFE731,3
a6a434,N527P,Dassault,Falcon 900,Large,Honeywell,TFE731,3
a678d2,N516MF,Dassault,Falcon 900,Large,Honeywell,TFE731,3
ac6fb2,N900FJ,Dassault,Falcon 900,Large,Honeywell,TFE731,3
a481aa,N39NP,Dassault,Falcon 900,Large,Honeywell,TFE731,3
353507,T.18-1,Dassault,Falcon 900,Large,Honeywell,TFE731,3
c0070a,C-FCRH,Dassault,Falcon 900,Large,Honeywell,TFE731,3
393da9,F-GPNJ,Dassault,Falcon 900,Large,Honeywell,TFE731,3
a18669,N198FJ,Dassault,Falcon 900,Large,Honeywell,TFE731,3
3004d8,I-SEAR,Dassault,Falcon 900,Large,Honeywell,TFE731,3
a70326,N551AD,Dassault,Falcon 900,Large,Honeywell,TFE731,3
c069a7,C-GOAG,Dassault,Falcon 900,Large,Honeywell,TFE731,3
02a64c,TS-JSM,Dassault,Falcon 900,Large,Honeywell,TFE731,3
a5e679,N48CG,Dassault,Falcon 900,Large,Honeywell,TFE731,3
ac703b,N900LW,Dassault,Falcon 900,Large,Honeywell,TFE731,3
400b01,G-HMEI,Dassault,Falcon 900,Large,Honeywell,TFE731,3
a9508c,N7HA,Dassault,Falcon 900,Large,Honeywell,TFE731,3
a99ae4,N718MM,Dassault,Falcon 900,Large,Honeywell,TFE731,3
a04048,N115RL,Dassault,Falcon 900,Large,Honeywell,TFE731,3
4498c5,OO-FFE,Dassault,Falcon 900,Large,Honeywell,TFE731,3
a50b4a,N424JG,Dassault,Falcon 900,Large,Honeywell,TFE731,3
ab3d7a,N823RC,Dassault,Falcon 900,Large,Honeywell,TFE731,3
a7cef3,N602CV,Dassault,Falcon 900,Large,Honeywell,TFE731,3
a0c0ee,N148FJ,Dassault,Falcon 900,Large,Honeywell,TFE731,3
43e879,M-DADI,Dassault,Falcon 900,Large,Honeywell,TFE731,3
a8b266,N66FJ,Dassault,Falcon 900,Large,Honeywell,TFE731,3
acc675,N922JW,Dassault,Falcon 900,Large,Honeywell,TFE731,3
a837f8,N629DA,Dassault,Falcon 900,Large,Honeywell,TFE731,3
a91df8,N687HS,Dassault,Falcon 900,Large,Honeywell,TFE731,3
aab109,N7883K,Dassault,Falcon 900,Large,Honeywell,TFE731,3
ac7034,N900LP,Dassault,Falcon 900,Large,Honeywell,TFE731,3
adf47e,N999EH,Dassault,Falcon 900,Large,Honeywell,TFE731,3
300332,I-SEAS,Dassault,Falcon 900,Large,Honeywell,TFE731,3
a02bda,N11WM,Dassault,Falcon 900,Large,Honeywell,TFE731,3
ac3081,N885B,Dassault,Falcon 900,Large,Honeywell,TFE731,3
ac6f95,N900EE,Dassault,Falcon 900,Large,Honeywell,TFE731,3
a44e90,N377HW,Dassault,Falcon 900,Large,Honeywell,TFE731,3
33ffae,MM62244,Dassault,Falcon 900,Large,Honeywell,TFE731,3
ac70d2,N900SX,Dassault,Falcon 900,Large,Honeywell,TFE731,3
0d809f,YV2040,Dassault,Falcon 900,Large,Honeywell,TFE731,3
a0878e,N133NM,Dassault,Falcon 900,Large,Honeywell,TFE731,3
ac70b9,N900RX,Dassault,Falcon 900,Large,Honeywell,TFE731,3
aa43ee,N7600P,Dassault,Falcon 900,Large,Honeywell,TFE731,3
ac456f,N890BB,Dassault,Falcon 900,Large,Honeywell,TFE731,3
ac2ccc,N884BB,Dassault,Falcon 900,Large,Honeywell,TFE731,3
a25849,N250JC,Dassault,Falcon 900,Large,Honeywell,TFE731,3
a597f3,N46HB,Dassault,Falcon 900,Large,Honeywell,TFE731,3
a66d54,N513HS,Dassault,Falcon 900,Large,Honeywell,TFE731,3
a94ff9,N7BD,Dassault,Falcon 900,Large,Honeywell,TFE731,3
a2102b,N232CL,Dassault,Falcon 900,Large,Honeywell,TFE731,3
a8e51c,N672WB,Dassault,Falcon 900,Large,Honeywell,TFE731,3
aa4187,N760,Dassault,Falcon 900,Large,Honeywell,TFE731,3
a5e739,N48KZ,Dassault,Falcon 900,Large,Honeywell,TFE731,3
ac7005,N900JS,Dassault,Falcon 900,Large,Honeywell,TFE731,3
c068fc,C-GNTR,Dassault,Falcon 900,Large,Honeywell,TFE731,3
0d0597,XA-VAL,Dassault,Falcon 900,Large,Honeywell,TFE731,3
43eab8,M-TFFS,Dassault,Falcon 900,Large,Honeywell,TFE731,3
a953f0,N70TT,Dassault,Falcon 900,Large,Honeywell,TFE731,3
a66210,N510GL,Dassault,Falcon 900,Large,Honeywell,TFE731,3
a48f98,N393TA,Dassault,Falcon 900,Large,Honeywell,TFE731,3
aa7c3c,N775GM,Dassault,Falcon 900,Large,Honeywell,TFE731,3
a98150,N711RW,Dassault,Falcon 900,Large,Honeywell,TFE731,3
4001db,VP-CLB,Dassault,Falcon 900,Large,Honeywell,TFE731,3
a54941,N44LC,Dassault,Falcon 900,Large,Honeywell,TFE731,3
a0dca3,N1549E,Dassault,Falcon 900,Large,Honeywell,TFE731,3
3c60b2,D-AHER,Dassault,Falcon 900,Large,Honeywell,TFE731,3
ac9576,N91MS,Dassault,Falcon 900,Large,Honeywell,TFE731,3
a022f2,N108FJ,Dassault,Falcon 900,Large,Honeywell,TFE731,3
0d001a,XA-RFB,Dassault,Falcon 900,Large,Honeywell,TFE731,3
a1df3a,N22FW,Dassault,Falcon 900,Large,Honeywell,TFE731,3
a03110,N111MU,Dassault,Falcon 900,Large,Honeywell,TFE731,3
778663,YK-ASC,Dassault,Falcon 900,Large,Honeywell,TFE731,3
ac4660,N890LT,Dassault,Falcon 900,Large,Honeywell,TFE731,3
a28302,N261DC,Eclipse Aerospace,Eclipse 500,Small,Pratt & Whitney Canada,PW610F,2
ad5b16,N96PD,Eclipse Aerospace,Eclipse 500,Small,Pratt & Whitney Canada,PW610F,2
a02b22,N11PC,Eclipse Aerospace,Eclipse 500,Small,Pratt & Whitney Canada,PW610F,2
a657e8,N508CP,Eclipse Aerospace,Eclipse 500,Small,Pratt & Whitney Canada,PW610F,2
a40a74,N36FD,Eclipse Aerospace,Eclipse 500,Small,Pratt & Whitney Canada,PW610F,2
ad6bd1,N964JG,Eclipse Aerospace,Eclipse 500,Small,Pratt & Whitney Canada,PW610F,2
a28a55,N263CA,Eclipse Aerospace,Eclipse 500,Small,Pratt & Whitney Canada,PW610F,2
a1259b,N173PD,Eclipse Aerospace,Eclipse 500,Small,Pratt & Whitney Canada,PW610F,2
4b8693,TC-ATS,Eclipse Aerospace,Eclipse 500,Small,Pratt & Whitney Canada,PW610F,2
ad4096,N953JB,Eclipse Aerospace,Eclipse 500,Small,Pratt & Whitney Canada,PW610F,2
a1d814,N218JT,Eclipse Aerospace,Eclipse 500,Small,Pratt & Whitney Canada,PW610F,2
a77487,N58KY,Eclipse Aerospace,Eclipse 500,Small,Pratt & Whitney Canada,PW610F,2
3e3456,D-ILAC,Eclipse Aerospace,Eclipse 500,Small,Pratt & Whitney Canada,PW610F,2
a18f8a,N2YU,Eclipse Aerospace,Eclipse 500,Small,Pratt & Whitney Canada,PW610F,2
a8b20f,N66BX,Eclipse Aerospace,Eclipse 500,Small,Pratt & Whitney Canada,PW610F,2
ac143c,N878BW,Eclipse Aerospace,Eclipse 500,Small,Pratt & Whitney Canada,PW610F,2
a7f70f,N612KB,Eclipse Aerospace,Eclipse 500,Small,Pratt & Whitney Canada,PW610F,2
a65fbb,N51GQ,Eclipse Aerospace,Eclipse 500,Small,Pratt & Whitney Canada,PW610F,2
a32426,N301MK,Eclipse Aerospace,Eclipse 500,Small,Pratt & Whitney Canada,PW610F,2
a6bbe7,N533DK,Eclipse Aerospace,Eclipse 500,Small,Pratt & Whitney Canada,PW610F,2
a04123,N1150E,Eclipse Aerospace,Eclipse 500,Small,Pratt & Whitney Canada,PW610F,2
a1dfdd,N22NJ,Eclipse Aerospace,Eclipse 500,Small,Pratt & Whitney Canada,PW610F,2
aa494c,N762DL,Eclipse Aerospace,Eclipse 500,Small,Pratt & Whitney Canada,PW610F,2
a6ffc2,N550DM,Eclipse Aerospace,Eclipse 500,Small,Pratt & Whitney Canada,PW610F,2
a63e08,N501DX,Eclipse Aerospace,Eclipse 500,Small,Pratt & Whitney Canada,PW610F,2
a0f970,N162DJ,Eclipse Aerospace,Eclipse 500,Small,Pratt & Whitney Canada,PW610F,2
add25e,N99XG,Eclipse Aerospace,Eclipse 500,Small,Pratt & Whitney Canada,PW610F,2
a0b5a8,N145EA,Eclipse Aerospace,Eclipse 500,Small,Pratt & Whitney Canada,PW610F,2
a0a3e1,N140NE,Eclipse Aerospace,Eclipse 500,Small,Pratt & Whitney Canada,PW610F,2
a5e738,N48KY,Eclipse Aerospace,Eclipse 500,Small,Pratt & Whitney Canada,PW610F,2
a9aca7,N722TD,Eclipse Aerospace,Eclipse 500,Small,Pratt & Whitney Canada,PW610F,2
a74ece,N570EA,Eclipse Aerospace,Eclipse 500,Small,Pratt & Whitney Canada,PW610F,2
abc5b7,N858GS,Eclipse Aerospace,Eclipse 500,Small,Pratt & Whitney Canada,PW610F,2
a286bf,N262DJ,Eclipse Aerospace,Eclipse 500,Small,Pratt & Whitney Canada,PW610F,2
addcb5,N9922F,Eclipse Aerospace,Eclipse 500,Small,Pratt & Whitney Canada,PW610F,2
a4e4ba,N414TW,Eclipse Aerospace,Eclipse 500,Small,Pratt & Whitney Canada,PW610F,2
a96878,N705PT,Eclipse Aerospace,Eclipse 500,Small,Pratt & Whitney Canada,PW610F,2
ab77a4,N838SB,Eclipse Aerospace,Eclipse 500,Small,Pratt & Whitney Canada,PW610F,2
ab7f52,N84UR,Eclipse Aerospace,Eclipse 500,Small,Pratt & Whitney Canada,PW610F,2
a70145,N550UZ,Eclipse Aerospace,Eclipse 500,Small,Pratt & Whitney Canada,PW610F,2
00c161,ZS-YTC,Eclipse Aerospace,Eclipse 500,Small,Pratt & Whitney Canada,PW610F,2
43eb83,2-JSEG,Eclipse Aerospace,Eclipse 500,Small,Pratt & Whitney Canada,PW610F,2
a98f72,N715JK,Eclipse Aerospace,Eclipse 500,Small,Pratt & Whitney Canada,PW610F,2
a777df,N580WC,Eclipse Aerospace,Eclipse 500,Small,Pratt & Whitney Canada,PW610F,2
a214ca,N233MT,Eclipse Aerospace,Eclipse 500,Small,Pratt & Whitney Canada,PW610F,2
a101b2,N164MW,Eclipse Aerospace,Eclipse 500,Small,Pratt & Whitney Canada,PW610F,2
a55afb,N444RL,Eclipse Aerospace,Eclipse 500,Small,Pratt & Whitney Canada,PW610F,2
ab4fd9,N828PA,Eclipse Aerospace,Eclipse 500,Small,Pratt & Whitney Canada,PW610F,2
a8155e,N62RC,Eclipse Aerospace,Eclipse 500,Small,Pratt & Whitney Canada,PW610F,2
a57017,N45DJ,Eclipse Aerospace,Eclipse 500,Small,Pratt & Whitney Canada,PW610F,2
440892,OE-FMO,Eclipse Aerospace,Eclipse 500,Small,Pratt & Whitney Canada,PW610F,2
a35756,N314T,Eclipse Aerospace,Eclipse 500,Small,Pratt & Whitney Canada,PW610F,2
a29d25,N268EM,Eclipse Aerospace,Eclipse 500,Small,Pratt & Whitney Canada,PW610F,2
a5331f,N434MT,Eclipse Aerospace,Eclipse 500,Small,Pratt & Whitney Canada,PW610F,2
a1c982,N214MS,Eclipse Aerospace,Eclipse 500,Small,Pratt & Whitney Canada,PW610F,2
a64318,N502TS,Eclipse Aerospace,Eclipse 500,Small,Pratt & Whitney Canada,PW610F,2
ab8cac,N843TE,Eclipse Aerospace,Eclipse 500,Small,Pratt & Whitney Canada,PW610F,2
a2e9fc,N287WM,Eclipse Aerospace,Eclipse 500,Small,Pratt & Whitney Canada,PW610F,2
a77575,N58VL,Eclipse Aerospace,Eclipse 500,Small,Pratt & Whitney Canada,PW610F,2
a04699,N117EA,Eclipse Aerospace,Eclipse 500,Small,Pratt & Whitney Canada,PW610F,2
a87d8b,N646WT,Eclipse Aerospace,Eclipse 500,Small,Pratt & Whitney Canada,PW610F,2
a9f2e1,N740DM,Eclipse Aerospace,Eclipse 500,Small,Pratt & Whitney Canada,PW610F,2
a802d0,N615RH,Eclipse Aerospace,Eclipse 500,Small,Pratt & Whitney Canada,PW610F,2
a091e0,N136EA,Eclipse Aerospace,Eclipse 500,Small,Pratt & Whitney Canada,PW610F,2
a5734d,N450NE,Eclipse Aerospace,Eclipse 500,Small,Pratt & Whitney Canada,PW610F,2
a81592,N62TE,Eclipse Aerospace,Eclipse 500,Small,Pratt & Whitney Canada,PW610F,2
a44743,N375KD,Eclipse Aerospace,Eclipse 500,Small,Pratt & Whitney Canada,PW610F,2
a7bb84,N598EA,Eclipse Aerospace,Eclipse 500,Small,Pratt & Whitney Canada,PW610F,2
a67523,N515MP,Eclipse Aerospace,Eclipse 500,Small,Pratt & Whitney Canada,PW610F,2
aa1815,N75EA,Eclipse Aerospace,Eclipse 500,Small,Pratt & Whitney Canada,PW610F,2
a28461,N261TD,Eclipse Aerospace,Eclipse 500,Small,Pratt & Whitney Canada,PW610F,2
a3bb62,N34EJ,Eclipse Aerospace,Eclipse 500,Small,Pratt & Whitney Canada,PW610F,2
a8a38f,N656FP,Eclipse Aerospace,Eclipse 500,Small,Pratt & Whitney Canada,PW610F,2
a0317a,N111S,Eclipse Aerospace,Eclipse 500,Small,Pratt & Whitney Canada,PW610F,2
a74fe7,N570RG,Eclipse Aerospace,Eclipse 500,Small,Pratt & Whitney Canada,PW610F,2
a6587e,N508JP,Eclipse Aerospace,Eclipse 500,Small,Pratt & Whitney Canada,PW610F,2
a7f116,N6100,Eclipse Aerospace,Eclipse 500,Small,Pratt & Whitney Canada,PW610F,2
a8cc38,N666TM,Eclipse Aerospace,Eclipse 500,Small,Pratt & Whitney Canada,PW610F,2
a6781e,N516EA,Eclipse Aerospace,Eclipse 500,Small,Pratt & Whitney Canada,PW610F,2
e075d4,LV-GWT,Eclipse Aerospace,Eclipse 500,Small,Pratt & Whitney Canada,PW610F,2
a5121d,N426CB,Eclipse Aerospace,Eclipse 500,Small,Pratt & Whitney Canada,PW610F,2
a1909c,N20KS,Eclipse Aerospace,Eclipse 500,Small,Pratt & Whitney Canada,PW610F,2
a63a60,N500EM,Eclipse Aerospace,Eclipse 500,Small,Pratt & Whitney Canada,PW610F,2
a99b3e,N718RB,Eclipse Aerospace,Eclipse 500,Small,Pratt & Whitney Canada,PW610F,2
aae24a,N800EJ,Eclipse Aerospace,Eclipse 500,Small,Pratt & Whitney Canada,PW610F,2
ace07e,N929KD,Eclipse Aerospace,Eclipse 500,Small,Pratt & Whitney Canada,PW610F,2
a4d4ef,N410JG,Eclipse Aerospace,Eclipse 500,Small,Pratt & Whitney Canada,PW610F,2
ab1df5,N815WT,Eclipse Aerospace,Eclipse 500,Small,Pratt & Whitney Canada,PW610F,2
a2ae57,N272EJ,Eclipse Aerospace,Eclipse 500,Small,Pratt & Whitney Canada,PW610F,2
a96f04,N707ES,Eclipse Aerospace,Eclipse 500,Small,Pratt & Whitney Canada,PW610F,2
a005fa,N100PA,Eclipse Aerospace,Eclipse 500,Small,Pratt & Whitney Canada,PW610F,2
a1c155,N212EA,Eclipse Aerospace,Eclipse 500,Small,Pratt & Whitney Canada,PW610F,2
aae2b5,N800JR,Eclipse Aerospace,Eclipse 500,Small,Pratt & Whitney Canada,PW610F,2
a3f785,N355BM,Eclipse Aerospace,Eclipse 500,Small,Pratt & Whitney Canada,PW610F,2
a24ba1,N247SS,Eclipse Aerospace,Eclipse 500,Small,Pratt & Whitney Canada,PW610F,2
a03b74,N114EA,Eclipse Aerospace,Eclipse 500,Small,Pratt & Whitney Canada,PW610F,2
a2c858,N279EJ,Eclipse Aerospace,Eclipse 500,Small,Pratt & Whitney Canada,PW610F,2
a01843,N105LB,Eclipse Aerospace,Eclipse 500,Small,Pratt & Whitney Canada,PW610F,2
a65c28,N509JA,Eclipse Aerospace,Eclipse 500,Small,Pratt & Whitney Canada,PW610F,2
a6509f,N506EA,Eclipse Aerospace,Eclipse 500,Small,Pratt & Whitney Canada,PW610F,2
a250e3,N2486B,Eclipse Aerospace,Eclipse 500,Small,Pratt & Whitney Canada,PW610F,2
a6fec4,N55TJ,Eclipse Aerospace,Eclipse 500,Small,Pratt & Whitney Canada,PW610F,2
a037bd,N113EA,Eclipse Aerospace,Eclipse 500,Small,Pratt & Whitney Canada,PW610F,2
a6dc9f,N541LB,Eclipse Aerospace,Eclipse 500,Small,Pratt & Whitney Canada,PW610F,2
a63804,N50EJ,Eclipse Aerospace,Eclipse 500,Small,Pratt & Whitney Canada,PW610F,2
a7c2c2,N6CC,Eclipse Aerospace,Eclipse 500,Small,Pratt & Whitney Canada,PW610F,2
a2c84f,N279E,Eclipse Aerospace,Eclipse 500,Small,Pratt & Whitney Canada,PW610F,2
a60f0f,N49PL,Eclipse Aerospace,Eclipse 500,Small,Pratt & Whitney Canada,PW610F,2
a63c37,N500ZH,Eclipse Aerospace,Eclipse 500,Small,Pratt & Whitney Canada,PW610F,2
a63bd3,N500VH,Eclipse Aerospace,Eclipse 500,Small,Pratt & Whitney Canada,PW610F,2
a63a6f,N500FB,Eclipse Aerospace,Eclipse 500,Small,Pratt & Whitney Canada,PW610F,2
a202d5,N229EA,Eclipse Aerospace,Eclipse 500,Small,Pratt & Whitney Canada,PW610F,2
a51d43,N429CC,Eclipse Aerospace,Eclipse 500,Small,Pratt & Whitney Canada,PW610F,2
a4631d,N382EA,Eclipse Aerospace,Eclipse 500,Small,Pratt & Whitney Canada,PW610F,2
a04e07,N119EA,Eclipse Aerospace,Eclipse 500,Small,Pratt & Whitney Canada,PW610F,2
a18db8,N2EC,Eclipse Aerospace,Eclipse 500,Small,Pratt & Whitney Canada,PW610F,2
a0f231,N160FF,Eclipse Aerospace,Eclipse 500,Small,Pratt & Whitney Canada,PW610F,2
ac3de3,N888ZY,Eclipse Aerospace,Eclipse 500,Small,Pratt & Whitney Canada,PW610F,2
ad111d,N941CM,Eclipse Aerospace,Eclipse 500,Small,Pratt & Whitney Canada,PW610F,2
a97ad9,N71MT,Eclipse Aerospace,Eclipse 500,Small,Pratt & Whitney Canada,PW610F,2
a669f2,N512MB,Eclipse Aerospace,Eclipse 500,Small,Pratt & Whitney Canada,PW610F,2
a06379,N124KK,Eclipse Aerospace,Eclipse 500,Small,Pratt & Whitney Canada,PW610F,2
a4d9c0,N411VP,Eclipse Aerospace,Eclipse 500,Small,Pratt & Whitney Canada,PW610F,2
aa855e,N777ZY,Eclipse Aerospace,Eclipse 500,Small,Pratt & Whitney Canada,PW610F,2
abf05b,N869AW,Eclipse Aerospace,Eclipse 500,Small,Pratt & Whitney Canada,PW610F,2
a6d741,N54TE,Eclipse Aerospace,Eclipse 500,Small,Pratt & Whitney Canada,PW610F,2
a6834b,N519EJ,Eclipse Aerospace,Eclipse 500,Small,Pratt & Whitney Canada,PW610F,2
a773fb,N58EH,Eclipse Aerospace,Eclipse 500,Small,Pratt & Whitney Canada,PW610F,2
a6ee64,N546BW,Eclipse Aerospace,Eclipse 500,Small,Pratt & Whitney Canada,PW610F,2
a1823c,N197AR,Eclipse Aerospace,Eclipse 500,Small,Pratt & Whitney Canada,PW610F,2
a446d4,N375ET,Eclipse Aerospace,Eclipse 500,Small,Pratt & Whitney Canada,PW610F,2
a199d6,N202EA,Eclipse Aerospace,Eclipse 500,Small,Pratt & Whitney Canada,PW610F,2
a3bb47,N34DG,Eclipse Aerospace,Eclipse 500,Small,Pratt & Whitney Canada,PW610F,2
a8fac6,N678PS,Eclipse Aerospace,Eclipse 500,Small,Pratt & Whitney Canada,PW610F,2
a36263,N317SA,Eclipse Aerospace,Eclipse 500,Small,Pratt & Whitney Canada,PW610F,2
aa685c,N77TE,Eclipse Aerospace,Eclipse 500,Small,Pratt & Whitney Canada,PW610F,2
a996c1,N717HD,Eclipse Aerospace,Eclipse 500,Small,Pratt & Whitney Canada,PW610F,2
a17a8c,N1948W,Eclipse Aerospace,Eclipse 500,Small,Pratt & Whitney Canada,PW610F,2
a1e88d,N222BE,Eclipse Aerospace,Eclipse 500,Small,Pratt & Whitney Canada,PW610F,2
a047fe,N117UH,Eclipse Aerospace,Eclipse 500,Small,Pratt & Whitney Canada,PW610F,2
a63a42,N500DG,Eclipse Aerospace,Eclipse 500,Small,Pratt & Whitney Canada,PW610F,2
a00690,N100VA,Eclipse Aerospace,Eclipse 500,Small,Pratt & Whitney Canada,PW610F,2
a63a55,N500EA,Eclipse Aerospace,Eclipse 500,Small,Pratt & Whitney Canada,PW610F,2
50006d,T7-AEB,Eclipse Aerospace,Eclipse 500,Small,Pratt & Whitney Canada,PW610F,2
a6a70b,N528EA,Eclipse Aerospace,Eclipse 500,Small,Pratt & Whitney Canada,PW610F,2
a95070,N7FY,Eclipse Aerospace,Eclipse 500,Small,Pratt & Whitney Canada,PW610F,2
a12c8d,N175JE,Eclipse Aerospace,Eclipse 500,Small,Pratt & Whitney Canada,PW610F,2
a3ec56,N352BB,Eclipse Aerospace,Eclipse 500,Small,Pratt & Whitney Canada,PW610F,2
a2dcf7,N284BG,Eclipse Aerospace,Eclipse 500,Small,Pratt & Whitney Canada,PW610F,2
aa886b,N778TC,Eclipse Aerospace,Eclipse 500,Small,Pratt & Whitney Canada,PW610F,2
a7f018,N610PW,Eclipse Aerospace,Eclipse 500,Small,Pratt & Whitney Canada,PW610F,2
a1ac69,N207EA,Eclipse Aerospace,Eclipse 500,Small,Pratt & Whitney Canada,PW610F,2
a7ecc2,N61DT,Eclipse Aerospace,Eclipse 500,Small,Pratt & Whitney Canada,PW610F,2
a375df,N322BH,Eclipse Aerospace,Eclipse 500,Small,Pratt & Whitney Canada,PW610F,2
a98576,N712WG,Eclipse Aerospace,Eclipse 500,Small,Pratt & Whitney Canada,PW610F,2
a63a26,N500CD,Eclipse Aerospace,Eclipse 500,Small,Pratt & Whitney Canada,PW610F,2
3e3a02,D-INDY,Eclipse Aerospace,Eclipse 500,Small,Pratt & Whitney Canada,PW610F,2
a1f22b,N224ZQ,Eclipse Aerospace,Eclipse 500,Small,Pratt & Whitney Canada,PW610F,2
ac2cbd,N884AM,Eclipse Aerospace,Eclipse 500,Small,Pratt & Whitney Canada,PW610F,2
a1085d,N166EA,Eclipse Aerospace,Eclipse 500,Small,Pratt & Whitney Canada,PW610F,2
43eb51,2-LIFE,Eclipse Aerospace,Eclipse 500,Small,Pratt & Whitney Canada,PW610F,2
aa6de3,N771MT,Eclipse Aerospace,Eclipse 500,Small,Pratt & Whitney Canada,PW610F,2
ac29f7,N883LC,Eclipse Aerospace,Eclipse 500,Small,Pratt & Whitney Canada,PW610F,2
ac11a8,N877PM,Eclipse Aerospace,Eclipse 500,Small,Pratt & Whitney Canada,PW610F,2
aa600e,N768JF,Eclipse Aerospace,Eclipse 500,Small,Pratt & Whitney Canada,PW610F,2
ab208b,N816KD,Eclipse Aerospace,Eclipse 500,Small,Pratt & Whitney Canada,PW610F,2
a56907,N448HC,Eclipse Aerospace,Eclipse 500,Small,Pratt & Whitney Canada,PW610F,2
ad120e,N941NC,Eclipse Aerospace,Eclipse 500,Small,Pratt & Whitney Canada,PW610F,2
a27189,N257AK,Eclipse Aerospace,Eclipse 500,Small,Pratt & Whitney Canada,PW610F,2
a700a0,N550NJ,Eclipse Aerospace,Eclipse 500,Small,Pratt & Whitney Canada,PW610F,2
a43510,N370P,Eclipse Aerospace,Eclipse 500,Small,Pratt & Whitney Canada,PW610F,2
a057ff,N121G,Eclipse Aerospace,Eclipse 500,Small,Pratt & Whitney Canada,PW610F,2
a00067,N1EA,Eclipse Aerospace,Eclipse 500,Small,Pratt & Whitney Canada,PW610F,2
a6d35f,N539RM,Eclipse Aerospace,Eclipse 500,Small,Pratt & Whitney Canada,PW610F,2
aad9f4,N799FC,Eclipse Aerospace,Eclipse 500,Small,Pratt & Whitney Canada,PW610F,2
abe9b9,N867K,Eclipse Aerospace,Eclipse 500,Small,Pratt & Whitney Canada,PW610F,2
a1d7d0,N218G,Eclipse Aerospace,Eclipse 500,Small,Pratt & Whitney Canada,PW610F,2
a0c484,N149EA,Eclipse Aerospace,Eclipse 500,Small,Pratt & Whitney Canada,PW610F,2
a6bc3a,N533GT,Eclipse Aerospace,Eclipse 500,Small,Pratt & Whitney Canada,PW610F,2
a63bbc,N500UK,Eclipse Aerospace,Eclipse 500,Small,Pratt & Whitney Canada,PW610F,2
a59e7e,N461N,Eclipse Aerospace,Eclipse 500,Small,Pratt & Whitney Canada,PW610F,2
ac9b8b,N911MX,Eclipse Aerospace,Eclipse 500,Small,Pratt & Whitney Canada,PW610F,2
a26e21,N256DP,Eclipse Aerospace,Eclipse 500,Small,Pratt & Whitney Canada,PW610F,2
a1fc0d,N227LS,Eclipse Aerospace,Eclipse 500,Small,Pratt & Whitney Canada,PW610F,2
3e3469,D-ILAV,Eclipse Aerospace,Eclipse 500,Small,Pratt & Whitney Canada,PW610F,2
a96c2f,N706PT,Eclipse Aerospace,Eclipse 500,Small,Pratt & Whitney Canada,PW610F,2
a43430,N370EA,Eclipse Aerospace,Eclipse 500,Small,Pratt & Whitney Canada,PW610F,2
a6fd41,N55BX,Eclipse Aerospace,Eclipse 500,Small,Pratt & Whitney Canada,PW610F,2
a09329,N136TE,Eclipse Aerospace,Eclipse 500,Small,Pratt & Whitney Canada,PW610F,2
a6b009,N53WA,Eclipse Aerospace,Eclipse 500,Small,Pratt & Whitney Canada,PW610F,2
a2c113,N277G,Eclipse Aerospace,Eclipse 500,Small,Pratt & Whitney Canada,PW610F,2
a70100,N550SE,Eclipse Aerospace,Eclipse 500,Small,Pratt & Whitney Canada,PW610F,2
a894a8,N652FC,Eclipse Aerospace,Eclipse 500,Small,Pratt & Whitney Canada,PW610F,2
aa0d8c,N747LG,Eclipse Aerospace,Eclipse 500,Small,Pratt & Whitney Canada,PW610F,2
a447f6,N375SH,Eclipse Aerospace,Eclipse 500,Small,Pratt & Whitney Canada,PW610F,2
a83b67,N63AD,Eclipse Aerospace,Eclipse 500,Small,Pratt & Whitney Canada,PW610F,2
a2a99e,N27052,Eclipse Aerospace,Eclipse 500,Small,Pratt & Whitney Canada,PW610F,2
a65871,N508JA,Eclipse Aerospace,Eclipse 500,Small,Pratt & Whitney Canada,PW610F,2
a34e63,N312BL,Eclipse Aerospace,Eclipse 500,Small,Pratt & Whitney Canada,PW610F,2
a5ac80,N465DG,Eclipse Aerospace,Eclipse 500,Small,Pratt & Whitney Canada,PW610F,2
a6f961,N549AF,Eclipse Aerospace,Eclipse 500,Small,Pratt & Whitney Canada,PW610F,2
a5df4f,N478F,Eclipse Aerospace,Eclipse 500,Small,Pratt & Whitney Canada,PW610F,2
a06695,N125DE,Eclipse Aerospace,Eclipse 500,Small,Pratt & Whitney Canada,PW610F,2
a2f650,N290JP,Eclipse Aerospace,Eclipse 500,Small,Pratt & Whitney Canada,PW610F,2
a13c49,N179TD,Eclipse Aerospace,Eclipse 500,Small,Pratt & Whitney Canada,PW610F,2
a811ad,N619RJ,Eclipse Aerospace,Eclipse 500,Small,Pratt & Whitney Canada,PW610F,2
a05417,N120EA,Eclipse Aerospace,Eclipse 500,Small,Pratt & Whitney Canada,PW610F,2
a9be40,N727HD,Eclipse Aerospace,Eclipse 500,Small,Pratt & Whitney Canada,PW610F,2
a2f444,N29MR,Eclipse Aerospace,Eclipse 500,Small,Pratt & Whitney Canada,PW610F,2
a6ff6f,N550AD,Eclipse Aerospace,Eclipse 500,Small,Pratt & Whitney Canada,PW610F,2
aba69b,N85SM,Eclipse Aerospace,Eclipse 500,Small,Pratt & Whitney Canada,PW610F,2
a0c169,N148LG,Eclipse Aerospace,Eclipse 500,Small,Pratt & Whitney Canada,PW610F,2
a2029e,N229BW,Eclipse Aerospace,Eclipse 500,Small,Pratt & Whitney Canada,PW610F,2
a8ef38,N675KM,Eclipse Aerospace,Eclipse 500,Small,Pratt & Whitney Canada,PW610F,2
a3bcf7,N34WP,Eclipse Aerospace,Eclipse 500,Small,Pratt & Whitney Canada,PW610F,2
a3770e,N322PL,Eclipse Aerospace,Eclipse 500,Small,Pratt & Whitney Canada,PW610F,2
a1a32d,N204ZQ,Eclipse Aerospace,Eclipse 500,Small,Pratt & Whitney Canada,PW610F,2
a27ee8,N26ZE,Eclipse Aerospace,Eclipse 500,Small,Pratt & Whitney Canada,PW610F,2
a46bd2,N384TC,Eclipse Aerospace,Eclipse 500,Small,Pratt & Whitney Canada,PW610F,2
a57395,N450RB,Eclipse Aerospace,Eclipse 500,Small,Pratt & Whitney Canada,PW610F,2
a76518,N576EA,Eclipse Aerospace,Eclipse 500,Small,Pratt & Whitney Canada,PW610F,2
a76131,N575CC,Eclipse Aerospace,Eclipse 500,Small,Pratt & Whitney Canada,PW610F,2
a20803,N23VA,Eclipse Aerospace,Eclipse 500,Small,Pratt & Whitney Canada,PW610F,2
a68704,N52EL,Eclipse Aerospace,Eclipse 500,Small,Pratt & Whitney Canada,PW610F,2
aae38b,N800TE,Eclipse Aerospace,Eclipse 500,Small,Pratt & Whitney Canada,PW610F,2
a0340e,N112EJ,Eclipse Aerospace,Eclipse 500,Small,Pratt & Whitney Canada,PW610F,2
a0f580,N161BB,Eclipse Aerospace,Eclipse 500,Small,Pratt & Whitney Canada,PW610F,2
0d0a6b,XB-OKU,Eclipse Aerospace,Eclipse 500,Small,Pratt & Whitney Canada,PW610F,2
a15b12,N187EA,Eclipse Aerospace,Eclipse 500,Small,Pratt & Whitney Canada,PW610F,2
a2ec8b,N288JR,Eclipse Aerospace,Eclipse 500,Small,Pratt & Whitney Canada,PW610F,2
a1961f,N201EA,Eclipse Aerospace,Eclipse 500,Small,Pratt & Whitney Canada,PW610F,2
a7e246,N607LM,Eclipse Aerospace,Eclipse 500,Small,Pratt & Whitney Canada,PW610F,2
a1fb98,N227G,Eclipse Aerospace,Eclipse 500,Small,Pratt & Whitney Canada,PW610F,2
a690b1,N522DK,Eclipse Aerospace,Eclipse 500,Small,Pratt & Whitney Canada,PW610F,2
a641c3,N502EA,Eclipse Aerospace,Eclipse 500,Small,Pratt & Whitney Canada,PW610F,2
a1fccc,N227UH,Eclipse Aerospace,Eclipse 500,Small,Pratt & Whitney Canada,PW610F,2
a64a54,N504RS,Eclipse Aerospace,Eclipse 500,Small,Pratt & Whitney Canada,PW610F,2
adce10,N989RF,Eclipse Aerospace,Eclipse 500,Small,Pratt & Whitney Canada,PW610F,2
a6a403,N527MA,Eclipse Aerospace,Eclipse 500,Small,Pratt & Whitney Canada,PW610F,2
a31bc5,N3MT,Eclipse Aerospace,Eclipse 500,Small,Pratt & Whitney Canada,PW610F,2
a5f796,N484BH,Eclipse Aerospace,Eclipse 500,Small,Pratt & Whitney Canada,PW610F,2
a63a27,N500CE,Eclipse Aerospace,Eclipse 500,Small,Pratt & Whitney Canada,PW610F,2
a5a9c3,N464PG,Eclipse Aerospace,Eclipse 500,Small,Pratt & Whitney Canada,PW610F,2
ab479a,N826ES,Eclipse Aerospace,Eclipse 500,Small,Pratt & Whitney Canada,PW610F,2
a9c91f,N73EJ,Eclipse Aerospace,Eclipse 500,Small,Pratt & Whitney Canada,PW610F,2
a4593d,N38DA,Eclipse Aerospace,Eclipse 500,Small,Pratt & Whitney Canada,PW610F,2
a63bba,N500UH,Eclipse Aerospace,Eclipse 500,Small,Pratt & Whitney Canada,PW610F,2
a11992,N170EA,Eclipse Aerospace,Eclipse 500,Small,Pratt & Whitney Canada,PW610F,2
a72bbd,N561MJ,Eclipse Aerospace,Eclipse 500,Small,Pratt & Whitney Canada,PW610F,2
3e3467,D-ILAT,Eclipse Aerospace,Eclipse 500,Small,Pratt & Whitney Canada,PW610F,2
a72b06,N561EA,Eclipse Aerospace,Eclipse 500,Small,Pratt & Whitney Canada,PW610F,2
a745e9,N568PB,Eclipse Aerospace,Eclipse 500,Small,Pratt & Whitney Canada,PW610F,2
add139,N99KP,Eclipse Aerospace,Eclipse 500,Small,Pratt & Whitney Canada,PW610F,2
a1336a,N177CK,Eclipse Aerospace,Eclipse 500,Small,Pratt & Whitney Canada,PW610F,2
a1b95f,N21YR,Eclipse Aerospace,Eclipse 500,Small,Pratt & Whitney Canada,PW610F,2
a7126b,N555EJ,Eclipse Aerospace,Eclipse 500,Small,Pratt & Whitney Canada,PW610F,2
a64ce8,N505EA,Eclipse Aerospace,Eclipse 500,Small,Pratt & Whitney Canada,PW610F,2
ac3f82,N889CM,Eclipse Aerospace,Eclipse 500,Small,Pratt & Whitney Canada,PW610F,2
4baca1,TC-KEA,Eclipse Aerospace,Eclipse 500,Small,Pratt & Whitney Canada,PW610F,2
ac1f06,N880NE,Eclipse Aerospace,Eclipse 500,Small,Pratt & Whitney Canada,PW610F,2
a7ed1a,N61HF,Eclipse Aerospace,Eclipse 500,Small,Pratt & Whitney Canada,PW610F,2
a6b489,N531EA,Eclipse Aerospace,Eclipse 500,Small,Pratt & Whitney Canada,PW610F,2
a952a2,N70EJ,Eclipse Aerospace,Eclipse 500,Small,Pratt & Whitney Canada,PW610F,2
a0cb60,N150NE,Eclipse Aerospace,Eclipse 500,Small,Pratt & Whitney Canada,PW610F,2
a670b0,N514EA,Eclipse Aerospace,Eclipse 500,Small,Pratt & Whitney Canada,PW610F,2
a77b7d,N581VC,Eclipse Aerospace,Eclipse 500,Small,Pratt & Whitney Canada,PW610F,2
ad9f89,N977VH,Eclipse Aerospace,Eclipse 500,Small,Pratt & Whitney Canada,PW610F,2
a7332b,N563MJ,Eclipse Aerospace,Eclipse 500,Small,Pratt & Whitney Canada,PW610F,2
a27260,N257K,Eclipse Aerospace,Eclipse 500,Small,Pratt & Whitney Canada,PW610F,2
a6d67d,N54KJ,Eclipse Aerospace,Eclipse 500,Small,Pratt & Whitney Canada,PW610F,2
add50b,N9900R,Eclipse Aerospace,Eclipse 500,Small,Pratt & Whitney Canada,PW610F,2
a35d5b,N316CP,Eclipse Aerospace,Eclipse 500,Small,Pratt & Whitney Canada,PW610F,2
a64a78,N504TC,Eclipse Aerospace,Eclipse 500,Small,Pratt & Whitney Canada,PW610F,2
a1b3d7,N209EA,Eclipse Aerospace,Eclipse 500,Small,Pratt & Whitney Canada,PW610F,2
a63b0f,N500MM,Eclipse Aerospace,Eclipse 500,Small,Pratt & Whitney Canada,PW610F,2
a13e78,N18BM,Eclipse Aerospace,Eclipse 500,Small,Pratt & Whitney Canada,PW610F,2
add3d0,N990NA,Eclipse Aerospace,Eclipse 500,Small,Pratt & Whitney Canada,PW610F,2
ac3f72,N889BW,Eclipse Aerospace,Eclipse 500,Small,Pratt & Whitney Canada,PW610F,2
a536e3,N435NF,Eclipse Aerospace,Eclipse 500,Small,Pratt & Whitney Canada,PW610F,2
aae186,N80WP,Eclipse Aerospace,Eclipse 500,Small,Pratt & Whitney Canada,PW610F,2
a1db56,N219EA,Eclipse Aerospace,Eclipse 500,Small,Pratt & Whitney Canada,PW610F,2
a1adaf,N207TB,Eclipse Aerospace,Eclipse 500,Small,Pratt & Whitney Canada,PW610F,2
a581a8,N454HA,Eclipse Aerospace,Eclipse 500,Small,Pratt & Whitney Canada,PW610F,2
a89c16,N654FC,Eclipse Aerospace,Eclipse 500,Small,Pratt & Whitney Canada,PW610F,2
a87e2f,N6462M,Eclipse Aerospace,Eclipse 500,Small,Pratt & Whitney Canada,PW610F,2
aa809f,N776PJ,Eclipse Aerospace,Eclipse 500,Small,Pratt & Whitney Canada,PW610F,2
a03406,N112EA,Eclipse Aerospace,Eclipse 500,Small,Pratt & Whitney Canada,PW610F,2
a0a6cc,N141EA,Eclipse Aerospace,Eclipse 500,Small,Pratt & Whitney Canada,PW610F,2
a517ad,N427X,Eclipse Aerospace,Eclipse 500,Small,Pratt & Whitney Canada,PW610F,2
a73a08,N565FP,Eclipse Aerospace,Eclipse 500,Small,Pratt & Whitney Canada,PW610F,2
a72f74,N562MJ,Eclipse Aerospace,Eclipse 500,Small,Pratt & Whitney Canada,PW610F,2
acbec2,N920GB,Eclipse Aerospace,Eclipse 500,Small,Pratt & Whitney Canada,PW610F,2
aa88af,N778VW,Eclipse Aerospace,Eclipse 500,Small,Pratt & Whitney Canada,PW610F,2
ab7dbe,N84CM,Eclipse Aerospace,Eclipse 500,Small,Pratt & Whitney Canada,PW610F,2
a06692,N125DB,Eclipse Aerospace,Eclipse 500,Small,Pratt & Whitney Canada,PW610F,2
50006c,T7-AEA,Eclipse Aerospace,Eclipse 500,Small,Pratt & Whitney Canada,PW610F,2
aae1f5,N800AZ,Eclipse Aerospace,Eclipse 500,Small,Pratt & Whitney Canada,PW610F,2
abbb0f,N855MS,Eclipse Aerospace,Eclipse 500,Small,Pratt & Whitney Canada,PW610F,2
a0b95f,N146EA,Eclipse Aerospace,Eclipse 500,Small,Pratt & Whitney Canada,PW610F,2
a97a36,N71FE,Eclipse Aerospace,Eclipse 500,Small,Pratt & Whitney Canada,PW610F,2
a5897f,N456MF,Eclipse Aerospace,Eclipse 500,Small,Pratt & Whitney Canada,PW610F,2
a0b9aa,N146HA,Eclipse Aerospace,Eclipse 500,Small,Pratt & Whitney Canada,PW610F,2
a9bdd4,N727CW,Eclipse Aerospace,Eclipse 500,Small,Pratt & Whitney Canada,PW610F,2
a55a49,N444JH,Eclipse Aerospace,Eclipse 500,Small,Pratt & Whitney Canada,PW610F,2
a641d4,N502ET,Eclipse Aerospace,Eclipse 500,Small,Pratt & Whitney Canada,PW610F,2
a58dc8,N457TB,Eclipse Aerospace,Eclipse 500,Small,Pratt & Whitney Canada,PW610F,2
a116d9,N17AE,Eclipse Aerospace,Eclipse 500,Small,Pratt & Whitney Canada,PW610F,2
a95fdc,N703BR,Eclipse Aerospace,Eclipse 500,Small,Pratt & Whitney Canada,PW610F,2
a0e995,N158TE,Eclipse Aerospace,Eclipse 500,Small,Pratt & Whitney Canada,PW610F,2
a206ae,N23FK,Eclipse Aerospace,Eclipse 500,Small,Pratt & Whitney Canada,PW610F,2
a8da67,N67LP,Eclipse Aerospace,Eclipse 500,Small,Pratt & Whitney Canada,PW610F,2
a6eb94,N545MB,Embraer,Legacy 450,Large,Honeywell,HTF7500E,2
aa841e,N777MC,Embraer,Legacy 450,Large,Honeywell,HTF7500E,2
e48f80,PT-ZIJ,Embraer,Legacy 450,Large,Honeywell,HTF7500E,2
44b8b9,OO-NEY,Embraer,Legacy 450,Large,Honeywell,HTF7500E,2
4d020d,LX-JET,Embraer,Legacy 450,Large,Honeywell,HTF7500E,2
aae5fd,N801EE,Embraer,Legacy 450,Large,Honeywell,HTF7500E,2
a2bddc,N276MC,Embraer,Legacy 450,Large,Honeywell,HTF7500E,2
a84d01,N634EE,Embraer,Legacy 450,Large,Honeywell,HTF7500E,2
a662ba,N510PF,Embraer,Legacy 500,Large,Honeywell,HTF7500E,2
e49217,3602,Embraer,Legacy 500,Large,Honeywell,HTF7500E,2
a72b0a,N561EE,Embraer,Legacy 500,Large,Honeywell,HTF7500E,2
0d09ea,XA-RBG,Embraer,Legacy 500,Large,Honeywell,HTF7500E,2
3c94b2,D-BEER,Embraer,Legacy 500,Large,Honeywell,HTF7500E,2
4bb581,TC-MLA,Embraer,Legacy 500,Large,Honeywell,HTF7500E,2
a70af9,N553EE,Embraer,Legacy 500,Large,Honeywell,HTF7500E,2
a4b4a2,N402FX,Embraer,Legacy 500,Large,Honeywell,HTF7500E,2
a4ad34,N400FX,Embraer,Legacy 500,Large,Honeywell,HTF7500E,2
4071ff,G-SUEJ,Embraer,Legacy 500,Large,Honeywell,HTF7500E,2
a9a7ac,N721EE,Embraer,Legacy 500,Large,Honeywell,HTF7500E,2
a662e8,N510RB,Embraer,Legacy 500,Large,Honeywell,HTF7500E,2
0d091e,XA-TUB,Embraer,Legacy 500,Large,Honeywell,HTF7500E,2
e4902e,PR-EUF,Embraer,Legacy 500,Large,Honeywell,HTF7500E,2
140ae4,RA-02788,Embraer,Legacy 500,Large,Honeywell,HTF7500E,2
a9b688,N725EE,Embraer,Legacy 500,Large,Honeywell,HTF7500E,2
406fc8,G-HARG,Embraer,Legacy 500,Large,Honeywell,HTF7500E,2
7100c5,HZ-SK11,Embraer,Legacy 500,Large,Honeywell,HTF7500E,2
e493a0,PP-JCC,Embraer,Legacy 500,Large,Honeywell,HTF7500E,2
e48f8d,PP-JJA,Embraer,Legacy 500,Large,Honeywell,HTF7500E,2
e49174,3601,Embraer,Legacy 500,Large,Honeywell,HTF7500E,2
748053,OD-CXL,Embraer,Legacy 500,Large,Honeywell,HTF7500E,2
748050,OD-CXJ,Embraer,Legacy 500,Large,Honeywell,HTF7500E,2
a8b8b0,N661HS,Embraer,Legacy 500,Large,Honeywell,HTF7500E,2
e492fa,PR-ROI,Embraer,Legacy 500,Large,Honeywell,HTF7500E,2
3ca970,D-BJKP,Embraer,Legacy 500,Large,Honeywell,HTF7500E,2
a4b0eb,N401FX,Embraer,Legacy 500,Large,Honeywell,HTF7500E,2
0d09d4,XA-COS,Embraer,Legacy 500,Large,Honeywell,HTF7500E,2
a99b3d,N718RA,Embraer,Legacy 500,Large,Honeywell,HTF7500E,2
a335da,N306CM,Embraer,Legacy 500,Large,Honeywell,HTF7500E,2
a4bc10,N404FX,Embraer,Legacy 500,Large,Honeywell,HTF7500E,2
e49267,PR-HIL,Embraer,Legacy 500,Large,Honeywell,HTF7500E,2
e48aac,PT-ZEY,Embraer,Legacy 500,Large,Honeywell,HTF7500E,2
a983e0,N712EA,Embraer,Legacy 500,Large,Honeywell,HTF7500E,2
780e8d,B-3385,Embraer,Legacy 500,Large,Honeywell,HTF7500E,2
aa492b,N762CC,Embraer,Legacy 500,Large,Honeywell,HTF7500E,2
0d0a53,XA-FLB,Embraer,Legacy 500,Large,Honeywell,HTF7500E,2
ad92e8,N974EC,Embraer,Legacy 600,Large,Rolls-Royce,AE 3007,2
a4f697,N419LP,Embraer,Legacy 600,Large,Rolls-Royce,AE 3007,2
008ad6,ZS-ECB,Embraer,Legacy 600,Large,Rolls-Royce,AE 3007,2
0d0a1b,XA-DJJ,Embraer,Legacy 600,Large,Rolls-Royce,AE 3007,2
4d0283,LX-GLS,Embraer,Legacy 600,Large,Rolls-Royce,AE 3007,2
440973,OE-IKT,Embraer,Legacy 600,Large,Rolls-Royce,AE 3007,2
a15f3e,N188JT,Embraer,Legacy 600,Large,Rolls-Royce,AE 3007,2
43e84a,M-BIRD,Embraer,Legacy 600,Large,Rolls-Royce,AE 3007,2
4844bc,P4-AEG,Embraer,Legacy 600,Large,Rolls-Royce,AE 3007,2
a8029d,N615PG,Embraer,Legacy 600,Large,Rolls-Royce,AE 3007,2
49d097,OK-ROM,Embraer,Legacy 600,Large,Rolls-Royce,AE 3007,2
e480a1,PT-SKW,Embraer,Legacy 600,Large,Rolls-Royce,AE 3007,2
3c10aa,D-AVIB,Embraer,Legacy 600,Large,Rolls-Royce,AE 3007,2
ad6fbe,XA-MHA,Embraer,Legacy 600,Large,Rolls-Royce,AE 3007,2
4d20d3,9H-KAP,Embraer,Legacy 600,Large,Rolls-Royce,AE 3007,2
ac8d6c,N908FL,Embraer,Legacy 600,Large,Rolls-Royce,AE 3007,2
5000dd,T7-PNI,Embraer,Legacy 600,Large,Rolls-Royce,AE 3007,2
89622c,A6-FLO,Embraer,Legacy 600,Large,Rolls-Royce,AE 3007,2
4d2094,9H-WFC,Embraer,Legacy 600,Large,Rolls-Royce,AE 3007,2
4241a4,VP-CMK,Embraer,Legacy 600,Large,Rolls-Royce,AE 3007,2
896403,A6-CPC,Embraer,Legacy 600,Large,Rolls-Royce,AE 3007,2
140b2a,RA-02858,Embraer,Legacy 600,Large,Rolls-Royce,AE 3007,2
48448f,P4-MSG,Embraer,Legacy 600,Large,Rolls-Royce,AE 3007,2
09a02e,C5-MAF,Embraer,Legacy 600,Large,Rolls-Royce,AE 3007,2
a7c968,N600YC,Embraer,Legacy 600,Large,Rolls-Royce,AE 3007,2
4b1851,HB-JFL,Embraer,Legacy 600,Large,Rolls-Royce,AE 3007,2
424968,VQ-BFP,Embraer,Legacy 600,Large,Rolls-Royce,AE 3007,2
ac3cab,N888ML,Embraer,Legacy 600,Large,Rolls-Royce,AE 3007,2
880401,1124,Embraer,Legacy 600,Large,Rolls-Royce,AE 3007,2
0acfac,FAC1215,Embraer,Legacy 600,Large,Rolls-Royce,AE 3007,2
440190,OE-IRK,Embraer,Legacy 600,Large,Rolls-Royce,AE 3007,2
43e78a,M-DSCL,Embraer,Legacy 600,Large,Rolls-Royce,AE 3007,2
500062,T7-LRK,Embraer,Legacy 600,Large,Rolls-Royce,AE 3007,2
89614e,A6-NKL,Embraer,Legacy 600,Large,Rolls-Royce,AE 3007,2
4690ed,SX-DGM,Embraer,Legacy 600,Large,Rolls-Royce,AE 3007,2
5000d4,T7-KPC,Embraer,Legacy 600,Large,Rolls-Royce,AE 3007,2
3c0fe6,D-AVAN,Embraer,Legacy 600,Large,Rolls-Royce,AE 3007,2
43ea26,XA-DAD,Embraer,Legacy 600,Large,Rolls-Royce,AE 3007,2
5000b2,T7-JSJ,Embraer,Legacy 600,Large,Rolls-Royce,AE 3007,2
44051d,OE-IDH,Embraer,Legacy 600,Large,Rolls-Royce,AE 3007,2
4a9147,SE-DJG,Embraer,Legacy 600,Large,Rolls-Royce,AE 3007,2
8a0219,PK-RSS,Embraer,Legacy 600,Large,Rolls-Royce,AE 3007,2
49d0c6,OK-SLN,Embraer,Legacy 600,Large,Rolls-Royce,AE 3007,2
8002cd,K3603,Embraer,Legacy 600,Large,Rolls-Royce,AE 3007,2
7100fe,HZ-IAM,Embraer,Legacy 600,Large,Rolls-Royce,AE 3007,2
43ead3,M-ARDA,Embraer,Legacy 600,Large,Rolls-Royce,AE 3007,2
883801,2113,Embraer,Legacy 600,Large,Rolls-Royce,AE 3007,2
8005af,VT-CKP,Embraer,Legacy 600,Large,Rolls-Royce,AE 3007,2
0d098a,XA-KAD,Embraer,Legacy 600,Large,Rolls-Royce,AE 3007,2
a8b50d,N660JM,Embraer,Legacy 600,Large,Rolls-Royce,AE 3007,2
488d61,SP-DLB,Embraer,Legacy 600,Large,Rolls-Royce,AE 3007,2
43e874,M-ESGR,Embraer,Legacy 600,Large,Rolls-Royce,AE 3007,2
489586,SP-FMG,Embraer,Legacy 600,Large,Rolls-Royce,AE 3007,2
4d029e,LX-OLA,Embraer,Legacy 600,Large,Rolls-Royce,AE 3007,2
e4814f,PR-AVX,Embraer,Legacy 600,Large,Rolls-Royce,AE 3007,2
424347,VP-BGV,Embraer,Legacy 600,Large,Rolls-Royce,AE 3007,2
440033,OE-LFX,Embraer,Legacy 600,Large,Rolls-Royce,AE 3007,2
440839,OE-IFF,Embraer,Legacy 600,Large,Rolls-Royce,AE 3007,2
500060,T7-KAS,Embraer,Legacy 600,Large,Rolls-Royce,AE 3007,2
ac9733,N910FL,Embraer,Legacy 600,Large,Rolls-Royce,AE 3007,2
44025b,OE-IDB,Embraer,Legacy 600,Large,Rolls-Royce,AE 3007,2
e480a6,PR-NIO,Embraer,Legacy 600,Large,Rolls-Royce,AE 3007,2
3c5070,D-ADCP,Embraer,Legacy 600,Large,Rolls-Royce,AE 3007,2
4912d9,CS-DVY,Embraer,Legacy 600,Large,Rolls-Royce,AE 3007,2
44047d,OE-IBK,Embraer,Legacy 600,Large,Rolls-Royce,AE 3007,2
064091,5N-BJM,Embraer,Legacy 600,Large,Rolls-Royce,AE 3007,2
0c204e,HP-1A,Embraer,Legacy 600,Large,Rolls-Royce,AE 3007,2
e48236,PR-ODF,Embraer,Legacy 600,Large,Rolls-Royce,AE 3007,2
49d0e0,OK-JNT,Embraer,Legacy 600,Large,Rolls-Royce,AE 3007,2
42428c,VP-BGL,Embraer,Legacy 600,Large,Rolls-Royce,AE 3007,2
43e85a,M-RCCG,Embraer,Legacy 600,Large,Rolls-Royce,AE 3007,2
43e8ec,M-ABEC,Embraer,Legacy 600,Large,Rolls-Royce,AE 3007,2
140b29,RA-02857,Embraer,Legacy 600,Large,Rolls-Royce,AE 3007,2
896163,A6-DPW,Embraer,Legacy 600,Large,Rolls-Royce,AE 3007,2
8002ce,K3604,Embraer,Legacy 600,Large,Rolls-Royce,AE 3007,2
ac550d,N894JW,Embraer,Legacy 600,Large,Rolls-Royce,AE 3007,2
ad7349,N966JS,Embraer,Legacy 600,Large,Rolls-Royce,AE 3007,2
0d08b7,XA-LBO,Embraer,Legacy 600,Large,Rolls-Royce,AE 3007,2
484120,P4-SUN,Embraer,Legacy 600,Large,Rolls-Royce,AE 3007,2
4d0217,LX-JAG,Embraer,Legacy 600,Large,Rolls-Royce,AE 3007,2
e4896f,PR-IUH,Embraer,Legacy 600,Large,Rolls-Royce,AE 3007,2
4bb66b,TC-MSK,Embraer,Legacy 600,Large,Rolls-Royce,AE 3007,2
0200aa,CN-MBP,Embraer,Legacy 600,Large,Rolls-Royce,AE 3007,2
acd145,N925FL,Embraer,Legacy 600,Large,Rolls-Royce,AE 3007,2
3c6c34,D-AKAT,Embraer,Legacy 600,Large,Rolls-Royce,AE 3007,2
e40140,2581,Embraer,Legacy 600,Large,Rolls-Royce,AE 3007,2
0200fa,CN-SSH,Embraer,Legacy 600,Large,Rolls-Royce,AE 3007,2
abe275,N865LS,Embraer,Legacy 600,Large,Rolls-Royce,AE 3007,2
424967,VQ-BCS,Embraer,Legacy 600,Large,Rolls-Royce,AE 3007,2
800187,VT-BSF,Embraer,Legacy 600,Large,Rolls-Royce,AE 3007,2
e4831b,PP-JLO,Embraer,Legacy 600,Large,Rolls-Royce,AE 3007,2
8a013a,PK-OME,Embraer,Legacy 600,Large,Rolls-Royce,AE 3007,2
51111f,ES-ERA,Embraer,Legacy 600,Large,Rolls-Royce,AE 3007,2
894020,A9C-MTC,Embraer,Legacy 600,Large,Rolls-Royce,AE 3007,2
0681d5,5N-BTX,Embraer,Legacy 600,Large,Rolls-Royce,AE 3007,2
49d044,OK-SUN,Embraer,Legacy 600,Large,Rolls-Royce,AE 3007,2
4840ea,P4-RYY,Embraer,Legacy 600,Large,Rolls-Royce,AE 3007,2
49d050,OK-GGG,Embraer,Legacy 600,Large,Rolls-Royce,AE 3007,2
42475b,VP-CAN,Embraer,Legacy 600,Large,Rolls-Royce,AE 3007,2
8a0447,PK-TFS,Embraer,Legacy 600,Large,Rolls-Royce,AE 3007,2
43e7c6,M-OLEG,Embraer,Legacy 600,Large,Rolls-Royce,AE 3007,2
43e906,M-ANGA,Embraer,Legacy 600,Large,Rolls-Royce,AE 3007,2
a6af41,N53NA,Embraer,Legacy 600,Large,Rolls-Royce,AE 3007,2
42426e,VP-BGT,Embraer,Legacy 600,Large,Rolls-Royce,AE 3007,2
8961f3,A6-FLL,Embraer,Legacy 600,Large,Rolls-Royce,AE 3007,2
8002cc,K3602,Embraer,Legacy 600,Large,Rolls-Royce,AE 3007,2
44084f,OE-IIM,Embraer,Legacy 600,Large,Rolls-Royce,AE 3007,2
7c6bef,VH-VLT,Embraer,Legacy 600,Large,Rolls-Royce,AE 3007,2
8805b0,1084,Embraer,Legacy 600,Large,Rolls-Royce,AE 3007,2
896367,A6-GCC,Embraer,Legacy 600,Large,Rolls-Royce,AE 3007,2
ac63e5,N898JS,Embraer,Legacy 600,Large,Rolls-Royce,AE 3007,2
8a016d,PK-DHK,Embraer,Legacy 600,Large,Rolls-Royce,AE 3007,2
e4836d,PP-VVV,Embraer,Legacy 600,Large,Rolls-Royce,AE 3007,2
8002cb,K3601,Embraer,Legacy 600,Large,Rolls-Royce,AE 3007,2
883ac1,2112,Embraer,Legacy 600,Large,Rolls-Royce,AE 3007,2
8a0319,PK-RNI,Embraer,Legacy 600,Large,Rolls-Royce,AE 3007,2
4d2093,9H-JPC,Embraer,Legacy 600,Large,Rolls-Royce,AE 3007,2
43e8f5,M-NJSS,Embraer,Legacy 600,Large,Rolls-Royce,AE 3007,2
43eaaf,M-RCCH,Embraer,Legacy 650,Large,Rolls-Royce,AE 3007,2
780394,B-3098,Embraer,Legacy 650,Large,Rolls-Royce,AE 3007,2
5000c2,T7-RBA,Embraer,Legacy 650,Large,Rolls-Royce,AE 3007,2
780bb5,B-3296,Embraer,Legacy 650,Large,Rolls-Royce,AE 3007,2
42478d,VP-CLL,Embraer,Legacy 650,Large,Rolls-Royce,AE 3007,2
e4903a,PT-LEG,Embraer,Legacy 650,Large,Rolls-Royce,AE 3007,2
3c06c1,D-AROM,Embraer,Legacy 650,Large,Rolls-Royce,AE 3007,2
8a03cf,PK-RJA,Embraer,Legacy 650,Large,Rolls-Royce,AE 3007,2
43e8e7,M-IMAK,Embraer,Legacy 650,Large,Rolls-Royce,AE 3007,2
43e9dd,M-JCCA,Embraer,Legacy 650,Large,Rolls-Royce,AE 3007,2
49d013,OK-SYN,Embraer,Legacy 650,Large,Rolls-Royce,AE 3007,2
a18581,N1977H,Embraer,Legacy 650,Large,Rolls-Royce,AE 3007,2
4241d0,VP-CFA,Embraer,Legacy 650,Large,Rolls-Royce,AE 3007,2
3c68b4,D-AJET,Embraer,Legacy 650,Large,Rolls-Royce,AE 3007,2
780b6d,B-3799,Embraer,Legacy 650,Large,Rolls-Royce,AE 3007,2
3c1c82,D-AZUR,Embraer,Legacy 650,Large,Rolls-Royce,AE 3007,2
6831d7,UP-EM007,Embraer,Legacy 650,Large,Rolls-Royce,AE 3007,2
aad6e1,N798MS,Embraer,Legacy 650,Large,Rolls-Royce,AE 3007,2
5000d0,T7-MBH,Embraer,Legacy 650,Large,Rolls-Royce,AE 3007,2
43e975,M-ALEN,Embraer,Legacy 650,Large,Rolls-Royce,AE 3007,2
780e0b,B-3281,Embraer,Legacy 650,Large,Rolls-Royce,AE 3007,2
e48871,PR-FPS,Embraer,Legacy 650,Large,Rolls-Royce,AE 3007,2
5000cd,T7-HAS,Embraer,Legacy 650,Large,Rolls-Royce,AE 3007,2
140ad9,RA-02777,Embraer,Legacy 650,Large,Rolls-Royce,AE 3007,2
780ce6,B-3293,Embraer,Legacy 650,Large,Rolls-Royce,AE 3007,2
6831e9,UP-EM010,Embraer,Legacy 650,Large,Rolls-Royce,AE 3007,2
80074e,VT-AOK,Embraer,Legacy 650,Large,Rolls-Royce,AE 3007,2
e4848d,PT-TKI,Embraer,Legacy 650,Large,Rolls-Royce,AE 3007,2
3c61f8,D-AHOX,Embraer,Legacy 650,Large,Rolls-Royce,AE 3007,2
e48b45,PT-FKK,Embraer,Legacy 650,Large,Rolls-Royce,AE 3007,2
780e0a,B-3280,Embraer,Legacy 650,Large,Rolls-Royce,AE 3007,2
43ea6b,M-YKBO,Embraer,Legacy 650,Large,Rolls-Royce,AE 3007,2
896134,A6-SSV,Embraer,Legacy 650,Large,Rolls-Royce,AE 3007,2
8964c7,A6-HAS,Embraer,Legacy 650,Large,Rolls-Royce,AE 3007,2
48411d,P4-SMS,Embraer,Legacy 650,Large,Rolls-Royce,AE 3007,2
800b32,VT-KJG,Embraer,Legacy 650,Large,Rolls-Royce,AE 3007,2
406fee,G-TCMC,Embraer,Legacy 650,Large,Rolls-Royce,AE 3007,2
ac9ee4,N912JC,Embraer,Legacy 650,Large,Rolls-Royce,AE 3007,2
43e96d,M-MHFZ,Embraer,Legacy 650,Large,Rolls-Royce,AE 3007,2
e47e5a,PP-XJO,Embraer,Legacy 650,Large,Rolls-Royce,AE 3007,2
e48f63,PP-LEG,Embraer,Legacy 650,Large,Rolls-Royce,AE 3007,2
800b94,VT-OMM,Embraer,Legacy 650,Large,Rolls-Royce,AE 3007,2
e4935a,PP-BLO,Embraer,Legacy 650,Large,Rolls-Royce,AE 3007,2
780ce7,B-3295,Embraer,Legacy 650,Large,Rolls-Royce,AE 3007,2
44864f,OO-ARO,Embraer,Legacy 650,Large,Rolls-Royce,AE 3007,2
500063,T7-UBS,Embraer,Legacy 650,Large,Rolls-Royce,AE 3007,2
e48f53,PP-INC,Embraer,Legacy 650,Large,Rolls-Royce,AE 3007,2
3c665a,D-AIRZ,Embraer,Legacy 650,Large,Rolls-Royce,AE 3007,2
683231,UP-EM017,Embraer,Legacy 650,Large,Rolls-Royce,AE 3007,2
e4875e,PR-JDJ,Embraer,Legacy 650,Large,Rolls-Royce,AE 3007,2
3c07fc,D-ASAP,Embraer,Legacy 650,Large,Rolls-Royce,AE 3007,2
896339,A6-ADL,Embraer,Legacy 650,Large,Rolls-Royce,AE 3007,2
3c61e9,D-AHOI,Embraer,Legacy 650,Large,Rolls-Royce,AE 3007,2
a88cc8,N650AP,Embraer,Legacy 650,Large,Rolls-Royce,AE 3007,2
abe645,N866MS,Embraer,Legacy 650,Large,Rolls-Royce,AE 3007,2
e48874,PP-FJA,Embraer,Legacy 650,Large,Rolls-Royce,AE 3007,2
440abf,OE-IBM,Embraer,Legacy 650,Large,Rolls-Royce,AE 3007,2
8a03dc,PK-RJP,Embraer,Legacy 650,Large,Rolls-Royce,AE 3007,2
800750,VT-AOL,Embraer,Legacy 650,Large,Rolls-Royce,AE 3007,2
e40172,PP-BCO,Embraer,Legacy 650,Large,Rolls-Royce,AE 3007,2
e48e43,PR-CRG,Embraer,Legacy 650,Large,Rolls-Royce,AE 3007,2
e48873,PR-ITU,Embraer,Legacy 650,Large,Rolls-Royce,AE 3007,2
4b9121,TC-DIA,Embraer,Legacy 650,Large,Rolls-Royce,AE 3007,2
89641e,A6-LGI,Embraer,Legacy 650,Large,Rolls-Royce,AE 3007,2
e48e40,PR-CBY,Embraer,Legacy 650,Large,Rolls-Royce,AE 3007,2
424767,VP-CRA,Embraer,Legacy 650,Large,Rolls-Royce,AE 3007,2
44086c,OE-IZA,Embraer,Legacy 650,Large,Rolls-Royce,AE 3007,2
e48b2f,PP-NLR,Embraer,Legacy 650,Large,Rolls-Royce,AE 3007,2
4b8d42,TC-CJB,Embraer,Legacy 650,Large,Rolls-Royce,AE 3007,2
440954,OE-IOL,Embraer,Legacy 650,Large,Rolls-Royce,AE 3007,2
504e28,ER-KKL,Embraer,Legacy 650,Large,Rolls-Royce,AE 3007,2
43e9ca,M-CPRS,Embraer,Legacy 650,Large,Rolls-Royce,AE 3007,2
3c5aae,D-AFUN,Embraer,Legacy 650,Large,Rolls-Royce,AE 3007,2
406b7e,G-SUGR,Embraer,Legacy 650,Large,Rolls-Royce,AE 3007,2
aada98,N799MS,Embraer,Legacy 650,Large,Rolls-Royce,AE 3007,2
780885,B-3096,Embraer,Legacy 650,Large,Rolls-Royce,AE 3007,2
3c61f3,D-AHOS,Embraer,Legacy 650,Large,Rolls-Royce,AE 3007,2
4071f6,G-YMKH,Embraer,Legacy 650,Large,Rolls-Royce,AE 3007,2
406411,G-SYNA,Embraer,Legacy 650,Large,Rolls-Royce,AE 3007,2
3c564f,D-AERO,Embraer,Legacy 650,Large,Rolls-Royce,AE 3007,2
a01ca6,N106SZ,Embraer,Legacy 650,Large,Rolls-Royce,AE 3007,2
3473cf,EC-NYR,Embraer,Legacy 650,Large,Rolls-Royce,AE 3007,2
44070f,OE-ITA,Embraer,Legacy 650,Large,Rolls-Royce,AE 3007,2
780967,B-3097,Embraer,Legacy 650,Large,Rolls-Royce,AE 3007,2
406953,G-WIRG,Embraer,Legacy 650,Large,Rolls-Royce,AE 3007,2
89636d,A6-SSV,Embraer,Legacy 650,Large,Rolls-Royce,AE 3007,2
5000ee,T7-IFS,Embraer,Legacy 650,Large,Rolls-Royce,AE 3007,2
43e9de,M-AAKV,Embraer,Legacy 650,Large,Rolls-Royce,AE 3007,2
740da3,JY-CMC,Embraer,Legacy 650,Large,Rolls-Royce,AE 3007,2
a921ba,N688JC,Embraer,Legacy 650,Large,Rolls-Royce,AE 3007,2
3c0699,D-ARMY,Embraer,Legacy 650,Large,Rolls-Royce,AE 3007,2
e48d20,PR-TLC,Embraer,Legacy 650,Large,Rolls-Royce,AE 3007,2
0d06f8,XA-TPA,Embraer,Phenom 100,Small,Pratt & Whitney Canada,PW617,2
39bc2c,F-HPBM,Embraer,Phenom 100,Small,Pratt & Whitney Canada,PW617,2
8964b8,A6-MPL,Embraer,Phenom 100,Small,Pratt & Whitney Canada,PW617,2
e48531,PP-VDP,Embraer,Phenom 100,Small,Pratt & Whitney Canada,PW617,2
e48fdd,PR-PHX,Embraer,Phenom 100,Small,Pratt & Whitney Canada,PW617,2
e484d3,PR-ADQ,Embraer,Phenom 100,Small,Pratt & Whitney Canada,PW617,2
51407c,4L-ALF,Embraer,Phenom 100,Small,Pratt & Whitney Canada,PW617,2
3e4c5d,D-IUCR,Embraer,Phenom 100,Small,Pratt & Whitney Canada,PW617,2
e48ef9,PP-AHW,Embraer,Phenom 100,Small,Pratt & Whitney Canada,PW617,2
7c25ba,VH-HQK,Embraer,Phenom 100,Small,Pratt & Whitney Canada,PW617,2
e49176,PR-PMK,Embraer,Phenom 100,Small,Pratt & Whitney Canada,PW617,2
4a108d,YR-DDM,Embraer,Phenom 100,Small,Pratt & Whitney Canada,PW617,2
e48774,PR-TED,Embraer,Phenom 100,Small,Pratt & Whitney Canada,PW617,2
e487f3,PR-ARR,Embraer,Phenom 100,Small,Pratt & Whitney Canada,PW617,2
e48fa7,PR-RLM,Embraer,Phenom 100,Small,Pratt & Whitney Canada,PW617,2
39b014,F-HMAU,Embraer,Phenom 100,Small,Pratt & Whitney Canada,PW617,2
e48ef6,PP-JSZ,Embraer,Phenom 100,Small,Pratt & Whitney Canada,PW617,2
acb1e9,N917NS,Embraer,Phenom 100,Small,Pratt & Whitney Canada,PW617,2
e485f0,PR-JJD,Embraer,Phenom 100,Small,Pratt & Whitney Canada,PW617,2
3985c3,F-HBOD,Embraer,Phenom 100,Small,Pratt & Whitney Canada,PW617,2
e07544,LV-GUD,Embraer,Phenom 100,Small,Pratt & Whitney Canada,PW617,2
e48530,PR-OFP,Embraer,Phenom 100,Small,Pratt & Whitney Canada,PW617,2
4d2112,9H-FGV,Embraer,Phenom 100,Small,Pratt & Whitney Canada,PW617,2
e492e0,PP-CMC,Embraer,Phenom 100,Small,Pratt & Whitney Canada,PW617,2
3e1760,D-IAAY,Embraer,Phenom 100,Small,Pratt & Whitney Canada,PW617,2
4062fd,G-PHNM,Embraer,Phenom 100,Small,Pratt & Whitney Canada,PW617,2
e48df7,PR-FBU,Embraer,Phenom 100,Small,Pratt & Whitney Canada,PW617,2
3e48cd,D-ISTP,Embraer,Phenom 100,Small,Pratt & Whitney Canada,PW617,2
a24b9a,N247SK,Embraer,Phenom 100,Small,Pratt & Whitney Canada,PW617,2
43e7fe,M-YTOY,Embraer,Phenom 100,Small,Pratt & Whitney Canada,PW617,2
e4862b,PT-GCP,Embraer,Phenom 100,Small,Pratt & Whitney Canada,PW617,2
a47660,N387MB,Embraer,Phenom 100,Small,Pratt & Whitney Canada,PW617,2
491283,CS-DTC,Embraer,Phenom 100,Small,Pratt & Whitney Canada,PW617,2
e48573,PP-KKA,Embraer,Phenom 100,Small,Pratt & Whitney Canada,PW617,2
e4899c,PR-IMR,Embraer,Phenom 100,Small,Pratt & Whitney Canada,PW617,2
e488ad,PR-VFC,Embraer,Phenom 100,Small,Pratt & Whitney Canada,PW617,2
e40179,PR-REV,Embraer,Phenom 100,Small,Pratt & Whitney Canada,PW617,2
e4844d,PR-NPP,Embraer,Phenom 100,Small,Pratt & Whitney Canada,PW617,2
e484cc,PR-LMP,Embraer,Phenom 100,Small,Pratt & Whitney Canada,PW617,2
a23406,N241DE,Embraer,Phenom 100,Small,Pratt & Whitney Canada,PW617,2
a79956,N589WL,Embraer,Phenom 100,Small,Pratt & Whitney Canada,PW617,2
e4853c,PR-DFC,Embraer,Phenom 100,Small,Pratt & Whitney Canada,PW617,2
4d2072,9H-FAM,Embraer,Phenom 100,Small,Pratt & Whitney Canada,PW617,2
e489f2,PT-MMP,Embraer,Phenom 100,Small,Pratt & Whitney Canada,PW617,2
a8ab87,N658MB,Embraer,Phenom 100,Small,Pratt & Whitney Canada,PW617,2
e48e85,PR-CMQ,Embraer,Phenom 100,Small,Pratt & Whitney Canada,PW617,2
e48824,PP-BIO,Embraer,Phenom 100,Small,Pratt & Whitney Canada,PW617,2
e4858c,PR-PNM,Embraer,Phenom 100,Small,Pratt & Whitney Canada,PW617,2
e48788,PR-RHB,Embraer,Phenom 100,Small,Pratt & Whitney Canada,PW617,2
398924,F-HCJE,Embraer,Phenom 100,Small,Pratt & Whitney Canada,PW617,2
e484d1,PT-FCC,Embraer,Phenom 100,Small,Pratt & Whitney Canada,PW617,2
764101,V-4101,Embraer,Phenom 100,Small,Pratt & Whitney Canada,PW617,2
e48639,PR-PHE,Embraer,Phenom 100,Small,Pratt & Whitney Canada,PW617,2
48830f,SP-AVP,Embraer,Phenom 100,Small,Pratt & Whitney Canada,PW617,2
e4845c,PP-ELE,Embraer,Phenom 100,Small,Pratt & Whitney Canada,PW617,2
e48f0b,PT-RMI,Embraer,Phenom 100,Small,Pratt & Whitney Canada,PW617,2
a06064,N123RX,Embraer,Phenom 100,Small,Pratt & Whitney Canada,PW617,2
adc8f8,N988BC,Embraer,Phenom 100,Small,Pratt & Whitney Canada,PW617,2
4d214b,9H-LGM,Embraer,Phenom 100,Small,Pratt & Whitney Canada,PW617,2
a590da,N458LM,Embraer,Phenom 100,Small,Pratt & Whitney Canada,PW617,2
a10c23,N167ER,Embraer,Phenom 100,Small,Pratt & Whitney Canada,PW617,2
abd2c2,N861CB,Embraer,Phenom 100,Small,Pratt & Whitney Canada,PW617,2
e4862a,PR-PHD,Embraer,Phenom 100,Small,Pratt & Whitney Canada,PW617,2
e484a5,PR-VEL,Embraer,Phenom 100,Small,Pratt & Whitney Canada,PW617,2
e4913c,PR-JIE,Embraer,Phenom 100,Small,Pratt & Whitney Canada,PW617,2
add68d,N991CA,Embraer,Phenom 100,Small,Pratt & Whitney Canada,PW617,2
a60a71,N489EE,Embraer,Phenom 100,Small,Pratt & Whitney Canada,PW617,2
89645f,A6-EFC,Embraer,Phenom 100,Small,Pratt & Whitney Canada,PW617,2
e48404,PR-DHC,Embraer,Phenom 100,Small,Pratt & Whitney Canada,PW617,2
aa1fa6,N751VL,Embraer,Phenom 100,Small,Pratt & Whitney Canada,PW617,2
3e1e6b,D-ICSH,Embraer,Phenom 100,Small,Pratt & Whitney Canada,PW617,2
e48ec8,PR-LIQ,Embraer,Phenom 100,Small,Pratt & Whitney Canada,PW617,2
a801a8,N615DM,Embraer,Phenom 100,Small,Pratt & Whitney Canada,PW617,2
a8b862,N661EP,Embraer,Phenom 100,Small,Pratt & Whitney Canada,PW617,2
aba5ce,N85JG,Embraer,Phenom 100,Small,Pratt & Whitney Canada,PW617,2
e483fa,PP-LGT,Embraer,Phenom 100,Small,Pratt & Whitney Canada,PW617,2
508255,UR-ALA,Embraer,Phenom 100,Small,Pratt & Whitney Canada,PW617,2
e484d0,PR-DLM,Embraer,Phenom 100,Small,Pratt & Whitney Canada,PW617,2
3e1f46,D-IDAS,Embraer,Phenom 100,Small,Pratt & Whitney Canada,PW617,2
3e175e,D-IAAW,Embraer,Phenom 100,Small,Pratt & Whitney Canada,PW617,2
e48638,PT-FLX,Embraer,Phenom 100,Small,Pratt & Whitney Canada,PW617,2
e4887c,PT-LBL,Embraer,Phenom 100,Small,Pratt & Whitney Canada,PW617,2
a83dcd,N630AS,Embraer,Phenom 100,Small,Pratt & Whitney Canada,PW617,2
0d0749,XA-ASS,Embraer,Phenom 100,Small,Pratt & Whitney Canada,PW617,2
e48ffe,PP-IVN,Embraer,Phenom 100,Small,Pratt & Whitney Canada,PW617,2
a7cddb,N6014A,Embraer,Phenom 100,Small,Pratt & Whitney Canada,PW617,2
39cd72,F-HTLS,Embraer,Phenom 100,Small,Pratt & Whitney Canada,PW617,2
43c8d7,ZM336,Embraer,Phenom 100,Small,Pratt & Whitney Canada,PW617,2
a217e7,N234FP,Embraer,Phenom 100,Small,Pratt & Whitney Canada,PW617,2
0d0875,XA-MSO,Embraer,Phenom 100,Small,Pratt & Whitney Canada,PW617,2
adf676,N9990M,Embraer,Phenom 100,Small,Pratt & Whitney Canada,PW617,2
e488df,PR-PER,Embraer,Phenom 100,Small,Pratt & Whitney Canada,PW617,2
e488e5,PR-TLS,Embraer,Phenom 100,Small,Pratt & Whitney Canada,PW617,2
39c82b,F-HSBL,Embraer,Phenom 100,Small,Pratt & Whitney Canada,PW617,2
764102,V-4102,Embraer,Phenom 100,Small,Pratt & Whitney Canada,PW617,2
e484aa,PP-IME,Embraer,Phenom 100,Small,Pratt & Whitney Canada,PW617,2
aade10,N8KD,Embraer,Phenom 100,Small,Pratt & Whitney Canada,PW617,2
e485f2,PR-VPJ,Embraer,Phenom 100,Small,Pratt & Whitney Canada,PW617,2
adf596,N999RN,Embraer,Phenom 100,Small,Pratt & Whitney Canada,PW617,2
89645d,A6-EFA,Embraer,Phenom 100,Small,Pratt & Whitney Canada,PW617,2
0d813f,YV2609,Embraer,Phenom 100,Small,Pratt & Whitney Canada,PW617,2
e48621,PR-JIP,Embraer,Phenom 100,Small,Pratt & Whitney Canada,PW617,2
e48402,PR-IVI,Embraer,Phenom 100,Small,Pratt & Whitney Canada,PW617,2
a7bc20,N598LG,Embraer,Phenom 100,Small,Pratt & Whitney Canada,PW617,2
e48240,PP-SGF,Embraer,Phenom 100,Small,Pratt & Whitney Canada,PW617,2
e485ef,PR-TPA,Embraer,Phenom 100,Small,Pratt & Whitney Canada,PW617,2
4d2091,9H-FOM,Embraer,Phenom 100,Small,Pratt & Whitney Canada,PW617,2
a1a855,N206AH,Embraer,Phenom 100,Small,Pratt & Whitney Canada,PW617,2
e48773,PR-FIL,Embraer,Phenom 100,Small,Pratt & Whitney Canada,PW617,2
e48541,PR-CPC,Embraer,Phenom 100,Small,Pratt & Whitney Canada,PW617,2
e48ef8,PR-HNZ,Embraer,Phenom 100,Small,Pratt & Whitney Canada,PW617,2
48a005,SP-IAF,Embraer,Phenom 100,Small,Pratt & Whitney Canada,PW617,2
e4809d,PP-XOM,Embraer,Phenom 100,Small,Pratt & Whitney Canada,PW617,2
e48997,PP-JJB,Embraer,Phenom 100,Small,Pratt & Whitney Canada,PW617,2
e483fe,PR-DCJ,Embraer,Phenom 100,Small,Pratt & Whitney Canada,PW617,2
e0744e,LV-GQN,Embraer,Phenom 100,Small,Pratt & Whitney Canada,PW617,2
a520cc,N43AG,Embraer,Phenom 100,Small,Pratt & Whitney Canada,PW617,2
e484ce,PR-MJD,Embraer,Phenom 100,Small,Pratt & Whitney Canada,PW617,2
3e1749,D-IAAB,Embraer,Phenom 100,Small,Pratt & Whitney Canada,PW617,2
4409a6,OE-FTP,Embraer,Phenom 100,Small,Pratt & Whitney Canada,PW617,2
e48d58,PP-EMB,Embraer,Phenom 100,Small,Pratt & Whitney Canada,PW617,2
e4844c,PR-FBS,Embraer,Phenom 100,Small,Pratt & Whitney Canada,PW617,2
e484cb,PR-UUT,Embraer,Phenom 100,Small,Pratt & Whitney Canada,PW617,2
e4914f,PR-PLO,Embraer,Phenom 100,Small,Pratt & Whitney Canada,PW617,2
460c17,OH-EPB,Embraer,Phenom 100,Small,Pratt & Whitney Canada,PW617,2
e48ef7,PP-VRL,Embraer,Phenom 100,Small,Pratt & Whitney Canada,PW617,2
800b2d,VT-ZAP,Embraer,Phenom 100,Small,Pratt & Whitney Canada,PW617,2
e488af,PP-COR,Embraer,Phenom 100,Small,Pratt & Whitney Canada,PW617,2
abac9a,N851RV,Embraer,Phenom 100,Small,Pratt & Whitney Canada,PW617,2
738546,4X-CMN,Embraer,Phenom 100,Small,Pratt & Whitney Canada,PW617,2
a51269,N426FC,Embraer,Phenom 100,Small,Pratt & Whitney Canada,PW617,2
e48be6,PT-TAT,Embraer,Phenom 100,Small,Pratt & Whitney Canada,PW617,2
e484d6,PP-KPL,Embraer,Phenom 100,Small,Pratt & Whitney Canada,PW617,2
3e3875,D-IMOR,Embraer,Phenom 100,Small,Pratt & Whitney Canada,PW617,2
a78d0b,N586JS,Embraer,Phenom 100,Small,Pratt & Whitney Canada,PW617,2
e484cd,PR-NTO,Embraer,Phenom 100,Small,Pratt & Whitney Canada,PW617,2
8005e7,VT-AVS,Embraer,Phenom 100,Small,Pratt & Whitney Canada,PW617,2
764103,V-4103,Embraer,Phenom 100,Small,Pratt & Whitney Canada,PW617,2
e489bf,PP-NIV,Embraer,Phenom 100,Small,Pratt & Whitney Canada,PW617,2
e48eb8,PT-STR,Embraer,Phenom 100,Small,Pratt & Whitney Canada,PW617,2
484c73,PH-PST,Embraer,Phenom 100,Small,Pratt & Whitney Canada,PW617,2
3e175b,D-IAAT,Embraer,Phenom 100,Small,Pratt & Whitney Canada,PW617,2
460c16,OH-EPA,Embraer,Phenom 100,Small,Pratt & Whitney Canada,PW617,2
89645e,A6-EFB,Embraer,Phenom 100,Small,Pratt & Whitney Canada,PW617,2
e4849b,PR-JAJ,Embraer,Phenom 100,Small,Pratt & Whitney Canada,PW617,2
e48403,PP-CTC,Embraer,Phenom 100,Small,Pratt & Whitney Canada,PW617,2
adf5c8,N999TN,Embraer,Phenom 100,Small,Pratt & Whitney Canada,PW617,2
a77e2f,N582JS,Embraer,Phenom 100,Small,Pratt & Whitney Canada,PW617,2
e48dbd,PP-OLY,Embraer,Phenom 100,Small,Pratt & Whitney Canada,PW617,2
e49150,PP-WPM,Embraer,Phenom 100,Small,Pratt & Whitney Canada,PW617,2
3e174b,D-IAAD,Embraer,Phenom 100,Small,Pratt & Whitney Canada,PW617,2
a7ca5d,N6005Y,Embraer,Phenom 100,Small,Pratt & Whitney Canada,PW617,2
e40148,PP-XOG,Embraer,Phenom 100,Small,Pratt & Whitney Canada,PW617,2
0d09bb,XA-ATJ,Embraer,Phenom 100,Small,Pratt & Whitney Canada,PW617,2
3e1bcb,D-IBSL,Embraer,Phenom 100,Small,Pratt & Whitney Canada,PW617,2
40724e,G-MEPT,Embraer,Phenom 100,Small,Pratt & Whitney Canada,PW617,2
e48f87,PR-TDM,Embraer,Phenom 100,Small,Pratt & Whitney Canada,PW617,2
e48456,PR-DRC,Embraer,Phenom 100,Small,Pratt & Whitney Canada,PW617,2
e48dfd,PR-FYB,Embraer,Phenom 100,Small,Pratt & Whitney Canada,PW617,2
e484ad,PR-SPJ,Embraer,Phenom 100,Small,Pratt & Whitney Canada,PW617,2
39ae38,F-HLRY,Embraer,Phenom 100,Small,Pratt & Whitney Canada,PW617,2
a4adfe,N400PZ,Embraer,Phenom 100,Small,Pratt & Whitney Canada,PW617,2
4912d3,CS-DVS,Embraer,Phenom 100,Small,Pratt & Whitney Canada,PW617,2
a1193b,N170AP,Embraer,Phenom 100,Small,Pratt & Whitney Canada,PW617,2
00b199,ZS-STS,Embraer,Phenom 100,Small,Pratt & Whitney Canada,PW617,2
49d38f,OK-VAN,Embraer,Phenom 100,Small,Pratt & Whitney Canada,PW617,2
43e7df,M-KELY,Embraer,Phenom 100,Small,Pratt & Whitney Canada,PW617,2
e48b77,PT-HRI,Embraer,Phenom 100,Small,Pratt & Whitney Canada,PW617,2
50009e,T7-VYT,Embraer,Phenom 100,Small,Pratt & Whitney Canada,PW617,2
e485ec,PR-PCM,Embraer,Phenom 100,Small,Pratt & Whitney Canada,PW617,2
3e1759,D-IAAR,Embraer,Phenom 100,Small,Pratt & Whitney Canada,PW617,2
e48d74,PT-FSF,Embraer,Phenom 100,Small,Pratt & Whitney Canada,PW617,2
e4894b,PR-TDV,Embraer,Phenom 100,Small,Pratt & Whitney Canada,PW617,2
e49044,PR-PLR,Embraer,Phenom 100,Small,Pratt & Whitney Canada,PW617,2
e48242,PR-DDO,Embraer,Phenom 100,Small,Pratt & Whitney Canada,PW617,2
e48493,PR-DAY,Embraer,Phenom 100,Small,Pratt & Whitney Canada,PW617,2
4072b9,G-MEPS,Embraer,Phenom 100,Small,Pratt & Whitney Canada,PW617,2
3e3463,D-ILAP,Embraer,Phenom 100,Small,Pratt & Whitney Canada,PW617,2
e4862d,PR-BET,Embraer,Phenom 100,Small,Pratt & Whitney Canada,PW617,2
a7e53a,N608CS,Embraer,Phenom 100,Small,Pratt & Whitney Canada,PW617,2
a5799a,N452AR,Embraer,Phenom 100,Small,Pratt & Whitney Canada,PW617,2
e48de3,PP-LMH,Embraer,Phenom 100,Small,Pratt & Whitney Canada,PW617,2
e48486,PR-CSW,Embraer,Phenom 100,Small,Pratt & Whitney Canada,PW617,2
764104,V-4104,Embraer,Phenom 100,Small,Pratt & Whitney Canada,PW617,2
a034f4,N112PP,Embraer,Phenom 100,Small,Pratt & Whitney Canada,PW617,2
e4849f,PP-MRV,Embraer,Phenom 100,Small,Pratt & Whitney Canada,PW617,2
a877df,N645AS,Embraer,Phenom 100,Small,Pratt & Whitney Canada,PW617,2
e487f1,PP-UBS,Embraer,Phenom 100,Small,Pratt & Whitney Canada,PW617,2
780f17,B-3113,Embraer,Phenom 100,Small,Pratt & Whitney Canada,PW617,2
e4809c,PP-XOJ,Embraer,Phenom 100,Small,Pratt & Whitney Canada,PW617,2
3cefc0,D-CSCE,Embraer,Phenom 300,Small,Pratt & Whitney Canada,PW535,2
e48eb6,PP-CMJ,Embraer,Phenom 300,Small,Pratt & Whitney Canada,PW535,2
e49037,PT-PCH,Embraer,Phenom 300,Small,Pratt & Whitney Canada,PW535,2
4075cd,G-DCMT,Embraer,Phenom 300,Small,Pratt & Whitney Canada,PW535,2
3ce0f7,D-CMMP,Embraer,Phenom 300,Small,Pratt & Whitney Canada,PW535,2
e489a0,PR-ERE,Embraer,Phenom 300,Small,Pratt & Whitney Canada,PW535,2
3ce12d,D-CMOR,Embraer,Phenom 300,Small,Pratt & Whitney Canada,PW535,2
a639f4,N500AD,Embraer,Phenom 300,Small,Pratt & Whitney Canada,PW535,2
407039,G-POWO,Embraer,Phenom 300,Small,Pratt & Whitney Canada,PW535,2
e48a49,PP-UTI,Embraer,Phenom 300,Small,Pratt & Whitney Canada,PW535,2
e48b63,PP-MDA,Embraer,Phenom 300,Small,Pratt & Whitney Canada,PW535,2
e48d5a,PP-WLP,Embraer,Phenom 300,Small,Pratt & Whitney Canada,PW535,2
494108,CS-PHH,Embraer,Phenom 300,Small,Pratt & Whitney Canada,PW535,2
e48622,PP-MCL,Embraer,Phenom 300,Small,Pratt & Whitney Canada,PW535,2
0d069e,XA-CAN,Embraer,Phenom 300,Small,Pratt & Whitney Canada,PW535,2
7100c6,HZ-SK12,Embraer,Phenom 300,Small,Pratt & Whitney Canada,PW535,2
e4905c,PP-NBB,Embraer,Phenom 300,Small,Pratt & Whitney Canada,PW535,2
e48eb5,PP-CGG,Embraer,Phenom 300,Small,Pratt & Whitney Canada,PW535,2
43ea4e,M-HPIN,Embraer,Phenom 300,Small,Pratt & Whitney Canada,PW535,2
e48dfe,PP-SCN,Embraer,Phenom 300,Small,Pratt & Whitney Canada,PW535,2
e40130,PP-XVJ,Embraer,Phenom 300,Small,Pratt & Whitney Canada,PW535,2
7810e4,B-3355,Embraer,Phenom 300,Small,Pratt & Whitney Canada,PW535,2
a7c2e7,N6DQ,Embraer,Phenom 300,Small,Pratt & Whitney Canada,PW535,2
a3d3a9,N346AS,Embraer,Phenom 300,Small,Pratt & Whitney Canada,PW535,2
a5223f,N43RC,Embraer,Phenom 300,Small,Pratt & Whitney Canada,PW535,2
e48c80,PP-URA,Embraer,Phenom 300,Small,Pratt & Whitney Canada,PW535,2
3cd032,D-CGDM,Embraer,Phenom 300,Small,Pratt & Whitney Canada,PW535,2
a32eb6,N304FL,Embraer,Phenom 300,Small,Pratt & Whitney Canada,PW535,2
0d09e3,XA-FLA,Embraer,Phenom 300,Small,Pratt & Whitney Canada,PW535,2
4072f5,G-CKAZ,Embraer,Phenom 300,Small,Pratt & Whitney Canada,PW535,2
a9029e,N68TY,Embraer,Phenom 300,Small,Pratt & Whitney Canada,PW535,2
4070bb,G-JMBO,Embraer,Phenom 300,Small,Pratt & Whitney Canada,PW535,2
e48f37,PP-NRN,Embraer,Phenom 300,Small,Pratt & Whitney Canada,PW535,2
3cce03,D-CFHZ,Embraer,Phenom 300,Small,Pratt & Whitney Canada,PW535,2
a3213d,N300VR,Embraer,Phenom 300,Small,Pratt & Whitney Canada,PW535,2
e48f72,PR-NGM,Embraer,Phenom 300,Small,Pratt & Whitney Canada,PW535,2
0d0920,XA-LOB,Embraer,Phenom 300,Small,Pratt & Whitney Canada,PW535,2
e48d53,PR-WIN,Embraer,Phenom 300,Small,Pratt & Whitney Canada,PW535,2
3cd32a,D-CHGS,Embraer,Phenom 300,Small,Pratt & Whitney Canada,PW535,2
e48eb7,PP-HUC,Embraer,Phenom 300,Small,Pratt & Whitney Canada,PW535,2
a10568,N165MV,Embraer,Phenom 300,Small,Pratt & Whitney Canada,PW535,2
4068f0,G-JAGA,Embraer,Phenom 300,Small,Pratt & Whitney Canada,PW535,2
a654f4,N507LJ,Embraer,Phenom 300,Small,Pratt & Whitney Canada,PW535,2
a31e19,N30MN,Embraer,Phenom 300,Small,Pratt & Whitney Canada,PW535,2
a5e728,N48KG,Embraer,Phenom 300,Small,Pratt & Whitney Canada,PW535,2
494107,CS-PHG,Embraer,Phenom 300,Small,Pratt & Whitney Canada,PW535,2
e48598,PT-MLJ,Embraer,Phenom 300,Small,Pratt & Whitney Canada,PW535,2
493201,CS-LPA,Embraer,Phenom 300,Small,Pratt & Whitney Canada,PW535,2
494110,CS-PHP,Embraer,Phenom 300,Small,Pratt & Whitney Canada,PW535,2
e8095a,CC-AND,Embraer,Phenom 300,Small,Pratt & Whitney Canada,PW535,2
ad9414,N974SC,Embraer,Phenom 300,Small,Pratt & Whitney Canada,PW535,2
ab63bc,N833CL,Embraer,Phenom 300,Small,Pratt & Whitney Canada,PW535,2
e4012f,PP-XVI,Embraer,Phenom 300,Small,Pratt & Whitney Canada,PW535,2
abe185,N865BB,Embraer,Phenom 300,Small,Pratt & Whitney Canada,PW535,2
e49279,PR-HRO,Embraer,Phenom 300,Small,Pratt & Whitney Canada,PW535,2
43ed51,2-EMBR,Embraer,Phenom 300,Small,Pratt & Whitney Canada,PW535,2
43e956,M-MDMH,Embraer,Phenom 300,Small,Pratt & Whitney Canada,PW535,2
e48f74,PP-MCG,Embraer,Phenom 300,Small,Pratt & Whitney Canada,PW535,2
3cdd18,D-CLAM,Embraer,Phenom 300,Small,Pratt & Whitney Canada,PW535,2
ad9e78,N977JK,Embraer,Phenom 300,Small,Pratt & Whitney Canada,PW535,2
a3231a,N301AS,Embraer,Phenom 300,Small,Pratt & Whitney Canada,PW535,2
a446c7,N375EE,Embraer,Phenom 300,Small,Pratt & Whitney Canada,PW535,2
494106,CS-PHF,Embraer,Phenom 300,Small,Pratt & Whitney Canada,PW535,2
3cd34e,D-CHIC,Embraer,Phenom 300,Small,Pratt & Whitney Canada,PW535,2
a2efee,N289FG,Embraer,Phenom 300,Small,Pratt & Whitney Canada,PW535,2
4d02e7,LX-TAC,Embraer,Phenom 300,Small,Pratt & Whitney Canada,PW535,2
49410a,CS-PHJ,Embraer,Phenom 300,Small,Pratt & Whitney Canada,PW535,2
3cc2d0,D-CBBS,Embraer,Phenom 300,Small,Pratt & Whitney Canada,PW535,2
e492d2,PR-FVF,Embraer,Phenom 300,Small,Pratt & Whitney Canada,PW535,2
aae9b4,N802EE,Embraer,Phenom 300,Small,Pratt & Whitney Canada,PW535,2
39a56c,F-HJLM,Embraer,Phenom 300,Small,Pratt & Whitney Canada,PW535,2
a4103a,N361CE,Embraer,Phenom 300,Small,Pratt & Whitney Canada,PW535,2
494103,CS-PHC,Embraer,Phenom 300,Small,Pratt & Whitney Canada,PW535,2
3cd3ab,D-CHLR,Embraer,Phenom 300,Small,Pratt & Whitney Canada,PW535,2
39bd2b,F-HPJL,Embraer,Phenom 300,Small,Pratt & Whitney Canada,PW535,2
a35ec5,N316TA,Embraer,Phenom 300,Small,Pratt & Whitney Canada,PW535,2
e48f73,PP-NEF,Embraer,Phenom 300,Small,Pratt & Whitney Canada,PW535,2
00a14a,ZS-MPD,Embraer,Phenom 300,Small,Pratt & Whitney Canada,PW535,2
39a1e4,F-HIPE,Embraer,Phenom 300,Small,Pratt & Whitney Canada,PW535,2
7810e5,B-3356,Embraer,Phenom 300,Small,Pratt & Whitney Canada,PW535,2
aba530,N85BZ,Embraer,Phenom 300,Small,Pratt & Whitney Canada,PW535,2
e49151,PR-DRJ,Embraer,Phenom 300,Small,Pratt & Whitney Canada,PW535,2
a56a0a,N448TM,Embraer,Phenom 300,Small,Pratt & Whitney Canada,PW535,2
440841,OE-GDF,Embraer,Phenom 300,Small,Pratt & Whitney Canada,PW535,2
e4859a,PP-OAC,Embraer,Phenom 300,Small,Pratt & Whitney Canada,PW535,2
ade450,N9943R,Embraer,Phenom 300,Small,Pratt & Whitney Canada,PW535,2
43e9e3,M-ELON,Embraer,Phenom 300,Small,Pratt & Whitney Canada,PW535,2
a0e436,N157AF,Embraer,Phenom 300,Small,Pratt & Whitney Canada,PW535,2
a41804,N363FX,Embraer,Phenom 300,Small,Pratt & Whitney Canada,PW535,2
a41014,N361AS,Embraer,Phenom 300,Small,Pratt & Whitney Canada,PW535,2
407064,G-KRBN,Embraer,Phenom 300,Small,Pratt & Whitney Canada,PW535,2
e49027,PR-DLN,Embraer,Phenom 300,Small,Pratt & Whitney Canada,PW535,2
3cdd32,D-CLBM,Embraer,Phenom 300,Small,Pratt & Whitney Canada,PW535,2
43e9f5,M-KGTS,Embraer,Phenom 300,Small,Pratt & Whitney Canada,PW535,2
e488c9,PP-OGX,Embraer,Phenom 300,Small,Pratt & Whitney Canada,PW535,2
3cef8e,D-CSAG,Embraer,Phenom 300,Small,Pratt & Whitney Canada,PW535,2
e48ef3,PP-LMR,Embraer,Phenom 300,Small,Pratt & Whitney Canada,PW535,2
ada916,N98D,Embraer,Phenom 300,Small,Pratt & Whitney Canada,PW535,2
0d099c,XA-CSS,Embraer,Phenom 300,Small,Pratt & Whitney Canada,PW535,2
e48e3f,PR-HJM,Embraer,Phenom 300,Small,Pratt & Whitney Canada,PW535,2
48b226,SP-MSG,Embraer,Phenom 300,Small,Pratt & Whitney Canada,PW535,2
44090a,OE-GPL,Embraer,Phenom 300,Small,Pratt & Whitney Canada,PW535,2
a7c3a7,N6MG,Embraer,Phenom 300,Small,Pratt & Whitney Canada,PW535,2
e48e64,PP-BPS,Embraer,Phenom 300,Small,Pratt & Whitney Canada,PW535,2
49d56e,OK-PHA,Embraer,Phenom 300,Small,Pratt & Whitney Canada,PW535,2
494101,CS-PHA,Embraer,Phenom 300,Small,Pratt & Whitney Canada,PW535,2
49d4cf,OK-STS,Embraer,Phenom 300,Small,Pratt & Whitney Canada,PW535,2
ac5ca9,N896LS,Embraer,Phenom 300,Small,Pratt & Whitney Canada,PW535,2
3cdb56,D-CKJE,Embraer,Phenom 300,Small,Pratt & Whitney Canada,PW535,2
00b21d,ZS-SYU,Embraer,Phenom 300,Small,Pratt & Whitney Canada,PW535,2
a9c934,N73FE,Embraer,Phenom 300,Small,Pratt & Whitney Canada,PW535,2
e488de,PR-STA,Embraer,Phenom 300,Small,Pratt & Whitney Canada,PW535,2
a00ebd,N10217,Embraer,Phenom 300,Small,Pratt & Whitney Canada,PW535,2
8a0395,PK-JCO,Embraer,Phenom 300,Small,Pratt & Whitney Canada,PW535,2
a17bd4,N195MC,Embraer,Phenom 300,Small,Pratt & Whitney Canada,PW535,2
3cc09c,D-CAGA,Embraer,Phenom 300,Small,Pratt & Whitney Canada,PW535,2
e47e71,PR-SAD,Embraer,Phenom 300,Small,Pratt & Whitney Canada,PW535,2
e48a88,PP-LID,Embraer,Phenom 300,Small,Pratt & Whitney Canada,PW535,2
a15d6e,N1873,Embraer,Phenom 300,Small,Pratt & Whitney Canada,PW535,2
e48624,PR-ALU,Embraer,Phenom 300,Small,Pratt & Whitney Canada,PW535,2
780baa,B-9060,Embraer,Phenom 300,Small,Pratt & Whitney Canada,PW535,2
ab8d3b,N843YY,Embraer,Phenom 300,Small,Pratt & Whitney Canada,PW535,2
ada2a5,N978PC,Embraer,Phenom 300,Small,Pratt & Whitney Canada,PW535,2
e48fde,PP-EPH,Embraer,Phenom 300,Small,Pratt & Whitney Canada,PW535,2
e40132,PP-XVL,Embraer,Phenom 300,Small,Pratt & Whitney Canada,PW535,2
e48925,PP-OVD,Embraer,Phenom 300,Small,Pratt & Whitney Canada,PW535,2
3cc9f3,D-CDTZ,Embraer,Phenom 300,Small,Pratt & Whitney Canada,PW535,2
e48ef4,PR-BJA,Embraer,Phenom 300,Small,Pratt & Whitney Canada,PW535,2
4072a3,G-SRFA,Embraer,Phenom 300,Small,Pratt & Whitney Canada,PW535,2
a6eae8,N545EE,Embraer,Phenom 300,Small,Pratt & Whitney Canada,PW535,2
3cc790,D-CCWM,Embraer,Phenom 300,Small,Pratt & Whitney Canada,PW535,2
a339db,N307FL,Embraer,Phenom 300,Small,Pratt & Whitney Canada,PW535,2
ad7e2e,N969GC,Embraer,Phenom 300,Small,Pratt & Whitney Canada,PW535,2
3cc5f0,D-CCGM,Embraer,Phenom 300,Small,Pratt & Whitney Canada,PW535,2
e48a8b,PR-GCR,Embraer,Phenom 300,Small,Pratt & Whitney Canada,PW535,2
407185,G-HNPN,Embraer,Phenom 300,Small,Pratt & Whitney Canada,PW535,2
a9965d,N717DD,Embraer,Phenom 300,Small,Pratt & Whitney Canada,PW535,2
e40131,PP-XVK,Embraer,Phenom 300,Small,Pratt & Whitney Canada,PW535,2
49d387,OK-PHO,Embraer,Phenom 300,Small,Pratt & Whitney Canada,PW535,2
e4865b,PT-PVB,Embraer,Phenom 300,Small,Pratt & Whitney Canada,PW535,2
ade63e,N995LP,Embraer,Phenom 300,Small,Pratt & Whitney Canada,PW535,2
71011b,HZ-SK14,Embraer,Phenom 300,Small,Pratt & Whitney Canada,PW535,2
5000a9,T7-AAK,Embraer,Phenom 300,Small,Pratt & Whitney Canada,PW535,2
0d0a2b,XA-VGL,Embraer,Phenom 300,Small,Pratt & Whitney Canada,PW535,2
3992ab,F-HEVL,Embraer,Phenom 300,Small,Pratt & Whitney Canada,PW535,2
e488ca,PP-LGD,Embraer,Phenom 300,Small,Pratt & Whitney Canada,PW535,2
494105,CS-PHE,Embraer,Phenom 300,Small,Pratt & Whitney Canada,PW535,2
398477,F-HBDX,Embraer,Phenom 300,Small,Pratt & Whitney Canada,PW535,2
494102,CS-PHB,Embraer,Phenom 300,Small,Pratt & Whitney Canada,PW535,2
43ee73,2-OOPC,Embraer,Phenom 300,Small,Pratt & Whitney Canada,PW535,2
3990c0,F-HEGA,Embraer,Phenom 300,Small,Pratt & Whitney Canada,PW535,2
a5c67e,N471TD,Embraer,Phenom 300,Small,Pratt & Whitney Canada,PW535,2
500083,T7-ANB,Embraer,Phenom 300,Small,Pratt & Whitney Canada,PW535,2
0d0a71,XA-BPS,Embraer,Phenom 300,Small,Pratt & Whitney Canada,PW535,2
440785,OE-GDP,Embraer,Phenom 300,Small,Pratt & Whitney Canada,PW535,2
39a431,F-HJBR,Embraer,Phenom 300,Small,Pratt & Whitney Canada,PW535,2
e49055,PP-JDB,Embraer,Phenom 300,Small,Pratt & Whitney Canada,PW535,2
39b18b,F-HMML,Embraer,Phenom 300,Small,Pratt & Whitney Canada,PW535,2
e48f75,PR-AJN,Embraer,Phenom 300,Small,Pratt & Whitney Canada,PW535,2
a35da3,N316FL,Embraer,Phenom 300,Small,Pratt & Whitney Canada,PW535,2
3cc7fe,D-CDAS,Embraer,Phenom 300,Small,Pratt & Whitney Canada,PW535,2
e48e07,PP-MPB,Embraer,Phenom 300,Small,Pratt & Whitney Canada,PW535,2
e4923f,PP-VFV,Embraer,Phenom 300,Small,Pratt & Whitney Canada,PW535,2
683200,UP-EM009,Embraer,Phenom 300,Small,Pratt & Whitney Canada,PW535,2
70c0b6,A4O-CY,Embraer,Phenom 300,Small,Pratt & Whitney Canada,PW535,2
e48fd2,PP-IBR,Embraer,Phenom 300,Small,Pratt & Whitney Canada,PW535,2
e48ce3,PP-EMO,Embraer,Phenom 300,Small,Pratt & Whitney Canada,PW535,2
a413cb,N362AS,Embraer,Phenom 300,Small,Pratt & Whitney Canada,PW535,2
39a4a6,F-HJFG,Embraer,Phenom 300,Small,Pratt & Whitney Canada,PW535,2
71011a,HZ-SK13,Embraer,Phenom 300,Small,Pratt & Whitney Canada,PW535,2
ab9d9d,N848AM,Embraer,Phenom 300,Small,Pratt & Whitney Canada,PW535,2
ad273a,N947AS,Embraer,Phenom 300,Small,Pratt & Whitney Canada,PW535,2
3ced29,D-CRCR,Embraer,Phenom 300,Small,Pratt & Whitney Canada,PW535,2
e49054,PP-CTS,Embraer,Phenom 300,Small,Pratt & Whitney Canada,PW535,2
e48595,PR-DHP,Embraer,Phenom 300,Small,Pratt & Whitney Canada,PW535,2
494104,CS-PHD,Embraer,Phenom 300,Small,Pratt & Whitney Canada,PW535,2
7c68b7,VH-UYX,Embraer,Phenom 300,Small,Pratt & Whitney Canada,PW535,2
00872e,ZS-CSB,Embraer,Phenom 300,Small,Pratt & Whitney Canada,PW535,2
500200,T7-SST,Embraer,Phenom 300,Small,Pratt & Whitney Canada,PW535,2
e48d62,PR-EFT,Embraer,Phenom 300,Small,Pratt & Whitney Canada,PW535,2
a8cada,N666DM,Embraer,Phenom 300,Small,Pratt & Whitney Canada,PW535,2
3ce629,D-COLT,Embraer,Phenom 300,Small,Pratt & Whitney Canada,PW535,2
e48fd1,PP-LJA,Embraer,Phenom 300,Small,Pratt & Whitney Canada,PW535,2
a43815,N371FX,Embraer,Phenom 300,Small,Pratt & Whitney Canada,PW535,2
3cd3b7,D-CHMD,Embraer,Phenom 300,Small,Pratt & Whitney Canada,PW535,2
3cc1db,D-CASH,Embraer,Phenom 300,Small,Pratt & Whitney Canada,PW535,2
3cdde1,D-CLIF,Embraer,Phenom 300,Small,Pratt & Whitney Canada,PW535,2
a066a2,N125DT,Embraer,Phenom 300,Small,Pratt & Whitney Canada,PW535,2
8007e8,VT-AJJ,Embraer,Phenom 300,Small,Pratt & Whitney Canada,PW535,2
3cfc63,D-CWWP,Embraer,Phenom 300,Small,Pratt & Whitney Canada,PW535,2
e48620,PT-PVH,Embraer,Phenom 300,Small,Pratt & Whitney Canada,PW535,2
43e927,M-APLE,Embraer,Phenom 300,Small,Pratt & Whitney Canada,PW535,2
a379e7,N323EP,Embraer,Phenom 300,Small,Pratt & Whitney Canada,PW535,2
500087,T7-ANA,Embraer,Phenom 300,Small,Pratt & Whitney Canada,PW535,2
a617a1,N492BB,Embraer,Phenom 300,Small,Pratt & Whitney Canada,PW535,2
a7bcca,N598TB,Embraer,Phenom 300,Small,Pratt & Whitney Canada,PW535,2
aba5cc,N85JE,Embraer,Phenom 300,Small,Pratt & Whitney Canada,PW535,2
3cce74,D-CFMI,Embraer,Phenom 300,Small,Pratt & Whitney Canada,PW535,2
491291,CS-DTQ,Embraer,Phenom 300,Small,Pratt & Whitney Canada,PW535,2
e48fd3,PT-PVC,Embraer,Phenom 300,Small,Pratt & Whitney Canada,PW535,2
a7d261,N60298,Embraer,Phenom 300,Small,Pratt & Whitney Canada,PW535,2
e48d6e,PP-NMM,Embraer,Phenom 300,Small,Pratt & Whitney Canada,PW535,2
a16ff0,N192DM,Embraer,Phenom 300,Small,Pratt & Whitney Canada,PW535,2
a8db5a,N67WG,Embraer,Phenom 300,Small,Pratt & Whitney Canada,PW535,2
0d09b3,XA-BRA,Embraer,Phenom 300,Small,Pratt & Whitney Canada,PW535,2
e4018f,PR-ZXL,Embraer,Praetor 500,Large,Honeywell,HTF7500E,2
39a56f,F-HJLP,Embraer,Praetor 600,Large,Honeywell,HTF7500E,2
ac34b5,N886G,Gulfstream,G200,Small,Pratt & Whitney Canada,PW306A,2
4408b6,OE-HMA,Gulfstream,G200,Small,Pratt & Whitney Canada,PW306A,2
406ad7,G-ZZOO,Gulfstream,G200,Small,Pratt & Whitney Canada,PW306A,2
8004c0,VT-PLA,Gulfstream,G200,Small,Pratt & Whitney Canada,PW306A,2
a952f3,N70HQ,Gulfstream,G200,Small,Pratt & Whitney Canada,PW306A,2
0d06fb,XA-DRE,Gulfstream,G200,Small,Pratt & Whitney Canada,PW306A,2
88202e,HS-HAN,Gulfstream,G200,Small,Pratt & Whitney Canada,PW306A,2
e48c48,PR-DEA,Gulfstream,G200,Small,Pratt & Whitney Canada,PW306A,2
a46687,N383AZ,Gulfstream,G200,Small,Pratt & Whitney Canada,PW306A,2
440988,OE-HOP,Gulfstream,G200,Small,Pratt & Whitney Canada,PW306A,2
a37763,N322SW,Gulfstream,G200,Small,Pratt & Whitney Canada,PW306A,2
600858,4K-AZ88,Gulfstream,G200,Small,Pratt & Whitney Canada,PW306A,2
43ea50,M-ROIL,Gulfstream,G200,Small,Pratt & Whitney Canada,PW306A,2
43ea84,M-ALIK,Gulfstream,G200,Small,Pratt & Whitney Canada,PW306A,2
49d01e,OK-GLF,Gulfstream,G200,Small,Pratt & Whitney Canada,PW306A,2
a38859,N327AH,Gulfstream,G200,Small,Pratt & Whitney Canada,PW306A,2
a5f3ca,N483AM,Gulfstream,G200,Small,Pratt & Whitney Canada,PW306A,2
4069b9,G-GZOO,Gulfstream,G200,Small,Pratt & Whitney Canada,PW306A,2
800661,VT-SNP,Gulfstream,G200,Small,Pratt & Whitney Canada,PW306A,2
ab58b7,N830DT,Gulfstream,G200,Small,Pratt & Whitney Canada,PW306A,2
0d0a65,XA-SRD,Gulfstream,G200,Small,Pratt & Whitney Canada,PW306A,2
a5798d,N452AC,Gulfstream,G200,Small,Pratt & Whitney Canada,PW306A,2
e4884b,PR-MMP,Gulfstream,G200,Small,Pratt & Whitney Canada,PW306A,2
a90b3c,N682GA,Gulfstream,G200,Small,Pratt & Whitney Canada,PW306A,2
a920f8,N688AJ,Gulfstream,G200,Small,Pratt & Whitney Canada,PW306A,2
0ac339,HK-5154,Gulfstream,G200,Small,Pratt & Whitney Canada,PW306A,2
ab27f1,N818JW,Gulfstream,G200,Small,Pratt & Whitney Canada,PW306A,2
a13b65,N179JA,Gulfstream,G200,Small,Pratt & Whitney Canada,PW306A,2
4247ae,VP-CDL,Gulfstream,G200,Small,Pratt & Whitney Canada,PW306A,2
a0b259,N144JE,Gulfstream,G200,Small,Pratt & Whitney Canada,PW306A,2
a18ee1,N2S,Gulfstream,G200,Small,Pratt & Whitney Canada,PW306A,2
a4d9d3,N411WH,Gulfstream,G200,Small,Pratt & Whitney Canada,PW306A,2
4403e2,OE-HAS,Gulfstream,G200,Small,Pratt & Whitney Canada,PW306A,2
a60be6,N489VC,Gulfstream,G200,Small,Pratt & Whitney Canada,PW306A,2
a2abab,N271RA,Gulfstream,G200,Small,Pratt & Whitney Canada,PW306A,2
a2406b,N244S,Gulfstream,G200,Small,Pratt & Whitney Canada,PW306A,2
7803cb,B-8129,Gulfstream,G200,Small,Pratt & Whitney Canada,PW306A,2
a4db9c,N412AP,Gulfstream,G200,Small,Pratt & Whitney Canada,PW306A,2
a0011f,N1MK,Gulfstream,G200,Small,Pratt & Whitney Canada,PW306A,2
ac26da,N882SG,Gulfstream,G200,Small,Pratt & Whitney Canada,PW306A,2
43ea49,M-SBUR,Gulfstream,G200,Small,Pratt & Whitney Canada,PW306A,2
0641d3,5N-BTF,Gulfstream,G200,Small,Pratt & Whitney Canada,PW306A,2
0d0a1c,XA-AAN,Gulfstream,G200,Small,Pratt & Whitney Canada,PW306A,2
a00965,N101L,Gulfstream,G200,Small,Pratt & Whitney Canada,PW306A,2
a41f27,N365CX,Gulfstream,G200,Small,Pratt & Whitney Canada,PW306A,2
a6869e,N52AJ,Gulfstream,G200,Small,Pratt & Whitney Canada,PW306A,2
a7959c,N588WH,Gulfstream,G200,Small,Pratt & Whitney Canada,PW306A,2
a85445,N636CN,Gulfstream,G200,Small,Pratt & Whitney Canada,PW306A,2
a3a57d,N334JK,Gulfstream,G200,Small,Pratt & Whitney Canada,PW306A,2
a242eb,N245DP,Gulfstream,G200,Small,Pratt & Whitney Canada,PW306A,2
a192f1,N200KN,Gulfstream,G200,Small,Pratt & Whitney Canada,PW306A,2
ab2f01,N82FB,Gulfstream,G200,Small,Pratt & Whitney Canada,PW306A,2
0d0250,XA-MDK,Gulfstream,G200,Small,Pratt & Whitney Canada,PW306A,2
43e951,M-SASS,Gulfstream,G200,Small,Pratt & Whitney Canada,PW306A,2
a788ca,N585DD,Gulfstream,G200,Small,Pratt & Whitney Canada,PW306A,2
a39aab,N331MT,Gulfstream,G200,Small,Pratt & Whitney Canada,PW306A,2
a05813,N121GV,Gulfstream,G200,Small,Pratt & Whitney Canada,PW306A,2
43e8d1,M-NICE,Gulfstream,G200,Small,Pratt & Whitney Canada,PW306A,2
a0c17e,N148MC,Gulfstream,G200,Small,Pratt & Whitney Canada,PW306A,2
ad0b63,N94FY,Gulfstream,G200,Small,Pratt & Whitney Canada,PW306A,2
a54f31,N441JW,Gulfstream,G200,Small,Pratt & Whitney Canada,PW306A,2
a5f90b,N484SF,Gulfstream,G200,Small,Pratt & Whitney Canada,PW306A,2
a34c86,N311WK,Gulfstream,G200,Small,Pratt & Whitney Canada,PW306A,2
aa641b,N769MS,Gulfstream,G200,Small,Pratt & Whitney Canada,PW306A,2
4844ab,P4-ADD,Gulfstream,G200,Small,Pratt & Whitney Canada,PW306A,2
ab5c31,N831BG,Gulfstream,G200,Small,Pratt & Whitney Canada,PW306A,2
a193ee,N200VR,Gulfstream,G200,Small,Pratt & Whitney Canada,PW306A,2
0d0972,XA-POS,Gulfstream,G200,Small,Pratt & Whitney Canada,PW306A,2
780621,B-8120,Gulfstream,G200,Small,Pratt & Whitney Canada,PW306A,2
a8170a,N620JE,Gulfstream,G200,Small,Pratt & Whitney Canada,PW306A,2
4406d3,OE-HNG,Gulfstream,G200,Small,Pratt & Whitney Canada,PW306A,2
44048c,OE-HSN,Gulfstream,G200,Small,Pratt & Whitney Canada,PW306A,2
a19324,N200MP,Gulfstream,G200,Small,Pratt & Whitney Canada,PW306A,2
a399a3,N331BD,Gulfstream,G200,Small,Pratt & Whitney Canada,PW306A,2
aab387,N789SB,Gulfstream,G200,Small,Pratt & Whitney Canada,PW306A,2
a2073a,N23M,Gulfstream,G280,Small,Honeywell,HTF7250G,2
899126,B-66666,Gulfstream,G280,Small,Honeywell,HTF7250G,2
780d26,B-8305,Gulfstream,G280,Small,Honeywell,HTF7250G,2
ada8cf,N98AD,Gulfstream,G280,Small,Honeywell,HTF7250G,2
a2ce75,N280EX,Gulfstream,G280,Small,Honeywell,HTF7250G,2
ab404e,N824GA,Gulfstream,G280,Small,Honeywell,HTF7250G,2
a2e5d1,N286RW,Gulfstream,G280,Small,Honeywell,HTF7250G,2
a2e0ef,N285DX,Gulfstream,G280,Small,Honeywell,HTF7250G,2
3cac34,D-BKAT,Gulfstream,G280,Small,Honeywell,HTF7250G,2
a47320,N386RW,Gulfstream,G280,Small,Honeywell,HTF7250G,2
0d08b2,XA-BAY,Gulfstream,G280,Small,Honeywell,HTF7250G,2
a1b400,N209FS,Gulfstream,G280,Small,Honeywell,HTF7250G,2
a39489,N33M,Gulfstream,G280,Small,Honeywell,HTF7250G,2
a2ce95,N280GD,Gulfstream,G280,Small,Honeywell,HTF7250G,2
43e9ad,M-ASIK,Gulfstream,G280,Small,Honeywell,HTF7250G,2
e491b2,PR-FRT,Gulfstream,G280,Small,Honeywell,HTF7250G,2
020114,CN-TRS,Gulfstream,G280,Small,Honeywell,HTF7250G,2
a7d2af,N603D,Gulfstream,G280,Small,Honeywell,HTF7250G,2
424314,VP-BBI,Gulfstream,G280,Small,Honeywell,HTF7250G,2
a2cf46,N280PF,Gulfstream,G280,Small,Honeywell,HTF7250G,2
a39d63,N332BN,Gulfstream,G280,Small,Honeywell,HTF7250G,2
a1f7e2,N226GA,Gulfstream,G280,Small,Honeywell,HTF7250G,2
6008d0,4K-AZ208,Gulfstream,G280,Small,Honeywell,HTF7250G,2
0d086d,XA-PAZ,Gulfstream,G280,Small,Honeywell,HTF7250G,2
ab203d,N816GA,Gulfstream,G280,Small,Honeywell,HTF7250G,2
43ea70,M-INTY,Gulfstream,G280,Small,Honeywell,HTF7250G,2
882e07,HS-KPG,Gulfstream,G280,Small,Honeywell,HTF7250G,2
a1e54f,N221GA,Gulfstream,G280,Small,Honeywell,HTF7250G,2
a2ce94,N280GC,Gulfstream,G280,Small,Honeywell,HTF7250G,2
42433c,VP-BRJ,Gulfstream,G280,Small,Honeywell,HTF7250G,2
c02df1,C-FRKI,Gulfstream,G280,Small,Honeywell,HTF7250G,2
ab926c,N845A,Gulfstream,G280,Small,Honeywell,HTF7250G,2
a2cf8f,N280SD,Gulfstream,G280,Small,Honeywell,HTF7250G,2
43ea88,M-ISTY,Gulfstream,G280,Small,Honeywell,HTF7250G,2
0d08a3,XA-FMX,Gulfstream,G280,Small,Honeywell,HTF7250G,2
a2cd3b,N28SJ,Gulfstream,G280,Small,Honeywell,HTF7250G,2
43e98e,M-AYBE,Gulfstream,G280,Small,Honeywell,HTF7250G,2
424778,VP-CVH,Gulfstream,G280,Small,Honeywell,HTF7250G,2
78005c,B-8303,Gulfstream,G280,Small,Honeywell,HTF7250G,2
600918,4K-AZ280,Gulfstream,G280,Small,Honeywell,HTF7250G,2
ad9dab,N977AE,Gulfstream,G280,Small,Honeywell,HTF7250G,2
44002e,OE-HWM,Gulfstream,G280,Small,Honeywell,HTF7250G,2
a2cfc7,N280UK,Gulfstream,G280,Small,Honeywell,HTF7250G,2
781195,B-3256,Gulfstream,G280,Small,Honeywell,HTF7250G,2
780c84,B-3258,Gulfstream,G280,Small,Honeywell,HTF7250G,2
a2d5d0,N282EC,Gulfstream,G280,Small,Honeywell,HTF7250G,2
a4360a,N370Z,Gulfstream,G280,Small,Honeywell,HTF7250G,2
a0ff2b,N1630,Gulfstream,G280,Small,Honeywell,HTF7250G,2
acd8c2,N927GA,Gulfstream,G280,Small,Honeywell,HTF7250G,2
49d53f,OK-GTX,Gulfstream,G280,Small,Honeywell,HTF7250G,2
e4914a,PP-MAO,Gulfstream,G280,Small,Honeywell,HTF7250G,2
440759,OE-HPA,Gulfstream,G280,Small,Honeywell,HTF7250G,2
43ea31,M-ELAS,Gulfstream,G280,Small,Honeywell,HTF7250G,2
c0546d,C-GFZG,Gulfstream,G280,Small,Honeywell,HTF7250G,2
48b70c,SP-NVM,Gulfstream,G280,Small,Honeywell,HTF7250G,2
a1b409,N209GA,Gulfstream,G280,Small,Honeywell,HTF7250G,2
acc9e6,N923GA,Gulfstream,G280,Small,Honeywell,HTF7250G,2
e491b5,PR-CRC,Gulfstream,G280,Small,Honeywell,HTF7250G,2
a2cf53,N280PU,Gulfstream,G280,Small,Honeywell,HTF7250G,2
780c13,B-8280,Gulfstream,G280,Small,Honeywell,HTF7250G,2
a2cea8,N280GY,Gulfstream,G280,Small,Honeywell,HTF7250G,2
a38c9f,N328GA,Gulfstream,G280,Small,Honeywell,HTF7250G,2
ad5a5c,N96FT,Gulfstream,G280,Small,Honeywell,HTF7250G,2
a2dd47,N284EM,Gulfstream,G280,Small,Honeywell,HTF7250G,2
780766,B-8166,Gulfstream,G450,Large,Rolls-Royce,Tay 611-8C,2
a04838,N117WR,Gulfstream,G450,Large,Rolls-Royce,Tay 611-8C,2
a1e99d,N222NB,Gulfstream,G450,Large,Rolls-Royce,Tay 611-8C,2
506c32,S5-JVA,Gulfstream,G450,Large,Rolls-Royce,Tay 611-8C,2
4b9c30,TC-GAP,Gulfstream,G450,Large,Rolls-Royce,Tay 611-8C,2
a67fce,N518GS,Gulfstream,G450,Large,Rolls-Royce,Tay 611-8C,2
aaf0c0,N804AG,Gulfstream,G450,Large,Rolls-Royce,Tay 611-8C,2
e48b07,PR-LHW,Gulfstream,G450,Large,Rolls-Royce,Tay 611-8C,2
a7c74f,N600AR,Gulfstream,G450,Large,Rolls-Royce,Tay 611-8C,2
43e9cb,M-MNVN,Gulfstream,G450,Large,Rolls-Royce,Tay 611-8C,2
c00810,C-FDBJ,Gulfstream,G450,Large,Rolls-Royce,Tay 611-8C,2
a21f58,N236FS,Gulfstream,G450,Large,Rolls-Royce,Tay 611-8C,2
ad6b99,N964GA,Gulfstream,G450,Large,Rolls-Royce,Tay 611-8C,2
a8d751,N669T,Gulfstream,G450,Large,Rolls-Royce,Tay 611-8C,2
4241d7,VP-CLI,Gulfstream,G450,Large,Rolls-Royce,Tay 611-8C,2
424755,VP-CYH,Gulfstream,G450,Large,Rolls-Royce,Tay 611-8C,2
abe23e,N865JM,Gulfstream,G450,Large,Rolls-Royce,Tay 611-8C,2
a5ece3,N481FX,Gulfstream,G450,Large,Rolls-Royce,Tay 611-8C,2
a572b3,N450GA,Gulfstream,G450,Large,Rolls-Royce,Tay 611-8C,2
ab28ce,N818TS,Gulfstream,G450,Large,Rolls-Royce,Tay 611-8C,2
ac8641,N906JC,Gulfstream,G450,Large,Rolls-Royce,Tay 611-8C,2
780a03,B-LWW,Gulfstream,G450,Large,Rolls-Royce,Tay 611-8C,2
780b2a,B-8271,Gulfstream,G450,Large,Rolls-Royce,Tay 611-8C,2
a9cbe1,N730JP,Gulfstream,G450,Large,Rolls-Royce,Tay 611-8C,2
a3dc8e,N348RS,Gulfstream,G450,Large,Rolls-Royce,Tay 611-8C,2
a43245,N37JL,Gulfstream,G450,Large,Rolls-Royce,Tay 611-8C,2
761047,4270,Gulfstream,G450,Large,Rolls-Royce,Tay 611-8C,2
600bc6,4K-LAR,Gulfstream,G450,Large,Rolls-Royce,Tay 611-8C,2
500109,T7-BRG,Gulfstream,G450,Large,Rolls-Royce,Tay 611-8C,2
a00241,N1Z,Gulfstream,G450,Large,Rolls-Royce,Tay 611-8C,2
a08114,N131YF,Gulfstream,G450,Large,Rolls-Royce,Tay 611-8C,2
a7f632,N612AF,Gulfstream,G450,Large,Rolls-Royce,Tay 611-8C,2
a5818b,N454FX,Gulfstream,G450,Large,Rolls-Royce,Tay 611-8C,2
4bda8e,TC-VTN,Gulfstream,G450,Large,Rolls-Royce,Tay 611-8C,2
ab2c6c,N819SS,Gulfstream,G450,Large,Rolls-Royce,Tay 611-8C,2
a50bd6,N424PX,Gulfstream,G450,Large,Rolls-Royce,Tay 611-8C,2
7806bb,B-8128,Gulfstream,G450,Large,Rolls-Royce,Tay 611-8C,2
a05817,N121GZ,Gulfstream,G450,Large,Rolls-Royce,Tay 611-8C,2
43ea13,M-KKCO,Gulfstream,G450,Large,Rolls-Royce,Tay 611-8C,2
600b78,4K-AZ888,Gulfstream,G450,Large,Rolls-Royce,Tay 611-8C,2
a18da2,N2DF,Gulfstream,G450,Large,Rolls-Royce,Tay 611-8C,2
710031,HZ-SK3,Gulfstream,G450,Large,Rolls-Royce,Tay 611-8C,2
a6892c,N520CM,Gulfstream,G450,Large,Rolls-Royce,Tay 611-8C,2
ab07ad,N81GV,Gulfstream,G450,Large,Rolls-Royce,Tay 611-8C,2
4bd248,TC-TRH,Gulfstream,G450,Large,Rolls-Royce,Tay 611-8C,2
43e8bc,M-DKVL,Gulfstream,G450,Large,Rolls-Royce,Tay 611-8C,2
3c5ed3,D-AGVS,Gulfstream,G450,Large,Rolls-Royce,Tay 611-8C,2
a4b1f8,N401SR,Gulfstream,G450,Large,Rolls-Royce,Tay 611-8C,2
ab0368,N809BC,Gulfstream,G450,Large,Rolls-Royce,Tay 611-8C,2
a41451,N362GA,Gulfstream,G450,Large,Rolls-Royce,Tay 611-8C,2
a1dca0,N219TF,Gulfstream,G450,Large,Rolls-Royce,Tay 611-8C,2
a0a734,N141JE,Gulfstream,G450,Large,Rolls-Royce,Tay 611-8C,2
a25784,N250AF,Gulfstream,G450,Large,Rolls-Royce,Tay 611-8C,2
a03fd0,N115LR,Gulfstream,G450,Large,Rolls-Royce,Tay 611-8C,2
42474b,VP-CMC,Gulfstream,G450,Large,Rolls-Royce,Tay 611-8C,2
ab27fa,N818KE,Gulfstream,G450,Large,Rolls-Royce,Tay 611-8C,2
a4e822,N415QS,Gulfstream,G450,Large,Rolls-Royce,Tay 611-8C,2
a57605,N451C,Gulfstream,G450,Large,Rolls-Royce,Tay 611-8C,2
a82d58,N626JJ,Gulfstream,G450,Large,Rolls-Royce,Tay 611-8C,2
a57316,N450L,Gulfstream,G450,Large,Rolls-Royce,Tay 611-8C,2
a1c8de,N214FC,Gulfstream,G450,Large,Rolls-Royce,Tay 611-8C,2
a5a90a,N464FX,Gulfstream,G450,Large,Rolls-Royce,Tay 611-8C,2
a00062,N1DW,Gulfstream,G450,Large,Rolls-Royce,Tay 611-8C,2
a5721e,N450AB,Gulfstream,G450,Large,Rolls-Royce,Tay 611-8C,2
a1eac6,N222ZZ,Gulfstream,G450,Large,Rolls-Royce,Tay 611-8C,2
ab07a3,N81GK,Gulfstream,G450,Large,Rolls-Royce,Tay 611-8C,2
a4675a,N383KK,Gulfstream,G450,Large,Rolls-Royce,Tay 611-8C,2
a087d0,N133RC,Gulfstream,G450,Large,Rolls-Royce,Tay 611-8C,2
acfd14,N936MP,Gulfstream,G450,Large,Rolls-Royce,Tay 611-8C,2
a0763c,N129MH,Gulfstream,G450,Large,Rolls-Royce,Tay 611-8C,2
ab8f51,N844GF,Gulfstream,G450,Large,Rolls-Royce,Tay 611-8C,2
ac7ae7,N903G,Gulfstream,G450,Large,Rolls-Royce,Tay 611-8C,2
5000c9,T7-BSA,Gulfstream,G450,Large,Rolls-Royce,Tay 611-8C,2
780ed7,B-3029,Gulfstream,G450,Large,Rolls-Royce,Tay 611-8C,2
a600e3,N486WM,Gulfstream,G450,Large,Rolls-Royce,Tay 611-8C,2
a594ac,N459MP,Gulfstream,G450,Large,Rolls-Royce,Tay 611-8C,2
aa8662,N7777N,Gulfstream,G450,Large,Rolls-Royce,Tay 611-8C,2
a2ba22,N275M,Gulfstream,G450,Large,Rolls-Royce,Tay 611-8C,2
a04da6,N119AD,Gulfstream,G450,Large,Rolls-Royce,Tay 611-8C,2
a3739b,N321SD,Gulfstream,G450,Large,Rolls-Royce,Tay 611-8C,2
a58d3e,N457MP,Gulfstream,G450,Large,Rolls-Royce,Tay 611-8C,2
896494,A6-VPS,Gulfstream,G450,Large,Rolls-Royce,Tay 611-8C,2
a13f96,N18NY,Gulfstream,G450,Large,Rolls-Royce,Tay 611-8C,2
a850b3,N635E,Gulfstream,G450,Large,Rolls-Royce,Tay 611-8C,2
a4b125,N401JE,Gulfstream,G450,Large,Rolls-Royce,Tay 611-8C,2
a575f4,N451BH,Gulfstream,G450,Large,Rolls-Royce,Tay 611-8C,2
a233ed,N241CE,Gulfstream,G450,Large,Rolls-Royce,Tay 611-8C,2
acd5fb,N926RR,Gulfstream,G450,Large,Rolls-Royce,Tay 611-8C,2
a79048,N587DV,Gulfstream,G450,Large,Rolls-Royce,Tay 611-8C,2
a0bf4c,N14717,Gulfstream,G450,Large,Rolls-Royce,Tay 611-8C,2
4247b3,VP-CPD,Gulfstream,G450,Large,Rolls-Royce,Tay 611-8C,2
a21fd2,N236LP,Gulfstream,G450,Large,Rolls-Royce,Tay 611-8C,2
896294,A6-ORX,Gulfstream,G450,Large,Rolls-Royce,Tay 611-8C,2
acaae9,N915TB,Gulfstream,G450,Large,Rolls-Royce,Tay 611-8C,2
a258fe,N250RJ,Gulfstream,G450,Large,Rolls-Royce,Tay 611-8C,2
a3baaf,N3398A,Gulfstream,G450,Large,Rolls-Royce,Tay 611-8C,2
a5743f,N450XX,Gulfstream,G450,Large,Rolls-Royce,Tay 611-8C,2
a6331a,N499SC,Gulfstream,G450,Large,Rolls-Royce,Tay 611-8C,2
a16ad7,N1902P,Gulfstream,G450,Large,Rolls-Royce,Tay 611-8C,2
a694e7,N523JM,Gulfstream,G450,Large,Rolls-Royce,Tay 611-8C,2
aa7f7c,N776BT,Gulfstream,G450,Large,Rolls-Royce,Tay 611-8C,2
a57334,N450ME,Gulfstream,G450,Large,Rolls-Royce,Tay 611-8C,2
424242,VP-BAK,Gulfstream,G450,Large,Rolls-Royce,Tay 611-8C,2
a572d0,N450HE,Gulfstream,G450,Large,Rolls-Royce,Tay 611-8C,2
7103e8,HZ-MS4B,Gulfstream,G450,Large,Rolls-Royce,Tay 611-8C,2
a19d64,N203CK,Gulfstream,G450,Large,Rolls-Royce,Tay 611-8C,2
a7b3ff,N596DC,Gulfstream,G450,Large,Rolls-Royce,Tay 611-8C,2
a572a2,N450FJ,Gulfstream,G450,Large,Rolls-Royce,Tay 611-8C,2
a20280,N229AR,Gulfstream,G450,Large,Rolls-Royce,Tay 611-8C,2
0d083d,XA-ELK,Gulfstream,G450,Large,Rolls-Royce,Tay 611-8C,2
ab8ee9,N844CB,Gulfstream,G450,Large,Rolls-Royce,Tay 611-8C,2
7101a1,HZ-MS4A,Gulfstream,G450,Large,Rolls-Royce,Tay 611-8C,2
a00331,N10JP,Gulfstream,G450,Large,Rolls-Royce,Tay 611-8C,2
acb498,N918CC,Gulfstream,G450,Large,Rolls-Royce,Tay 611-8C,2
a569c4,N448QS,Gulfstream,G450,Large,Rolls-Royce,Tay 611-8C,2
a58598,N455KH,Gulfstream,G450,Large,Rolls-Royce,Tay 611-8C,2
a1c2e3,N212VZ,Gulfstream,G450,Large,Rolls-Royce,Tay 611-8C,2
a255c7,N25GM,Gulfstream,G450,Large,Rolls-Royce,Tay 611-8C,2
a572f5,N450JS,Gulfstream,G450,Large,Rolls-Royce,Tay 611-8C,2
710030,HZ-SK2,Gulfstream,G450,Large,Rolls-Royce,Tay 611-8C,2
a2a4a9,N27FJ,Gulfstream,G450,Large,Rolls-Royce,Tay 611-8C,2
a572da,N450HQ,Gulfstream,G450,Large,Rolls-Royce,Tay 611-8C,2
a10bb3,N167AD,Gulfstream,G450,Large,Rolls-Royce,Tay 611-8C,2
a573c5,N450T,Gulfstream,G450,Large,Rolls-Royce,Tay 611-8C,2
440571,OE-IMZ,Gulfstream,G450,Large,Rolls-Royce,Tay 611-8C,2
a0302b,N111CQ,Gulfstream,G450,Large,Rolls-Royce,Tay 611-8C,2
a36f24,N320JM,Gulfstream,G450,Large,Rolls-Royce,Tay 611-8C,2
a5e790,N48PL,Gulfstream,G450,Large,Rolls-Royce,Tay 611-8C,2
a00118,N1MC,Gulfstream,G450,Large,Rolls-Royce,Tay 611-8C,2
a591e1,N458X,Gulfstream,G450,Large,Rolls-Royce,Tay 611-8C,2
a6bd32,N533SR,Gulfstream,G450,Large,Rolls-Royce,Tay 611-8C,2
a04e6f,N119JE,Gulfstream,G450,Large,Rolls-Royce,Tay 611-8C,2
a12be4,N175BL,Gulfstream,G450,Large,Rolls-Royce,Tay 611-8C,2
a7a555,N592FC,Gulfstream,G450,Large,Rolls-Royce,Tay 611-8C,2
a46e81,N385GP,Gulfstream,G450,Large,Rolls-Royce,Tay 611-8C,2
a57666,N451FX,Gulfstream,G450,Large,Rolls-Royce,Tay 611-8C,2
aca287,N913HH,Gulfstream,G450,Large,Rolls-Royce,Tay 611-8C,2
a5722c,N450AR,Gulfstream,G450,Large,Rolls-Royce,Tay 611-8C,2
a7e92a,N609EZ,Gulfstream,G450,Large,Rolls-Royce,Tay 611-8C,2
896268,A6-FLH,Gulfstream,G450,Large,Rolls-Royce,Tay 611-8C,2
44061f,OE-LAI,Gulfstream,G450,Large,Rolls-Royce,Tay 611-8C,2
a1891d,N1986R,Gulfstream,G450,Large,Rolls-Royce,Tay 611-8C,2
a552c6,N442HM,Gulfstream,G450,Large,Rolls-Royce,Tay 611-8C,2
ac8d19,N908CC,Gulfstream,G450,Large,Rolls-Royce,Tay 611-8C,2
a66530,N511AK,Gulfstream,G450,Large,Rolls-Royce,Tay 611-8C,2
780d3a,B-8308,Gulfstream,G450,Large,Rolls-Royce,Tay 611-8C,2
a0439a,N116MK,Gulfstream,G450,Large,Rolls-Royce,Tay 611-8C,2
a2cba6,N28AD,Gulfstream,G450,Large,Rolls-Royce,Tay 611-8C,2
acffca,N937BG,Gulfstream,G450,Large,Rolls-Royce,Tay 611-8C,2
aba628,N85MX,Gulfstream,G450,Large,Rolls-Royce,Tay 611-8C,2
a1effe,N224BH,Gulfstream,G450,Large,Rolls-Royce,Tay 611-8C,2
44054c,OE-IZK,Gulfstream,G450,Large,Rolls-Royce,Tay 611-8C,2
0d09de,XA-ZPS,Gulfstream,G450,Large,Rolls-Royce,Tay 611-8C,2
4bb741,TC-MZA,Gulfstream,G450,Large,Rolls-Royce,Tay 611-8C,2
a1f3dc,N225CX,Gulfstream,G450,Large,Rolls-Royce,Tay 611-8C,2
a22e7e,N24JR,Gulfstream,G450,Large,Rolls-Royce,Tay 611-8C,2
a588f9,N456FX,Gulfstream,G450,Large,Rolls-Royce,Tay 611-8C,2
a54bb2,N440MB,Gulfstream,G450,Large,Rolls-Royce,Tay 611-8C,2
aaf663,N805VZ,Gulfstream,G450,Large,Rolls-Royce,Tay 611-8C,2
a8cfdd,N667SU,Gulfstream,G450,Large,Rolls-Royce,Tay 611-8C,2
ab30ef,N820AV,Gulfstream,G450,Large,Rolls-Royce,Tay 611-8C,2
ad8fe0,N973MC,Gulfstream,G450,Large,Rolls-Royce,Tay 611-8C,2
aae1e8,N800AL,Gulfstream,G450,Large,Rolls-Royce,Tay 611-8C,2
a57412,N450WB,Gulfstream,G450,Large,Rolls-Royce,Tay 611-8C,2
300575,I-XPRA,Gulfstream,G450,Large,Rolls-Royce,Tay 611-8C,2
a5772d,N451PW,Gulfstream,G450,Large,Rolls-Royce,Tay 611-8C,2
ab6c91,N835SV,Gulfstream,G450,Large,Rolls-Royce,Tay 611-8C,2
a0052d,N100EW,Gulfstream,G450,Large,Rolls-Royce,Tay 611-8C,2
a95a3c,N701WC,Gulfstream,G450,Large,Rolls-Royce,Tay 611-8C,2
a58cb0,N457FX,Gulfstream,G450,Large,Rolls-Royce,Tay 611-8C,2
7808f8,B-8251,Gulfstream,G450,Large,Rolls-Royce,Tay 611-8C,2
300604,I-BMPG,Gulfstream,G450,Large,Rolls-Royce,Tay 611-8C,2
a572b9,N450GG,Gulfstream,G450,Large,Rolls-Royce,Tay 611-8C,2
ac3cbd,N888ND,Gulfstream,G450,Large,Rolls-Royce,Tay 611-8C,2
a59ec1,N461QS,Gulfstream,G450,Large,Rolls-Royce,Tay 611-8C,2
440754,OE-IIE,Gulfstream,G450,Large,Rolls-Royce,Tay 611-8C,2
44094b,OE-ITE,Gulfstream,G450,Large,Rolls-Royce,Tay 611-8C,2
acc5cc,N922CB,Gulfstream,G450,Large,Rolls-Royce,Tay 611-8C,2
a54c0c,N440QS,Gulfstream,G450,Large,Rolls-Royce,Tay 611-8C,2
ab1878,N814CP,Gulfstream,G450,Large,Rolls-Royce,Tay 611-8C,2
a21fbb,N236KR,Gulfstream,G450,Large,Rolls-Royce,Tay 611-8C,2
a0ceb3,N151JE,Gulfstream,G450,Large,Rolls-Royce,Tay 611-8C,2
514056,4L-GAF,Gulfstream,G450,Large,Rolls-Royce,Tay 611-8C,2
ad0ba2,N94JL,Gulfstream,G450,Large,Rolls-Royce,Tay 611-8C,2
aba859,N850LG,Gulfstream,G450,Large,Rolls-Royce,Tay 611-8C,2
0d0425,XA-GMX,Gulfstream,G450,Large,Rolls-Royce,Tay 611-8C,2
a573f8,N450VA,Gulfstream,G450,Large,Rolls-Royce,Tay 611-8C,2
a572e7,N450JC,Gulfstream,G450,Large,Rolls-Royce,Tay 611-8C,2
ac7fb4,N904TC,Gulfstream,G450,Large,Rolls-Royce,Tay 611-8C,2
a95169,N7RX,Gulfstream,G450,Large,Rolls-Royce,Tay 611-8C,2
ab23ad,N817DE,Gulfstream,G450,Large,Rolls-Royce,Tay 611-8C,2
a19ea2,N203RC,Gulfstream,G450,Large,Rolls-Royce,Tay 611-8C,2
a7cf4c,N602GJ,Gulfstream,G450,Large,Rolls-Royce,Tay 611-8C,2
4bc8a3,TC-REC,Gulfstream,G450,Large,Rolls-Royce,Tay 611-8C,2
a66a5d,N512RJ,Gulfstream,G450,Large,Rolls-Royce,Tay 611-8C,2
780a02,B-LCK,Gulfstream,G450,Large,Rolls-Royce,Tay 611-8C,2
a5941e,N459FX,Gulfstream,G450,Large,Rolls-Royce,Tay 611-8C,2
a57dd4,N453FX,Gulfstream,G450,Large,Rolls-Royce,Tay 611-8C,2
a8cf37,N667LC,Gulfstream,G450,Large,Rolls-Royce,Tay 611-8C,2
a19040,N20G,Gulfstream,G450,Large,Rolls-Royce,Tay 611-8C,2
a4bb8d,N404AR,Gulfstream,G450,Large,Rolls-Royce,Tay 611-8C,2
4241e5,VP-CQQ,Gulfstream,G450,Large,Rolls-Royce,Tay 611-8C,2
a96447,N704JW,Gulfstream,G450,Large,Rolls-Royce,Tay 611-8C,2
a520c9,N43AD,Gulfstream,G450,Large,Rolls-Royce,Tay 611-8C,2
a63b72,N500RL,Gulfstream,G450,Large,Rolls-Royce,Tay 611-8C,2
43e969,M-KBBG,Gulfstream,G450,Large,Rolls-Royce,Tay 611-8C,2
401057,G-TAYC,Gulfstream,G450,Large,Rolls-Royce,Tay 611-8C,2
a5730d,N450KR,Gulfstream,G450,Large,Rolls-Royce,Tay 611-8C,2
a18143,N1963N,Gulfstream,G450,Large,Rolls-Royce,Tay 611-8C,2
a572af,N450FX,Gulfstream,G450,Large,Rolls-Royce,Tay 611-8C,2
43e9eb,M-YANG,Gulfstream,G450,Large,Rolls-Royce,Tay 611-8C,2
a4a99c,N4TD,Gulfstream,G450,Large,Rolls-Royce,Tay 611-8C,2
a5b7e6,N468FX,Gulfstream,G450,Large,Rolls-Royce,Tay 611-8C,2
a8eabb,N674BP,Gulfstream,G450,Large,Rolls-Royce,Tay 611-8C,2
a2c561,N278NA,Gulfstream,G450,Large,Rolls-Royce,Tay 611-8C,2
ac42f9,N88999,Gulfstream,G450,Large,Rolls-Royce,Tay 611-8C,2
a58542,N455FX,Gulfstream,G450,Large,Rolls-Royce,Tay 611-8C,2
5000df,T7-ZZZ,Gulfstream,G450,Large,Rolls-Royce,Tay 611-8C,2
4b1861,HB-JGB,Gulfstream,G450,Large,Rolls-Royce,Tay 611-8C,2
a248ce,N2461K,Gulfstream,G450,Large,Rolls-Royce,Tay 611-8C,2
a713ad,N555TF,Gulfstream,G450,Large,Rolls-Royce,Tay 611-8C,2
a067f4,N125TF,Gulfstream,G450,Large,Rolls-Royce,Tay 611-8C,2
4241ad,VP-CET,Gulfstream,G450,Large,Rolls-Royce,Tay 611-8C,2
acb4c7,N918E,Gulfstream,G450,Large,Rolls-Royce,Tay 611-8C,2
762bf4,J-756,Gulfstream,G450,Large,Rolls-Royce,Tay 611-8C,2
a58a0b,N456SW,Gulfstream,G450,Large,Rolls-Royce,Tay 611-8C,2
ab3c00,N823A,Gulfstream,G450,Large,Rolls-Royce,Tay 611-8C,2
a4bcd8,N404PX,Gulfstream,G450,Large,Rolls-Royce,Tay 611-8C,2
a15c44,N187SG,Gulfstream,G450,Large,Rolls-Royce,Tay 611-8C,2
a1bfcf,N21112,Gulfstream,G450,Large,Rolls-Royce,Tay 611-8C,2
780104,B-8155,Gulfstream,G450,Large,Rolls-Royce,Tay 611-8C,2
440787,OE-LAR,Gulfstream,G450,Large,Rolls-Royce,Tay 611-8C,2
a99b16,N718PM,Gulfstream,G450,Large,Rolls-Royce,Tay 611-8C,2
a5730f,N450KT,Gulfstream,G450,Large,Rolls-Royce,Tay 611-8C,2
a4c0a3,N405QS,Gulfstream,G450,Large,Rolls-Royce,Tay 611-8C,2
a57279,N450DT,Gulfstream,G450,Large,Rolls-Royce,Tay 611-8C,2
440857,OE-ILE,Gulfstream,G450,Large,Rolls-Royce,Tay 611-8C,2
abecaa,N868BB,Gulfstream,G450,Large,Rolls-Royce,Tay 611-8C,2
5000cf,T7-AZH,Gulfstream,G450,Large,Rolls-Royce,Tay 611-8C,2
4d2151,9H-SPA,Gulfstream,G450,Large,Rolls-Royce,Tay 611-8C,2
a66a2e,N512PM,Gulfstream,G450,Large,Rolls-Royce,Tay 611-8C,2
a522e4,N43XT,Gulfstream,G450,Large,Rolls-Royce,Tay 611-8C,2
a80ade,N617XT,Gulfstream,G450,Large,Rolls-Royce,Tay 611-8C,2
780a51,B-LIS,Gulfstream,G450,Large,Rolls-Royce,Tay 611-8C,2
ac8695,N906MM,Gulfstream,G450,Large,Rolls-Royce,Tay 611-8C,2
780a10,B-LWX,Gulfstream,G450,Large,Rolls-Royce,Tay 611-8C,2
a5acc5,N465GA,Gulfstream,G450,Large,Rolls-Royce,Tay 611-8C,2
a59a2e,N460FX,Gulfstream,G450,Large,Rolls-Royce,Tay 611-8C,2
ace9ae,N931DC,Gulfstream,G450,Large,Rolls-Royce,Tay 611-8C,2
ab8595,N841WS,Gulfstream,G450,Large,Rolls-Royce,Tay 611-8C,2
a9de50,N735HC,Gulfstream,G450,Large,Rolls-Royce,Tay 611-8C,2
aa7532,N773LM,Gulfstream,G450,Large,Rolls-Royce,Tay 611-8C,2
a57413,N450WC,Gulfstream,G450,Large,Rolls-Royce,Tay 611-8C,2
ac2eaa,N884WE,Gulfstream,G450,Large,Rolls-Royce,Tay 611-8C,2
a22327,N237GR,Gulfstream,G450,Large,Rolls-Royce,Tay 611-8C,2
7808f9,B-8253,Gulfstream,G450,Large,Rolls-Royce,Tay 611-8C,2
469c22,SX-GAB,Gulfstream,G450,Large,Rolls-Royce,Tay 611-8C,2
a79b1c,N59AP,Gulfstream,G450,Large,Rolls-Royce,Tay 611-8C,2
a68390,N519HC,Gulfstream,G450,Large,Rolls-Royce,Tay 611-8C,2
a4b4dc,N402JE,Gulfstream,G450,Large,Rolls-Royce,Tay 611-8C,2
ab9b54,N847RC,Gulfstream,G450,Large,Rolls-Royce,Tay 611-8C,2
a71d31,N558AP,Gulfstream,G450,Large,Rolls-Royce,Tay 611-8C,2
a364d7,N318DC,Gulfstream,G450,Large,Rolls-Royce,Tay 611-8C,2
a59de5,N461FX,Gulfstream,G450,Large,Rolls-Royce,Tay 611-8C,2
42416b,VP-CMG,Gulfstream,G450,Large,Rolls-Royce,Tay 611-8C,2
ac7bfd,N903TC,Gulfstream,G450,Large,Rolls-Royce,Tay 611-8C,2
a1c657,N213TG,Gulfstream,G450,Large,Rolls-Royce,Tay 611-8C,2
43ea61,M-ABRJ,Gulfstream,G450,Large,Rolls-Royce,Tay 611-8C,2
ac2599,N882DL,Gulfstream,G450,Large,Rolls-Royce,Tay 611-8C,2
a7e542,N608D,Gulfstream,G450,Large,Rolls-Royce,Tay 611-8C,2
ac7fc2,N904TS,Gulfstream,G450,Large,Rolls-Royce,Tay 611-8C,2
7809fe,B-8263,Gulfstream,G450,Large,Rolls-Royce,Tay 611-8C,2
ac6aa9,N9BX,Gulfstream,G450,Large,Rolls-Royce,Tay 611-8C,2
a9966f,N717DX,Gulfstream,G450,Large,Rolls-Royce,Tay 611-8C,2
780030,B-8093,Gulfstream,G450,Large,Rolls-Royce,Tay 611-8C,2
7c3cf3,VH-MBP,Gulfstream,G450,Large,Rolls-Royce,Tay 611-8C,2
a5701c,N45DP,Gulfstream,G450,Large,Rolls-Royce,Tay 611-8C,2
ac8ed7,N908VZ,Gulfstream,G450,Large,Rolls-Royce,Tay 611-8C,2
a5a19c,N462FX,Gulfstream,G450,Large,Rolls-Royce,Tay 611-8C,2
780077,B-8291,Gulfstream,G450,Large,Rolls-Royce,Tay 611-8C,2
a114c9,N169TC,Gulfstream,G450,Large,Rolls-Royce,Tay 611-8C,2
780312,B-8161,Gulfstream,G450,Large,Rolls-Royce,Tay 611-8C,2
a6a359,N527EF,Gulfstream,G450,Large,Rolls-Royce,Tay 611-8C,2
a5732a,N450LV,Gulfstream,G450,Large,Rolls-Royce,Tay 611-8C,2
a9c25f,N728MH,Gulfstream,G450,Large,Rolls-Royce,Tay 611-8C,2
a9ab4a,N722DE,Gulfstream,G450,Large,Rolls-Royce,Tay 611-8C,2
a77398,N58AJ,Gulfstream,G450,Large,Rolls-Royce,Tay 611-8C,2
aca2ed,N913MK,Gulfstream,G450,Large,Rolls-Royce,Tay 611-8C,2
a4d8dc,N411LL,Gulfstream,G450,Large,Rolls-Royce,Tay 611-8C,2
a57253,N450CE,Gulfstream,G450,Large,Rolls-Royce,Tay 611-8C,2
a61f5b,N494EC,Gulfstream,G450,Large,Rolls-Royce,Tay 611-8C,2
896242,A6-AZH,Gulfstream,G450,Large,Rolls-Royce,Tay 611-8C,2
a55e9f,N445QS,Gulfstream,G450,Large,Rolls-Royce,Tay 611-8C,2
710022,HZ-MS4C,Gulfstream,G450,Large,Rolls-Royce,Tay 611-8C,2
a98f38,N715GB,Gulfstream,G450,Large,Rolls-Royce,Tay 611-8C,2
aadf09,N8VC,Gulfstream,G450,Large,Rolls-Royce,Tay 611-8C,2
a784c4,N584A,Gulfstream,G450,Large,Rolls-Royce,Tay 611-8C,2
a0d99c,N154FV,Gulfstream,G450,Large,Rolls-Royce,Tay 611-8C,2
a0aadc,N142HQ,Gulfstream,G450,Large,Rolls-Royce,Tay 611-8C,2
ab2363,N817AF,Gulfstream,G450,Large,Rolls-Royce,Tay 611-8C,2
a13feb,N18SH,Gulfstream,G450,Large,Rolls-Royce,Tay 611-8C,2
a8da2c,N67JE,Gulfstream,G450,Large,Rolls-Royce,Tay 611-8C,2
43eaec,M-LFBB,Gulfstream,G450,Large,Rolls-Royce,Tay 611-8C,2
aa8701,N778CR,Gulfstream,G450,Large,Rolls-Royce,Tay 611-8C,2
ac225d,N881JJ,Gulfstream,G450,Large,Rolls-Royce,Tay 611-8C,2
a57281,N450EA,Gulfstream,G450,Large,Rolls-Royce,Tay 611-8C,2
a53720,N435QS,Gulfstream,G450,Large,Rolls-Royce,Tay 611-8C,2
5000e9,T7-LFZ,Gulfstream,G450,Large,Rolls-Royce,Tay 611-8C,2
a79b46,N59CF,Gulfstream,G450,Large,Rolls-Royce,Tay 611-8C,2
a48a07,N3918Y,Gulfstream,G450,Large,Rolls-Royce,Tay 611-8C,2
a572a3,N450FK,Gulfstream,G450,Large,Rolls-Royce,Tay 611-8C,2
a7ee6a,N61WS,Gulfstream,G450,Large,Rolls-Royce,Tay 611-8C,2
a950d1,N7KV,Gulfstream,G450,Large,Rolls-Royce,Tay 611-8C,2
a57a1d,N452FX,Gulfstream,G450,Large,Rolls-Royce,Tay 611-8C,2
a57710,N451NS,Gulfstream,G450,Large,Rolls-Royce,Tay 611-8C,2
a8ccd7,N666ZW,Gulfstream,G450,Large,Rolls-Royce,Tay 611-8C,2
43e81e,M-YGLK,Gulfstream,G450,Large,Rolls-Royce,Tay 611-8C,2
a95db5,N702TR,Gulfstream,G450,Large,Rolls-Royce,Tay 611-8C,2
a99719,N717LS,Gulfstream,G450,Large,Rolls-Royce,Tay 611-8C,2
a37a92,N323MK,Gulfstream,G450,Large,Rolls-Royce,Tay 611-8C,2
a59dfa,N461GT,Gulfstream,G450,Large,Rolls-Royce,Tay 611-8C,2
a9a85f,N721MJ,Gulfstream,G450,Large,Rolls-Royce,Tay 611-8C,2
a4c702,N407DW,Gulfstream,G450,Large,Rolls-Royce,Tay 611-8C,2
5000e6,T7-SAL,Gulfstream,G450,Large,Rolls-Royce,Tay 611-8C,2
a62433,N495RS,Gulfstream,G450,Large,Rolls-Royce,Tay 611-8C,2
4240f9,VQ-BGA,Gulfstream,G450,Large,Rolls-Royce,Tay 611-8C,2
0d05e3,XA-CHE,Gulfstream,G450,Large,Rolls-Royce,Tay 611-8C,2
a828ea,N625BA,Gulfstream,G450,Large,Rolls-Royce,Tay 611-8C,2
a0019f,N1SN,Gulfstream,G450,Large,Rolls-Royce,Tay 611-8C,2
a5b42f,N467FX,Gulfstream,G450,Large,Rolls-Royce,Tay 611-8C,2
45860d,OY-APM,Gulfstream,G450,Large,Rolls-Royce,Tay 611-8C,2
ac6751,N899FS,Gulfstream,G450,Large,Rolls-Royce,Tay 611-8C,2
4bad02,TC-KHB,Gulfstream,G450,Large,Rolls-Royce,Tay 611-8C,2
ab2737,N818BK,Gulfstream,G450,Large,Rolls-Royce,Tay 611-8C,2
a00d65,N102NY,Gulfstream,G450,Large,Rolls-Royce,Tay 611-8C,2
43ea41,M-MAEE,Gulfstream,G450,Large,Rolls-Royce,Tay 611-8C,2
ace355,N93AE,Gulfstream,G450,Large,Rolls-Royce,Tay 611-8C,2
a34498,N31BG,Gulfstream,G450,Large,Rolls-Royce,Tay 611-8C,2
7801db,B-KHK,Gulfstream,G450,Large,Rolls-Royce,Tay 611-8C,2
a3e2cb,N35DM,Gulfstream,G450,Large,Rolls-Royce,Tay 611-8C,2
424402,VQ-BZM,Gulfstream,G450,Large,Rolls-Royce,Tay 611-8C,2
aaab60,N787JS,Gulfstream,G450,Large,Rolls-Royce,Tay 611-8C,2
a06f3a,N127RR,Gulfstream,G450,Large,Rolls-Royce,Tay 611-8C,2
a19d30,N203AH,Gulfstream,G450,Large,Rolls-Royce,Tay 611-8C,2
a2ce17,N280BC,Gulfstream,G450,Large,Rolls-Royce,Tay 611-8C,2
a39074,N329HF,Gulfstream,G450,Large,Rolls-Royce,Tay 611-8C,2
a308dc,N295JG,Gulfstream,G450,Large,Rolls-Royce,Tay 611-8C,2
78092d,B-8257,Gulfstream,G450,Large,Rolls-Royce,Tay 611-8C,2
a009ae,N101NY,Gulfstream,G450,Large,Rolls-Royce,Tay 611-8C,2
a170c8,N192NC,Gulfstream,G450,Large,Rolls-Royce,Tay 611-8C,2
ac3ffb,N889HH,Gulfstream,G450,Large,Rolls-Royce,Tay 611-8C,2
3c5ec9,D-AGVI,Gulfstream,G450,Large,Rolls-Royce,Tay 611-8C,2
a88dbb,N650LG,Gulfstream,G450,Large,Rolls-Royce,Tay 611-8C,2
a8d261,N668EM,Gulfstream,G450,Large,Rolls-Royce,Tay 611-8C,2
e4928c,PR-CBK,Gulfstream,G450,Large,Rolls-Royce,Tay 611-8C,2
a34f0a,N312JC,Gulfstream,G450,Large,Rolls-Royce,Tay 611-8C,2
a3b548,N338TZ,Gulfstream,G450,Large,Rolls-Royce,Tay 611-8C,2
40723e,G-ULFM,Gulfstream,G450,Large,Rolls-Royce,Tay 611-8C,2
a5a553,N463FX,Gulfstream,G450,Large,Rolls-Royce,Tay 611-8C,2
a59067,N458FX,Gulfstream,G450,Large,Rolls-Royce,Tay 611-8C,2
0d0a10,XA-AVO,Gulfstream,G450,Large,Rolls-Royce,Tay 611-8C,2
a57337,N450MH,Gulfstream,G450,Large,Rolls-Royce,Tay 611-8C,2
7806cc,B-8127,Gulfstream,G450,Large,Rolls-Royce,Tay 611-8C,2
a29eac,N268WC,Gulfstream,G450,Large,Rolls-Royce,Tay 611-8C,2
43ea24,M-SOBR,Gulfstream,G450,Large,Rolls-Royce,Tay 611-8C,2
a5c289,N470QS,Gulfstream,G450,Large,Rolls-Royce,Tay 611-8C,2
a3ea3b,N351TP,Gulfstream,G450,Large,Rolls-Royce,Tay 611-8C,2
a7e18b,N607D,Gulfstream,G450,Large,Rolls-Royce,Tay 611-8C,2
acb826,N919AM,Gulfstream,G450,Large,Rolls-Royce,Tay 611-8C,2
a2a64a,N27YA,Gulfstream,G450,Large,Rolls-Royce,Tay 611-8C,2
a5f3fc,N483CM,Gulfstream,G450,Large,Rolls-Royce,Tay 611-8C,2
aaed09,N803AG,Gulfstream,G450,Large,Rolls-Royce,Tay 611-8C,2
a1ddd5,N2194,Gulfstream,G450,Large,Rolls-Royce,Tay 611-8C,2
4844b1,P4-BFL,Gulfstream,G450,Large,Rolls-Royce,Tay 611-8C,2
acb29f,N917VZ,Gulfstream,G450,Large,Rolls-Royce,Tay 611-8C,2
a038a4,N113PG,Gulfstream,G450,Large,Rolls-Royce,Tay 611-8C,2
a81e4b,N622GK,Gulfstream,G450,Large,Rolls-Royce,Tay 611-8C,2
ab34d1,N821CN,Gulfstream,G450,Large,Rolls-Royce,Tay 611-8C,2
ababac,N851GG,Gulfstream,G450,Large,Rolls-Royce,Tay 611-8C,2
aa6db8,N771L,Gulfstream,G450,Large,Rolls-Royce,Tay 611-8C,2
a05e0b,N1224G,Gulfstream,G450,Large,Rolls-Royce,Tay 611-8C,2
ac6c1c,N9ST,Gulfstream,G450,Large,Rolls-Royce,Tay 611-8C,2
a7c692,N60TC,Gulfstream,G450,Large,Rolls-Royce,Tay 611-8C,2
adc30c,N986SP,Gulfstream,G450,Large,Rolls-Royce,Tay 611-8C,2
a5738b,N450QS,Gulfstream,G450,Large,Rolls-Royce,Tay 611-8C,2
43ea2e,N48PL,Gulfstream,G450,Large,Rolls-Royce,Tay 611-8C,2
a5745b,N450Z,Gulfstream,G450,Large,Rolls-Royce,Tay 611-8C,2
ad1267,N941RS,Gulfstream,G450,Large,Rolls-Royce,Tay 611-8C,2
7103ba,HZ-SK5,Gulfstream,G450,Large,Rolls-Royce,Tay 611-8C,2
a5723c,N450BG,Gulfstream,G450,Large,Rolls-Royce,Tay 611-8C,2
a25bf4,N251HR,Gulfstream,G450,Large,Rolls-Royce,Tay 611-8C,2
aa40e0,N76TH,Gulfstream,G450,Large,Rolls-Royce,Tay 611-8C,2
484352,P4-MVP,Gulfstream,G450,Large,Rolls-Royce,Tay 611-8C,2
a41808,N363GA,Gulfstream,G450,Large,Rolls-Royce,Tay 611-8C,2
a17eaa,N196CC,Gulfstream,G450,Large,Rolls-Royce,Tay 611-8C,2
a500c5,N421QS,Gulfstream,G450,Large,Rolls-Royce,Tay 611-8C,2
a22753,N238MH,Gulfstream,G450,Large,Rolls-Royce,Tay 611-8C,2
a71308,N555LR,Gulfstream,G450,Large,Rolls-Royce,Tay 611-8C,2
ac3bdb,N888DC,Gulfstream,G450,Large,Rolls-Royce,Tay 611-8C,2
a5f808,N484FX,Gulfstream,G450,Large,Rolls-Royce,Tay 611-8C,2
a5248d,N430QS,Gulfstream,G450,Large,Rolls-Royce,Tay 611-8C,2
aa8a8e,N779AZ,Gulfstream,G450,Large,Rolls-Royce,Tay 611-8C,2
aa788b,N774GT,Gulfstream,G450,Large,Rolls-Royce,Tay 611-8C,2
a57247,N450BT,Gulfstream,G450,Large,Rolls-Royce,Tay 611-8C,2
ac2593,N882DE,Gulfstream,G450,Large,Rolls-Royce,Tay 611-8C,2
a97a4f,N71GE,Gulfstream,G450,Large,Rolls-Royce,Tay 611-8C,2
a57374,N450PU,Gulfstream,G450,Large,Rolls-Royce,Tay 611-8C,2
a5861e,N455QS,Gulfstream,G450,Large,Rolls-Royce,Tay 611-8C,2
a573a9,N450RX,Gulfstream,G450,Large,Rolls-Royce,Tay 611-8C,2
78094e,B-8250,Gulfstream,G450,Large,Rolls-Royce,Tay 611-8C,2
acb568,N918LL,Gulfstream,G450,Large,Rolls-Royce,Tay 611-8C,2
780a88,B-LAS,Gulfstream,G450,Large,Rolls-Royce,Tay 611-8C,2
aa17f8,N75CX,Gulfstream,G450,Large,Rolls-Royce,Tay 611-8C,2
ad359a,N950KT,Gulfstream,G450,Large,Rolls-Royce,Tay 611-8C,2
43ea17,M-AAMM,Gulfstream,G450,Large,Rolls-Royce,Tay 611-8C,2
894055,A9C-BHR,Gulfstream,G450,Large,Rolls-Royce,Tay 611-8C,2
a29cd0,N268BB,Gulfstream,G450,Large,Rolls-Royce,Tay 611-8C,2
a3520a,N313AV,Gulfstream,G450,Large,Rolls-Royce,Tay 611-8C,2
a7265b,N56UH,Gulfstream,G500,Large,Pratt & Whitney Canada,PW814GA,2
a02c9b,N110ED,Gulfstream,G500,Large,Pratt & Whitney Canada,PW814GA,2
a4bfcb,N405GA,Gulfstream,G500,Large,Pratt & Whitney Canada,PW814GA,2
e48f71,PR-NOC,Gulfstream,G500,Large,Pratt & Whitney Canada,PW814GA,2
43e974,M-ALAY,Gulfstream,G550,Large,Rolls-Royce,BR710,2
a000b4,N1HC,Gulfstream,G550,Large,Rolls-Royce,BR710,2
a20c6e,N231CE,Gulfstream,G550,Large,Rolls-Royce,BR710,2
a898fc,N653MK,Gulfstream,G550,Large,Rolls-Royce,BR710,2
4b18ca,HB-JKC,Gulfstream,G550,Large,Rolls-Royce,BR710,2
a64cce,N505D,Gulfstream,G550,Large,Rolls-Royce,BR710,2
ac5833,N895DA,Gulfstream,G550,Large,Rolls-Royce,BR710,2
a4188a,N363MF,Gulfstream,G550,Large,Rolls-Royce,BR710,2
a556d5,N443M,Gulfstream,G550,Large,Rolls-Royce,BR710,2
49d39d,OK-JMD,Gulfstream,G550,Large,Rolls-Royce,BR710,2
440869,OE-LCY,Gulfstream,G550,Large,Rolls-Royce,BR710,2
0d056c,XA-ALC,Gulfstream,G550,Large,Rolls-Royce,BR710,2
a3a209,N333MB,Gulfstream,G550,Large,Rolls-Royce,BR710,2
ac7e9e,N904G,Gulfstream,G550,Large,Rolls-Royce,BR710,2
ab28b5,N818SS,Gulfstream,G550,Large,Rolls-Royce,BR710,2
a5d3c9,N475BC,Gulfstream,G550,Large,Rolls-Royce,BR710,2
ac3ce8,N888PX,Gulfstream,G550,Large,Rolls-Royce,BR710,2
ab5641,N83CP,Gulfstream,G550,Large,Rolls-Royce,BR710,2
a6bc3c,N533GV,Gulfstream,G550,Large,Rolls-Royce,BR710,2
49116a,CS-DKJ,Gulfstream,G550,Large,Rolls-Royce,BR710,2
3004c7,I-ADVD,Gulfstream,G550,Large,Rolls-Royce,BR710,2
ab19bf,N814RR,Gulfstream,G550,Large,Rolls-Royce,BR710,2
a3bbb5,N34HS,Gulfstream,G550,Large,Rolls-Royce,BR710,2
a32852,N302SB,Gulfstream,G550,Large,Rolls-Royce,BR710,2
ab0141,N808TC,Gulfstream,G550,Large,Rolls-Royce,BR710,2
4850bb,P4-GVV,Gulfstream,G550,Large,Rolls-Royce,BR710,2
ace9e8,N931FL,Gulfstream,G550,Large,Rolls-Royce,BR710,2
a029ea,N11AR,Gulfstream,G550,Large,Rolls-Royce,BR710,2
ac667c,N8988,Gulfstream,G550,Large,Rolls-Royce,BR710,2
4bd283,TC-TTC,Gulfstream,G550,Large,Rolls-Royce,BR710,2
a71770,N556TT,Gulfstream,G550,Large,Rolls-Royce,BR710,2
a21fe6,N236MJ,Gulfstream,G550,Large,Rolls-Royce,BR710,2
ac9166,N909JC,Gulfstream,G550,Large,Rolls-Royce,BR710,2
a8fe4b,N679MS,Gulfstream,G550,Large,Rolls-Royce,BR710,2
a07214,N128GV,Gulfstream,G550,Large,Rolls-Royce,BR710,2
a432a5,N37NG,Gulfstream,G550,Large,Rolls-Royce,BR710,2
a6dff4,N542GD,Gulfstream,G550,Large,Rolls-Royce,BR710,2
1427db,RA-10203,Gulfstream,G550,Large,Rolls-Royce,BR710,2
a4e7b9,N415LM,Gulfstream,G550,Large,Rolls-Royce,BR710,2
406a36,G-ZNSF,Gulfstream,G550,Large,Rolls-Royce,BR710,2
a6ff8b,N550BG,Gulfstream,G550,Large,Rolls-Royce,BR710,2
a4c85b,N407TR,Gulfstream,G550,Large,Rolls-Royce,BR710,2
a1ec26,N223A,Gulfstream,G550,Large,Rolls-Royce,BR710,2
a74dda,N57UH,Gulfstream,G550,Large,Rolls-Royce,BR710,2
a69c68,N525KF,Gulfstream,G550,Large,Rolls-Royce,BR710,2
a066dc,N125GA,Gulfstream,G550,Large,Rolls-Royce,BR710,2
aacad8,N795CP,Gulfstream,G550,Large,Rolls-Royce,BR710,2
780bc1,B-8292,Gulfstream,G550,Large,Rolls-Royce,BR710,2
a7fbdd,N613WF,Gulfstream,G550,Large,Rolls-Royce,BR710,2
a2a270,N269WR,Gulfstream,G550,Large,Rolls-Royce,BR710,2
aa90ea,N780E,Gulfstream,G550,Large,Rolls-Royce,BR710,2
42491d,VQ-BLA,Gulfstream,G550,Large,Rolls-Royce,BR710,2
a70801,N552MW,Gulfstream,G550,Large,Rolls-Royce,BR710,2
a00037,N1CC,Gulfstream,G550,Large,Rolls-Royce,BR710,2
a16629,N19DM,Gulfstream,G550,Large,Rolls-Royce,BR710,2
a700bb,N550PL,Gulfstream,G550,Large,Rolls-Royce,BR710,2
ae5f07,02,Gulfstream,G550,Large,Rolls-Royce,BR710,2
a6ff7e,N550AU,Gulfstream,G550,Large,Rolls-Royce,BR710,2
ab5714,N83M,Gulfstream,G550,Large,Rolls-Royce,BR710,2
0d054f,XA-BUA,Gulfstream,G550,Large,Rolls-Royce,BR710,2
4ac96c,SE-RKL,Gulfstream,G550,Large,Rolls-Royce,BR710,2
342587,EC-KBR,Gulfstream,G550,Large,Rolls-Royce,BR710,2
a2dd0c,N284CC,Gulfstream,G550,Large,Rolls-Royce,BR710,2
a3fd20,N356WW,Gulfstream,G550,Large,Rolls-Royce,BR710,2
300635,I-DELO,Gulfstream,G550,Large,Rolls-Royce,BR710,2
a4a4bb,N399FF,Gulfstream,G550,Large,Rolls-Royce,BR710,2
a76193,N575GA,Gulfstream,G550,Large,Rolls-Royce,BR710,2
ac145b,N878DB,Gulfstream,G550,Large,Rolls-Royce,BR710,2
a9c1ab,N728EC,Gulfstream,G550,Large,Rolls-Royce,BR710,2
a1c348,N2120,Gulfstream,G550,Large,Rolls-Royce,BR710,2
a81b88,N621SD,Gulfstream,G550,Large,Rolls-Royce,BR710,2
78023f,B-KCK,Gulfstream,G550,Large,Rolls-Royce,BR710,2
ac6f37,N900AL,Gulfstream,G550,Large,Rolls-Royce,BR710,2
491166,CS-DKF,Gulfstream,G550,Large,Rolls-Royce,BR710,2
a63e49,N501GM,Gulfstream,G550,Large,Rolls-Royce,BR710,2
600806,4K-AI06,Gulfstream,G550,Large,Rolls-Royce,BR710,2
42413c,VP-CHI,Gulfstream,G550,Large,Rolls-Royce,BR710,2
aab853,N790DC,Gulfstream,G550,Large,Rolls-Royce,BR710,2
a2a127,N269HM,Gulfstream,G550,Large,Rolls-Royce,BR710,2
a2da6d,N283PH,Gulfstream,G550,Large,Rolls-Royce,BR710,2
a24a70,N247EM,Gulfstream,G550,Large,Rolls-Royce,BR710,2
0d070b,XA-WOW,Gulfstream,G550,Large,Rolls-Royce,BR710,2
a78cc8,N586G,Gulfstream,G550,Large,Rolls-Royce,BR710,2
a6a6b4,N528AP,Gulfstream,G550,Large,Rolls-Royce,BR710,2
a06abb,N126HR,Gulfstream,G550,Large,Rolls-Royce,BR710,2
a2089d,N230BD,Gulfstream,G550,Large,Rolls-Royce,BR710,2
43e862,M-HOTB,Gulfstream,G550,Large,Rolls-Royce,BR710,2
78099d,B-8268,Gulfstream,G550,Large,Rolls-Royce,BR710,2
a662de,N510QS,Gulfstream,G550,Large,Rolls-Royce,BR710,2
780fbe,B-3988,Gulfstream,G550,Large,Rolls-Royce,BR710,2
aba5d3,N85JM,Gulfstream,G550,Large,Rolls-Royce,BR710,2
a9d580,N7325,Gulfstream,G550,Large,Rolls-Royce,BR710,2
ac3c8b,N888LD,Gulfstream,G550,Large,Rolls-Royce,BR710,2
a9802f,N711EG,Gulfstream,G550,Large,Rolls-Royce,BR710,2
a3c53f,N342FF,Gulfstream,G550,Large,Rolls-Royce,BR710,2
abe2e1,N865R,Gulfstream,G550,Large,Rolls-Royce,BR710,2
a63927,N50S,Gulfstream,G550,Large,Rolls-Royce,BR710,2
a18765,N198RL,Gulfstream,G550,Large,Rolls-Royce,BR710,2
aad246,N797CP,Gulfstream,G550,Large,Rolls-Royce,BR710,2
a73dcb,N566GA,Gulfstream,G550,Large,Rolls-Royce,BR710,2
aa9178,N780KS,Gulfstream,G550,Large,Rolls-Royce,BR710,2
a47905,N388AC,Gulfstream,G550,Large,Rolls-Royce,BR710,2
038615,TU-VAE,Gulfstream,G550,Large,Rolls-Royce,BR710,2
abba81,N855G,Gulfstream,G550,Large,Rolls-Royce,BR710,2
ac28fa,N883A,Gulfstream,G550,Large,Rolls-Royce,BR710,2
a079a0,N13J,Gulfstream,G550,Large,Rolls-Royce,BR710,2
a13e79,N18BN,Gulfstream,G550,Large,Rolls-Royce,BR710,2
a9bf3b,N727TE,Gulfstream,G550,Large,Rolls-Royce,BR710,2
add3d1,N990NB,Gulfstream,G550,Large,Rolls-Royce,BR710,2
a0046f,N10XG,Gulfstream,G550,Large,Rolls-Royce,BR710,2
a701ac,N550ZB,Gulfstream,G550,Large,Rolls-Royce,BR710,2
406c60,G-LSCW,Gulfstream,G550,Large,Rolls-Royce,BR710,2
a82286,N623MS,Gulfstream,G550,Large,Rolls-Royce,BR710,2
a8053b,N616CA,Gulfstream,G550,Large,Rolls-Royce,BR710,2
440652,OE-ISN,Gulfstream,G550,Large,Rolls-Royce,BR710,2
a651cb,N506SA,Gulfstream,G550,Large,Rolls-Royce,BR710,2
0d02f1,XA-ATL,Gulfstream,G550,Large,Rolls-Royce,BR710,2
a63ab8,N500J,Gulfstream,G550,Large,Rolls-Royce,BR710,2
a57090,N45JE,Gulfstream,G550,Large,Rolls-Royce,BR710,2
a3343d,N3050,Gulfstream,G550,Large,Rolls-Royce,BR710,2
ad60ab,N961JF,Gulfstream,G550,Large,Rolls-Royce,BR710,2
a6372a,N5VS,Gulfstream,G550,Large,Rolls-Royce,BR710,2
a6b103,N530G,Gulfstream,G550,Large,Rolls-Royce,BR710,2
469d4a,SX-GJJ,Gulfstream,G550,Large,Rolls-Royce,BR710,2
8007e9,VT-CPA,Gulfstream,G550,Large,Rolls-Royce,BR710,2
a3c883,N343AR,Gulfstream,G550,Large,Rolls-Royce,BR710,2
491168,CS-DKH,Gulfstream,G550,Large,Rolls-Royce,BR710,2
aa64f0,N769WE,Gulfstream,G550,Large,Rolls-Royce,BR710,2
a70789,N552HA,Gulfstream,G550,Large,Rolls-Royce,BR710,2
a68d4f,N521GV,Gulfstream,G550,Large,Rolls-Royce,BR710,2
a40d4c,N360LF,Gulfstream,G550,Large,Rolls-Royce,BR710,2
a9cb70,N730EA,Gulfstream,G550,Large,Rolls-Royce,BR710,2
aacc36,N795SP,Gulfstream,G550,Large,Rolls-Royce,BR710,2
4001ca,VP-CVT,Gulfstream,G550,Large,Rolls-Royce,BR710,2
ab92a0,N845CB,Gulfstream,G550,Large,Rolls-Royce,BR710,2
a0be47,N147SF,Gulfstream,G550,Large,Rolls-Royce,BR710,2
a3c553,N342GA,Gulfstream,G550,Large,Rolls-Royce,BR710,2
a8e7fc,N673MM,Gulfstream,G550,Large,Rolls-Royce,BR710,2
882e09,HS-KPI,Gulfstream,G550,Large,Rolls-Royce,BR710,2
7101f2,HZ-ARK,Gulfstream,G550,Large,Rolls-Royce,BR710,2
a37e0d,N324K,Gulfstream,G550,Large,Rolls-Royce,BR710,2
a34fbd,N312RG,Gulfstream,G550,Large,Rolls-Royce,BR710,2
abf694,N870CM,Gulfstream,G550,Large,Rolls-Royce,BR710,2
a3cdb2,N344RS,Gulfstream,G550,Large,Rolls-Royce,BR710,2
4a822a,102005,Gulfstream,G550,Large,Rolls-Royce,BR710,2
a92123,N688CB,Gulfstream,G550,Large,Rolls-Royce,BR710,2
7809c4,B-8269,Gulfstream,G550,Large,Rolls-Royce,BR710,2
4406e9,OE-IZI,Gulfstream,G550,Large,Rolls-Royce,BR710,2
adf497,N999FH,Gulfstream,G550,Large,Rolls-Royce,BR710,2
aae952,N802AG,Gulfstream,G550,Large,Rolls-Royce,BR710,2
a67d2e,N517TW,Gulfstream,G550,Large,Rolls-Royce,BR710,2
78023b,B-KGP,Gulfstream,G550,Large,Rolls-Royce,BR710,2
424086,VP-BBO,Gulfstream,G550,Large,Rolls-Royce,BR710,2
a5a226,N462MK,Gulfstream,G550,Large,Rolls-Royce,BR710,2
491165,CS-DKE,Gulfstream,G550,Large,Rolls-Royce,BR710,2
c05613,C-GGPM,Gulfstream,G550,Large,Rolls-Royce,BR710,2
a54eed,N441GC,Gulfstream,G550,Large,Rolls-Royce,BR710,2
06804e,5X-UGF,Gulfstream,G550,Large,Rolls-Royce,BR710,2
500091,T7-ARG,Gulfstream,G550,Large,Rolls-Royce,BR710,2
a68e37,N521SB,Gulfstream,G550,Large,Rolls-Royce,BR710,2
a25bdf,N251GV,Gulfstream,G550,Large,Rolls-Royce,BR710,2
a7855b,N584GA,Gulfstream,G550,Large,Rolls-Royce,BR710,2
a8f213,N676AS,Gulfstream,G550,Large,Rolls-Royce,BR710,2
43eac2,M-RZDC,Gulfstream,G550,Large,Rolls-Royce,BR710,2
a0998a,N138GL,Gulfstream,G550,Large,Rolls-Royce,BR710,2
aa2e7c,N755VE,Gulfstream,G550,Large,Rolls-Royce,BR710,2
a70b40,N553HA,Gulfstream,G550,Large,Rolls-Royce,BR710,2
a76901,N577GA,Gulfstream,G550,Large,Rolls-Royce,BR710,2
a35ef7,N316VA,Gulfstream,G550,Large,Rolls-Royce,BR710,2
a1c1bd,N212JE,Gulfstream,G550,Large,Rolls-Royce,BR710,2
a3b812,N339JM,Gulfstream,G550,Large,Rolls-Royce,BR710,2
a63881,N50KJ,Gulfstream,G550,Large,Rolls-Royce,BR710,2
7808d8,B-8260,Gulfstream,G550,Large,Rolls-Royce,BR710,2
424759,VP-CEM,Gulfstream,G550,Large,Rolls-Royce,BR710,2
a9c9c5,N73M,Gulfstream,G550,Large,Rolls-Royce,BR710,2
a4346f,N370GP,Gulfstream,G550,Large,Rolls-Royce,BR710,2
a2c983,N279SH,Gulfstream,G550,Large,Rolls-Royce,BR710,2
43e7fa,M-IPHS,Gulfstream,G550,Large,Rolls-Royce,BR710,2
a9f221,N74VW,Gulfstream,G550,Large,Rolls-Royce,BR710,2
780a1a,B-HVP,Gulfstream,G550,Large,Rolls-Royce,BR710,2
a7006f,N550LK,Gulfstream,G550,Large,Rolls-Royce,BR710,2
a65dfd,N5092,Gulfstream,G550,Large,Rolls-Royce,BR710,2
adcd5e,N989JC,Gulfstream,G550,Large,Rolls-Royce,BR710,2
780837,B-8152,Gulfstream,G550,Large,Rolls-Royce,BR710,2
a70002,N550GA,Gulfstream,G550,Large,Rolls-Royce,BR710,2
c0623d,C-GLFG,Gulfstream,G550,Large,Rolls-Royce,BR710,2
e48cbd,PR-GMV,Gulfstream,G550,Large,Rolls-Royce,BR710,2
a3a150,N333DS,Gulfstream,G550,Large,Rolls-Royce,BR710,2
780979,B-8259,Gulfstream,G550,Large,Rolls-Royce,BR710,2
7c4caf,VH-PFL,Gulfstream,G550,Large,Rolls-Royce,BR710,2
a6ff6a,N550,Gulfstream,G550,Large,Rolls-Royce,BR710,2
a697cd,N524AC,Gulfstream,G550,Large,Rolls-Royce,BR710,2
ab9e5a,N848JA,Gulfstream,G550,Large,Rolls-Royce,BR710,2
4bad07,TC-KHG,Gulfstream,G550,Large,Rolls-Royce,BR710,2
a22318,N237GA,Gulfstream,G550,Large,Rolls-Royce,BR710,2
a13e8e,N18CJ,Gulfstream,G550,Large,Rolls-Royce,BR710,2
780b4d,B-8275,Gulfstream,G550,Large,Rolls-Royce,BR710,2
a33df2,N308KG,Gulfstream,G550,Large,Rolls-Royce,BR710,2
a02fe9,N111,Gulfstream,G550,Large,Rolls-Royce,BR710,2
a5cca6,N473EC,Gulfstream,G550,Large,Rolls-Royce,BR710,2
780926,B-8255,Gulfstream,G550,Large,Rolls-Royce,BR710,2
a6ff76,N550AL,Gulfstream,G550,Large,Rolls-Royce,BR710,2
a1b8ee,N21UC,Gulfstream,G550,Large,Rolls-Royce,BR710,2
49116b,CS-DKK,Gulfstream,G550,Large,Rolls-Royce,BR710,2
34230d,EC-JPK,Gulfstream,G550,Large,Rolls-Royce,BR710,2
43e793,M-ONEM,Gulfstream,G550,Large,Rolls-Royce,BR710,2
a6ffef,N550FG,Gulfstream,G550,Large,Rolls-Royce,BR710,2
49d306,OK-KKF,Gulfstream,G550,Large,Rolls-Royce,BR710,2
ac221a,N881FS,Gulfstream,G550,Large,Rolls-Royce,BR710,2
43e8e2,M-ATPS,Gulfstream,G550,Large,Rolls-Royce,BR710,2
a00007,N1AE,Gulfstream,G550,Large,Rolls-Royce,BR710,2
a13fe3,N18S,Gulfstream,G550,Large,Rolls-Royce,BR710,2
a50fe7,N425TM,Gulfstream,G550,Large,Rolls-Royce,BR710,2
ab74a8,N837ZP,Gulfstream,G550,Large,Rolls-Royce,BR710,2
491164,CS-DKD,Gulfstream,G550,Large,Rolls-Royce,BR710,2
a588fd,N456GA,Gulfstream,G550,Large,Rolls-Royce,BR710,2
a16f21,N1916W,Gulfstream,G550,Large,Rolls-Royce,BR710,2
ac45a0,N890DA,Gulfstream,G550,Large,Rolls-Royce,BR710,2
a635e8,N5GV,Gulfstream,G550,Large,Rolls-Royce,BR710,2
a3b849,N339LS,Gulfstream,G550,Large,Rolls-Royce,BR710,2
4065a6,G-GRZD,Gulfstream,G550,Large,Rolls-Royce,BR710,2
a3007b,N2929,Gulfstream,G550,Large,Rolls-Royce,BR710,2
a7a1b5,N591GA,Gulfstream,G550,Large,Rolls-Royce,BR710,2
a12f56,N1759C,Gulfstream,G550,Large,Rolls-Royce,BR710,2
ac3cca,N888NS,Gulfstream,G550,Large,Rolls-Royce,BR710,2
710254,HZ-SK6,Gulfstream,G550,Large,Rolls-Royce,BR710,2
a64e24,N505SS,Gulfstream,G550,Large,Rolls-Royce,BR710,2
aa6d98,N771JT,Gulfstream,G550,Large,Rolls-Royce,BR710,2
a39e5c,N332MM,Gulfstream,G550,Large,Rolls-Royce,BR710,2
4ac899,SE-RDY,Gulfstream,G550,Large,Rolls-Royce,BR710,2
a75ddc,N574GA,Gulfstream,G550,Large,Rolls-Royce,BR710,2
a00187,N1RP,Gulfstream,G550,Large,Rolls-Royce,BR710,2
aa8537,N777YJ,Gulfstream,G550,Large,Rolls-Royce,BR710,2
a7e186,N607CV,Gulfstream,G550,Large,Rolls-Royce,BR710,2
8005b9,VT-BRS,Gulfstream,G550,Large,Rolls-Royce,BR710,2
aaeeb7,N803TM,Gulfstream,G550,Large,Rolls-Royce,BR710,2
a6ffc6,N550DR,Gulfstream,G550,Large,Rolls-Royce,BR710,2
a0463f,N117AL,Gulfstream,G550,Large,Rolls-Royce,BR710,2
abc1f0,N857GA,Gulfstream,G550,Large,Rolls-Royce,BR710,2
a789fe,N585RM,Gulfstream,G550,Large,Rolls-Royce,BR710,2
ab0398,N809DA,Gulfstream,G550,Large,Rolls-Royce,BR710,2
a79403,N588DZ,Gulfstream,G550,Large,Rolls-Royce,BR710,2
e489d8,PR-CIP,Gulfstream,G550,Large,Rolls-Royce,BR710,2
aa90c8,N780CR,Gulfstream,G550,Large,Rolls-Royce,BR710,2
a71dbd,N558GD,Gulfstream,G550,Large,Rolls-Royce,BR710,2
48d961,0002,Gulfstream,G550,Large,Rolls-Royce,BR710,2
a74575,N568JL,Gulfstream,G550,Large,Rolls-Royce,BR710,2
43e7c1,M-SAAJ,Gulfstream,G550,Large,Rolls-Royce,BR710,2
a779ea,N581D,Gulfstream,G550,Large,Rolls-Royce,BR710,2
70c0b4,A4O-AE,Gulfstream,G550,Large,Rolls-Royce,BR710,2
a708e6,N552X,Gulfstream,G550,Large,Rolls-Royce,BR710,2
a8551f,N636MF,Gulfstream,G550,Large,Rolls-Royce,BR710,2
a6ff7f,N550AV,Gulfstream,G550,Large,Rolls-Royce,BR710,2
ad34fe,N950DM,Gulfstream,G550,Large,Rolls-Royce,BR710,2
a31b9b,N3LA,Gulfstream,G550,Large,Rolls-Royce,BR710,2
424917,VQ-BGN,Gulfstream,G550,Large,Rolls-Royce,BR710,2
7807a7,B-8137,Gulfstream,G550,Large,Rolls-Royce,BR710,2
aab6c0,N79MA,Gulfstream,G550,Large,Rolls-Royce,BR710,2
491167,CS-DKG,Gulfstream,G550,Large,Rolls-Royce,BR710,2
ab27cd,N818HK,Gulfstream,G550,Large,Rolls-Royce,BR710,2
aac36a,N793CP,Gulfstream,G550,Large,Rolls-Royce,BR710,2
ac6fa1,N900ES,Gulfstream,G550,Large,Rolls-Royce,BR710,2
ac74f0,N901X,Gulfstream,G550,Large,Rolls-Royce,BR710,2
a36e3b,N32ZE,Gulfstream,G550,Large,Rolls-Royce,BR710,2
ac310a,N885GM,Gulfstream,G550,Large,Rolls-Royce,BR710,2
400199,VP-BNE,Gulfstream,G550,Large,Rolls-Royce,BR710,2
a7082a,N552PM,Gulfstream,G550,Large,Rolls-Royce,BR710,2
a3a967,N335LL,Gulfstream,G550,Large,Rolls-Royce,BR710,2
a7365d,N564GA,Gulfstream,G550,Large,Rolls-Royce,BR710,2
3c5ec1,D-AGVA,Gulfstream,G550,Large,Rolls-Royce,BR710,2
a1109b,N168NJ,Gulfstream,G550,Large,Rolls-Royce,BR710,2
a71948,N5569,Gulfstream,G550,Large,Rolls-Royce,BR710,2
a70014,N550GU,Gulfstream,G550,Large,Rolls-Royce,BR710,2
a70156,N550VR,Gulfstream,G550,Large,Rolls-Royce,BR710,2
a64304,N502SX,Gulfstream,G550,Large,Rolls-Royce,BR710,2
aa1935,N75RP,Gulfstream,G550,Large,Rolls-Royce,BR710,2
a7654a,N576GA,Gulfstream,G550,Large,Rolls-Royce,BR710,2
780c5a,B-8302,Gulfstream,G550,Large,Rolls-Royce,BR710,2
a6c3aa,N535GV,Gulfstream,G550,Large,Rolls-Royce,BR710,2
ab3bc6,N8228N,Gulfstream,G550,Large,Rolls-Royce,BR710,2
780242,B-LSM,Gulfstream,G550,Large,Rolls-Royce,BR710,2
a184d7,N1972N,Gulfstream,G550,Large,Rolls-Royce,BR710,2
a699aa,N524VE,Gulfstream,G550,Large,Rolls-Royce,BR710,2
ab0f6b,N8110,Gulfstream,G550,Large,Rolls-Royce,BR710,2
acc3d8,N921WC,Gulfstream,G550,Large,Rolls-Royce,BR710,2
4247ac,VP-CMD,Gulfstream,G550,Large,Rolls-Royce,BR710,2
49d04e,OK-VPI,Gulfstream,G550,Large,Rolls-Royce,BR710,2
a2717f,N257A,Gulfstream,G550,Large,Rolls-Royce,BR710,2
a70007,N550GF,Gulfstream,G550,Large,Rolls-Royce,BR710,2
a0b65d,N145MG,Gulfstream,G550,Large,Rolls-Royce,BR710,2
a7da0c,N605CH,Gulfstream,G550,Large,Rolls-Royce,BR710,2
ad3152,N94924,Gulfstream,G550,Large,Rolls-Royce,BR710,2
a32a94,N303BD,Gulfstream,G550,Large,Rolls-Royce,BR710,2
a703d2,N551HA,Gulfstream,G550,Large,Rolls-Royce,BR710,2
a88b4d,N65KL,Gulfstream,G550,Large,Rolls-Royce,BR710,2
aadf88,N80AD,Gulfstream,G550,Large,Rolls-Royce,BR710,2
40007f,VP-CVK,Gulfstream,G550,Large,Rolls-Royce,BR710,2
a72784,N560GD,Gulfstream,G550,Large,Rolls-Royce,BR710,2
780956,B-8258,Gulfstream,G550,Large,Rolls-Royce,BR710,2
4b822d,09-001,Gulfstream,G550,Large,Rolls-Royce,BR710,2
a9a83d,N721L,Gulfstream,G550,Large,Rolls-Royce,BR710,2
aa17e5,N75CC,Gulfstream,G550,Large,Rolls-Royce,BR710,2
a648cf,N504AC,Gulfstream,G550,Large,Rolls-Royce,BR710,2
a9a8c2,N721RH,Gulfstream,G550,Large,Rolls-Royce,BR710,2
a00386,N10MZ,Gulfstream,G550,Large,Rolls-Royce,BR710,2
48d960,0001,Gulfstream,G550,Large,Rolls-Royce,BR710,2
4241c7,VP-CTE,Gulfstream,G550,Large,Rolls-Royce,BR710,2
a67bd0,N517DW,Gulfstream,G550,Large,Rolls-Royce,BR710,2
780d3c,B-8309,Gulfstream,G550,Large,Rolls-Royce,BR710,2
a56657,N447TR,Gulfstream,G550,Large,Rolls-Royce,BR710,2
acb659,N918WB,Gulfstream,G550,Large,Rolls-Royce,BR710,2
a368ce,N319FS,Gulfstream,G550,Large,Rolls-Royce,BR710,2
abe53c,N866BB,Gulfstream,G550,Large,Rolls-Royce,BR710,2
3c5265,D-ADSE,Gulfstream,G550,Large,Rolls-Royce,BR710,2
aa9103,N780F,Gulfstream,G550,Large,Rolls-Royce,BR710,2
a2813c,N260Z,Gulfstream,G550,Large,Rolls-Royce,BR710,2
a3b492,N338LS,Gulfstream,G550,Large,Rolls-Royce,BR710,2
491169,CS-DKI,Gulfstream,G550,Large,Rolls-Royce,BR710,2
a3ad24,N336LS,Gulfstream,G550,Large,Rolls-Royce,BR710,2
a175fc,N1932P,Gulfstream,G550,Large,Rolls-Royce,BR710,2
a7624b,N575PK,Gulfstream,G550,Large,Rolls-Royce,BR710,2
780715,B-8168,Gulfstream,G550,Large,Rolls-Royce,BR710,2
a2444d,N245TT,Gulfstream,G550,Large,Rolls-Royce,BR710,2
ac909f,N909AD,Gulfstream,G550,Large,Rolls-Royce,BR710,2
44054e,OE-IZM,Gulfstream,G550,Large,Rolls-Royce,BR710,2
a3e31a,N35GR,Gulfstream,G550,Large,Rolls-Royce,BR710,2
a006d2,N100XS,Gulfstream,G550,Large,Rolls-Royce,BR710,2
a732a6,N563GA,Gulfstream,G550,Large,Rolls-Royce,BR710,2
a97316,N708JH,Gulfstream,G550,Large,Rolls-Royce,BR710,2
a73a51,N565JM,Gulfstream,G550,Large,Rolls-Royce,BR710,2
a878d0,N645LH,Gulfstream,G550,Large,Rolls-Royce,BR710,2
adf4d9,N999HZ,Gulfstream,G550,Large,Rolls-Royce,BR710,2
acf17d,N933H,Gulfstream,G550,Large,Rolls-Royce,BR710,2
780b29,B-8272,Gulfstream,G550,Large,Rolls-Royce,BR710,2
a6e762,N544GD,Gulfstream,G550,Large,Rolls-Royce,BR710,2
adf0d9,N998FA,Gulfstream,G550,Large,Rolls-Royce,BR710,2
ac2e48,N884SG,Gulfstream,G550,Large,Rolls-Royce,BR710,2
ad2f1a,N949FF,Gulfstream,G550,Large,Rolls-Royce,BR710,2
a018e9,N105ST,Gulfstream,G550,Large,Rolls-Royce,BR710,2
43ea79,M-MNDG,Gulfstream,G550,Large,Rolls-Royce,BR710,2
896495,A6-YMA,Gulfstream,G550,Large,Rolls-Royce,BR710,2
aa66ee,N77CP,Gulfstream,G550,Large,Rolls-Royce,BR710,2
a4c02f,N405LA,Gulfstream,G550,Large,Rolls-Royce,BR710,2
a6d2b5,N539JS,Gulfstream,G550,Large,Rolls-Royce,BR710,2
a9a82d,N721KJ,Gulfstream,G550,Large,Rolls-Royce,BR710,2
a34892,N310TZ,Gulfstream,G550,Large,Rolls-Royce,BR710,2
ac4068,N889MS,Gulfstream,G550,Large,Rolls-Royce,BR710,2
a214b1,N233LT,Gulfstream,G550,Large,Rolls-Royce,BR710,2
70c0b3,A4O-AD,Gulfstream,G550,Large,Rolls-Royce,BR710,2
a94d16,N699KR,Gulfstream,G550,Large,Rolls-Royce,BR710,2
a25f4b,N252DV,Gulfstream,G550,Large,Rolls-Royce,BR710,2
a8672f,N640W,Gulfstream,G550,Large,Rolls-Royce,BR710,2
440674,OE-LPN,Gulfstream,G550,Large,Rolls-Royce,BR710,2
400104,VP-BJD,Gulfstream,G550,Large,Rolls-Royce,BR710,2
a2e1db,N285PH,Gulfstream,G550,Large,Rolls-Royce,BR710,2
3c0b6d,D-ATIM,Gulfstream,G550,Large,Rolls-Royce,BR710,2
a70174,N550WW,Gulfstream,G550,Large,Rolls-Royce,BR710,2
aae749,N801TM,Gulfstream,G550,Large,Rolls-Royce,BR710,2
a6d883,N540GA,Gulfstream,G550,Large,Rolls-Royce,BR710,2
a70508,N551VL,Gulfstream,G550,Large,Rolls-Royce,BR710,2
424090,VP-BLW,Gulfstream,G550,Large,Rolls-Royce,BR710,2
ab5901,N830GS,Gulfstream,G550,Large,Rolls-Royce,BR710,2
a72171,N559GA,Gulfstream,G550,Large,Rolls-Royce,BR710,2
a71a06,N557GD,Gulfstream,G550,Large,Rolls-Royce,BR710,2
ac38f5,N887MM,Gulfstream,G550,Large,Rolls-Royce,BR710,2
ac7a62,N903AS,Gulfstream,G550,Large,Rolls-Royce,BR710,2
a45a24,N38NG,Gulfstream,G550,Large,Rolls-Royce,BR710,2
43e7a4,M-VRNY,Gulfstream,G550,Large,Rolls-Royce,BR710,2
a2a533,N27LX,Gulfstream,G550,Large,Rolls-Royce,BR710,2
ac7ee7,N904JY,Gulfstream,G550,Large,Rolls-Royce,BR710,2
a7bf85,N599H,Gulfstream,G550,Large,Rolls-Royce,BR710,2
a5d041,N474D,Gulfstream,G550,Large,Rolls-Royce,BR710,2
1427da,RA-10202,Gulfstream,G550,Large,Rolls-Royce,BR710,2
a75a28,N573GD,Gulfstream,G550,Large,Rolls-Royce,BR710,2
ac3dab,N888XS,Gulfstream,G550,Large,Rolls-Royce,BR710,2
ac3d79,N888VS,Gulfstream,G550,Large,Rolls-Royce,BR710,2
a76cb8,N578GA,Gulfstream,G550,Large,Rolls-Royce,BR710,2
a704d2,N551TG,Gulfstream,G550,Large,Rolls-Royce,BR710,2
a7c80b,N600JD,Gulfstream,G550,Large,Rolls-Royce,BR710,2
780bba,B-8306,Gulfstream,G550,Large,Rolls-Royce,BR710,2
a0030a,N10H,Gulfstream,G550,Large,Rolls-Royce,BR710,2
a8170b,N620JF,Gulfstream,G550,Large,Rolls-Royce,BR710,2
780a30,B-LDL,Gulfstream,G550,Large,Rolls-Royce,BR710,2
a35ae2,N315RG,Gulfstream,G550,Large,Rolls-Royce,BR710,2
43e9a7,M-SAWO,Gulfstream,G550,Large,Rolls-Royce,BR710,2
a18247,N197BB,Gulfstream,G550,Large,Rolls-Royce,BR710,2
424775,VP-CLK,Gulfstream,G550,Large,Rolls-Royce,BR710,2
a7e534,N608CL,Gulfstream,G550,Large,Rolls-Royce,BR710,2
a562c9,N446VG,Gulfstream,G550,Large,Rolls-Royce,BR710,2
a8dd3f,N670RR,Gulfstream,G550,Large,Rolls-Royce,BR710,2
a31f52,N300A,Gulfstream,G550,Large,Rolls-Royce,BR710,2
a80689,N616RK,Gulfstream,G550,Large,Rolls-Royce,BR710,2
aa6011,N768JJ,Gulfstream,G550,Large,Rolls-Royce,BR710,2
a4c742,N407GK,Gulfstream,G550,Large,Rolls-Royce,BR710,2
a7566e,N572GA,Gulfstream,G550,Large,Rolls-Royce,BR710,2
7806ba,B-8157,Gulfstream,G550,Large,Rolls-Royce,BR710,2
a4d318,N41PM,Gulfstream,G550,Large,Rolls-Royce,BR710,2
a6a386,N527GA,Gulfstream,G550,Large,Rolls-Royce,BR710,2
ad0ee3,N940TT,Gulfstream,G550,Large,Rolls-Royce,BR710,2
aa1b0a,N750LG,Gulfstream,G550,Large,Rolls-Royce,BR710,2
a000fd,N1LA,Gulfstream,G550,Large,Rolls-Royce,BR710,2
48412b,P4-BFY,Gulfstream,G550,Large,Rolls-Royce,BR710,2
3c0f31,D-AUTO,Gulfstream,G550,Large,Rolls-Royce,BR710,2
a181ce,N1967M,Gulfstream,G550,Large,Rolls-Royce,BR710,2
a5767d,N451GV,Gulfstream,G550,Large,Rolls-Royce,BR710,2
acdd17,N928NJ,Gulfstream,G550,Large,Rolls-Royce,BR710,2
a155df,N1852B,Gulfstream,G550,Large,Rolls-Royce,BR710,2
aa691c,N770AW,Gulfstream,G550,Large,Rolls-Royce,BR710,2
aac444,N793MG,Gulfstream,G550,Large,Rolls-Royce,BR710,2
71c200,HL8200,Gulfstream,G550,Large,Rolls-Royce,BR710,2
e491f3,PR-NZV,Gulfstream,G550,Large,Rolls-Royce,BR710,2
ac3078,N885AR,Gulfstream,G550,Large,Rolls-Royce,BR710,2
a16b47,N1905W,Gulfstream,G550,Large,Rolls-Royce,BR710,2
a7005c,N550KR,Gulfstream,G550,Large,Rolls-Royce,BR710,2
a6f149,N5465M,Gulfstream,G550,Large,Rolls-Royce,BR710,2
ac11e9,N877SB,Gulfstream,G550,Large,Rolls-Royce,BR710,2
a788db,N585DW,Gulfstream,G550,Large,Rolls-Royce,BR710,2
ac0a9e,N875TM,Gulfstream,G550,Large,Rolls-Royce,BR710,2
a39480,N33LR,Gulfstream,G550,Large,Rolls-Royce,BR710,2
a694aa,N523GA,Gulfstream,G550,Large,Rolls-Royce,BR710,2
a267ee,N254SD,Gulfstream,G550,Large,Rolls-Royce,BR710,2
a4384d,N371JC,Gulfstream,G550,Large,Rolls-Royce,BR710,2
a15e22,N1878E,Gulfstream,G550,Large,Rolls-Royce,BR710,2
a4e6cc,N415B,Gulfstream,G550,Large,Rolls-Royce,BR710,2
300586,I-SEAM,Gulfstream,G550,Large,Rolls-Royce,BR710,2
c059cb,C-GIAC,Gulfstream,G550,Large,Rolls-Royce,BR710,2
a7f9f2,N613AQ,Gulfstream,G550,Large,Rolls-Royce,BR710,2
aae5a5,N801AS,Gulfstream,G550,Large,Rolls-Royce,BR710,2
4b1a18,HB-JWY,Gulfstream,G550,Large,Rolls-Royce,BR710,2
a7014b,N550VE,Gulfstream,G550,Large,Rolls-Royce,BR710,2
ac496f,N891E,Gulfstream,G550,Large,Rolls-Royce,BR710,2
acc9be,N923EL,Gulfstream,G550,Large,Rolls-Royce,BR710,2
a2d6c7,N282Q,Gulfstream,G550,Large,Rolls-Royce,BR710,2
a9a91e,N721V,Gulfstream,G550,Large,Rolls-Royce,BR710,2
a3769f,N322K,Gulfstream,G550,Large,Rolls-Royce,BR710,2
aa83f4,N777KL,Gulfstream,G550,Large,Rolls-Royce,BR710,2
a27f53,N260DL,Gulfstream,G550,Large,Rolls-Royce,BR710,2
aab731,N79RP,Gulfstream,G550,Large,Rolls-Royce,BR710,2
a752b7,N571GA,Gulfstream,G550,Large,Rolls-Royce,BR710,2
a3d0c5,N345KC,Gulfstream,G550,Large,Rolls-Royce,BR710,2
4b8681,TC-ATA,Gulfstream,G550,Large,Rolls-Royce,BR710,2
acdc7b,N928GC,Gulfstream,G550,Large,Rolls-Royce,BR710,2
a6ffb7,N550DA,Gulfstream,G550,Large,Rolls-Royce,BR710,2
4b1934,HB-JOE,Gulfstream,G550,Large,Rolls-Royce,BR710,2
4b18d0,HB-JKI,Gulfstream,G550,Large,Rolls-Royce,BR710,2
a704bf,N551SN,Gulfstream,G550,Large,Rolls-Royce,BR710,2
ad0bcf,N94LF,Gulfstream,G550,Large,Rolls-Royce,BR710,2
a70046,N550JU,Gulfstream,G550,Large,Rolls-Royce,BR710,2
424987,VQ-BHP,Gulfstream,G550,Large,Rolls-Royce,BR710,2
ac8604,N906FS,Gulfstream,G550,Large,Rolls-Royce,BR710,2
424749,VP-CNP,Gulfstream,G550,Large,Rolls-Royce,BR710,2
aae2ad,N800JH,Gulfstream,G550,Large,Rolls-Royce,BR710,2
a40e46,N360WF,Gulfstream,G550,Large,Rolls-Royce,BR710,2
a6af27,N53M,Gulfstream,G550,Large,Rolls-Royce,BR710,2
ad853c,N970SG,Gulfstream,G550,Large,Rolls-Royce,BR710,2
abced8,N860AA,Gulfstream,G550,Large,Rolls-Royce,BR710,2
a8e06e,N671LE,Gulfstream,G550,Large,Rolls-Royce,BR710,2
ac3c54,N888HZ,Gulfstream,G550,Large,Rolls-Royce,BR710,2
440888,OE-IPE,Gulfstream,G550,Large,Rolls-Royce,BR710,2
a66219,N510GV,Gulfstream,G550,Large,Rolls-Royce,BR710,2
acc78f,N922WC,Gulfstream,G550,Large,Rolls-Royce,BR710,2
4ca785,EI-LSY,Gulfstream,G550,Large,Rolls-Royce,BR710,2
aab2ff,N789LR,Gulfstream,G550,Large,Rolls-Royce,BR710,2
a3b0db,N337LS,Gulfstream,G550,Large,Rolls-Royce,BR710,2
406a1e,G-MRLX,Gulfstream,G550,Large,Rolls-Royce,BR710,2
451c30,LZ-FIA,Gulfstream,G550,Large,Rolls-Royce,BR710,2
a11d38,N171DJ,Gulfstream,G550,Large,Rolls-Royce,BR710,2
a748f0,N569GA,Gulfstream,G550,Large,Rolls-Royce,BR710,2
a1f992,N226ZH,Gulfstream,G550,Large,Rolls-Royce,BR710,2
a2ae0a,N272BG,Gulfstream,G550,Large,Rolls-Royce,BR710,2
424193,VP-CKC,Gulfstream,G550,Large,Rolls-Royce,BR710,2
a700bc,N550PM,Gulfstream,G550,Large,Rolls-Royce,BR710,2
acb143,N917GA,Gulfstream,G550,Large,Rolls-Royce,BR710,2
ad76be,N967GA,Gulfstream,G550,Large,Rolls-Royce,BR710,2
a8c7a1,N665JN,Gulfstream,G550,Large,Rolls-Royce,BR710,2
a88a96,N65CC,Gulfstream,G550,Large,Rolls-Royce,BR710,2
adcca3,N989AR,Gulfstream,G550,Large,Rolls-Royce,BR710,2
a77da1,N582D,Gulfstream,G550,Large,Rolls-Royce,BR710,2
a636db,N5SN,Gulfstream,G550,Large,Rolls-Royce,BR710,2
43e7bc,M-FUAD,Gulfstream,G550,Large,Rolls-Royce,BR710,2
a07605,N129KC,Gulfstream,G550,Large,Rolls-Royce,BR710,2
a794fb,N588PX,Gulfstream,G550,Large,Rolls-Royce,BR710,2
aa7093,N772BE,Gulfstream,G550,Large,Rolls-Royce,BR710,2
a706ed,N552AV,Gulfstream,G550,Large,Rolls-Royce,BR710,2
ac1b93,N88AY,Gulfstream,G550,Large,Rolls-Royce,BR710,2
a105f2,N165TH,Gulfstream,G550,Large,Rolls-Royce,BR710,2
ab4d1b,N827Z,Gulfstream,G550,Large,Rolls-Royce,BR710,2
4247b8,VP-CLA,Gulfstream,G550,Large,Rolls-Royce,BR710,2
a26302,N253DV,Gulfstream,G550,Large,Rolls-Royce,BR710,2
a44f5d,N377SA,Gulfstream,G550,Large,Rolls-Royce,BR710,2
4b8c4b,TC-CBK,Gulfstream,G550,Large,Rolls-Royce,BR710,2
ac6343,N898CE,Gulfstream,G550,Large,Rolls-Royce,BR710,2
ac689e,N899V,Gulfstream,G550,Large,Rolls-Royce,BR710,2
a70055,N550KJ,Gulfstream,G550,Large,Rolls-Royce,BR710,2
a369e2,N319ST,Gulfstream,G550,Large,Rolls-Royce,BR710,2
78061e,B-8108,Gulfstream,G550,Large,Rolls-Royce,BR710,2
ac2390,N881WR,Gulfstream,G550,Large,Rolls-Royce,BR710,2
a8050e,N616AF,Gulfstream,G550,Large,Rolls-Royce,BR710,2
a69fa8,N526EM,Gulfstream,G550,Large,Rolls-Royce,BR710,2
a73a14,N565GA,Gulfstream,G550,Large,Rolls-Royce,BR710,2
ac3c5a,N888JE,Gulfstream,G550,Large,Rolls-Royce,BR710,2
a0cbdb,N150TC,Gulfstream,G550,Large,Rolls-Royce,BR710,2
780a50,B-HHI,Gulfstream,G550,Large,Rolls-Royce,BR710,2
a6368a,N5PG,Gulfstream,G550,Large,Rolls-Royce,BR710,2
ab5996,N830NR,Gulfstream,G550,Large,Rolls-Royce,BR710,2
a71dba,N558GA,Gulfstream,G550,Large,Rolls-Royce,BR710,2
a5bc9e,N469SD,Gulfstream,G550,Large,Rolls-Royce,BR710,2
3435c4,EC-LIY,Gulfstream,G550,Large,Rolls-Royce,BR710,2
ac326e,N885WT,Gulfstream,G550,Large,Rolls-Royce,BR710,2
ac2a93,N883SJ,Gulfstream,G550,Large,Rolls-Royce,BR710,2
7806c1,B-8123,Gulfstream,G550,Large,Rolls-Royce,BR710,2
a6006f,N486RW,Gulfstream,G550,Large,Rolls-Royce,BR710,2
aae233,N800DL,Gulfstream,G550,Large,Rolls-Royce,BR710,2
a7e17a,N607CH,Gulfstream,G550,Large,Rolls-Royce,BR710,2
a7706f,N579GA,Gulfstream,G550,Large,Rolls-Royce,BR710,2
a255df,N25HL,Gulfstream,G550,Large,Rolls-Royce,BR710,2
a78dbe,N586RW,Gulfstream,G550,Large,Rolls-Royce,BR710,2
a4527d,N378L,Gulfstream,G550,Large,Rolls-Royce,BR710,2
a1820b,N1969C,Gulfstream,G550,Large,Rolls-Royce,BR710,2
a00f8c,N10274,Gulfstream,G550,Large,Rolls-Royce,BR710,2
ab15f0,N813QS,Gulfstream,G550,Large,Rolls-Royce,BR710,2
a6c397,N535GA,Gulfstream,G550,Large,Rolls-Royce,BR710,2
a7202a,N5585,Gulfstream,G550,Large,Rolls-Royce,BR710,2
a70876,N552SN,Gulfstream,G550,Large,Rolls-Royce,BR710,2
ab2814,N818LF,Gulfstream,G550,Large,Rolls-Royce,BR710,2
a01ec0,N107AL,Gulfstream,G550,Large,Rolls-Royce,BR710,2
a6aaf4,N529GA,Gulfstream,G550,Large,Rolls-Royce,BR710,2
a19203,N200A,Gulfstream,G550,Large,Rolls-Royce,BR710,2
a4799b,N388GC,Gulfstream,G550,Large,Rolls-Royce,BR710,2
aca794,N914X,Gulfstream,G550,Large,Rolls-Royce,BR710,2
a6ffcc,N550DX,Gulfstream,G550,Large,Rolls-Royce,BR710,2
a25017,N2480H,Gulfstream,G550,Large,Rolls-Royce,BR710,2
a657e4,N508CK,Gulfstream,G550,Large,Rolls-Royce,BR710,2
ac1d80,N88WR,Gulfstream,G550,Large,Rolls-Royce,BR710,2
ad2f39,N949GM,Gulfstream,G550,Large,Rolls-Royce,BR710,2
ab3866,N822BD,Gulfstream,G550,Large,Rolls-Royce,BR710,2
3c506c,D-ADCL,Gulfstream,G550,Large,Rolls-Royce,BR710,2
780bdd,B-8297,Gulfstream,G550,Large,Rolls-Royce,BR710,2
ab0ec0,N811TD,Gulfstream,G550,Large,Rolls-Royce,BR710,2
ac4cfc,N892CH,Gulfstream,G550,Large,Rolls-Royce,BR710,2
a8bcec,N662P,Gulfstream,G550,Large,Rolls-Royce,BR710,2
ad0cba,N94VR,Gulfstream,G550,Large,Rolls-Royce,BR710,2
0d0736,XA-MAV,Gulfstream,G550,Large,Rolls-Royce,BR710,2
a6ff6c,N550AA,Gulfstream,G550,Large,Rolls-Royce,BR710,2
a4bf68,N405CB,Gulfstream,G550,Large,Rolls-Royce,BR710,2
a63e62,N501HM,Gulfstream,G550,Large,Rolls-Royce,BR710,2
780883,B-8126,Gulfstream,G550,Large,Rolls-Royce,BR710,2
a669b7,N512JT,Gulfstream,G550,Large,Rolls-Royce,BR710,2
a20675,N23DC,Gulfstream,G550,Large,Rolls-Royce,BR710,2
a48fcf,N393VF,Gulfstream,G550,Large,Rolls-Royce,BR710,2
a70108,N550SN,Gulfstream,G550,Large,Rolls-Royce,BR710,2
a020a1,N107VS,Gulfstream,G550,Large,Rolls-Royce,BR710,2
a35764,N314TP,Gulfstream,G550,Large,Rolls-Royce,BR710,2
a776c2,N580JT,Gulfstream,G550,Large,Rolls-Royce,BR710,2
a65f3c,N51BN,Gulfstream,G550,Large,Rolls-Royce,BR710,2
acb5ff,N918SM,Gulfstream,G550,Large,Rolls-Royce,BR710,2
a74181,N567G,Gulfstream,G550,Large,Rolls-Royce,BR710,2
3c5192,D-ADLR,Gulfstream,G550,Large,Rolls-Royce,BR710,2
a70473,N551PM,Gulfstream,G550,Large,Rolls-Royce,BR710,2
a70016,N550GW,Gulfstream,G550,Large,Rolls-Royce,BR710,2
780c12,B-8298,Gulfstream,G550,Large,Rolls-Royce,BR710,2
7809c5,B-8261,Gulfstream,G550,Large,Rolls-Royce,BR710,2
a72b38,N561GA,Gulfstream,G550,Large,Rolls-Royce,BR710,2
a7affa,N595A,Gulfstream,G550,Large,Rolls-Royce,BR710,2
ac954d,N91LA,Gulfstream,G550,Large,Rolls-Royce,BR710,2
a924c6,N689BG,Gulfstream,G550,Large,Rolls-Royce,BR710,2
780727,B-8135,Gulfstream,G550,Large,Rolls-Royce,BR710,2
a31bb3,N3M,Gulfstream,G550,Large,Rolls-Royce,BR710,2
a70e99,N554DG,Gulfstream,G550,Large,Rolls-Royce,BR710,2
a12cf4,N175NH,Gulfstream,G550,Large,Rolls-Royce,BR710,2
abf09c,N869DL,Gulfstream,G550,Large,Rolls-Royce,BR710,2
a6fe73,N55QC,Gulfstream,G550,Large,Rolls-Royce,BR710,2
a70e7e,N554CE,Gulfstream,G550,Large,Rolls-Royce,BR710,2
a8cf7f,N667P,Gulfstream,G550,Large,Rolls-Royce,BR710,2
a92838,N68989,Gulfstream,G550,Large,Rolls-Royce,BR710,2
a724c3,N56C,Gulfstream,G550,Large,Rolls-Royce,BR710,2
7805de,B-8100,Gulfstream,G550,Large,Rolls-Royce,BR710,2
0d05c4,XA-FEM,Gulfstream,G550,Large,Rolls-Royce,BR710,2
780705,B-8131,Gulfstream,G550,Large,Rolls-Royce,BR710,2
ac67f2,N899NC,Gulfstream,G550,Large,Rolls-Royce,BR710,2
ac6084,N897NC,Gulfstream,G550,Large,Rolls-Royce,BR710,2
a153d6,N185GA,Gulfstream,G550,Large,Rolls-Royce,BR710,2
a4e092,N413PH,Gulfstream,G550,Large,Rolls-Royce,BR710,2
ab1243,N812RB,Gulfstream,G550,Large,Rolls-Royce,BR710,2
a63993,N50WH,Gulfstream,G550,Large,Rolls-Royce,BR710,2
a3a160,N333EH,Gulfstream,G550,Large,Rolls-Royce,BR710,2
a00031,N1BX,Gulfstream,G550,Large,Rolls-Royce,BR710,2
a7013a,N550UN,Gulfstream,G550,Large,Rolls-Royce,BR710,2
a70336,N551AV,Gulfstream,G550,Large,Rolls-Royce,BR710,2
ad336a,N95MJ,Gulfstream,G550,Large,Rolls-Royce,BR710,2
ad81db,N97FT,Gulfstream,G550,Large,Rolls-Royce,BR710,2
ac3c46,N888HK,Gulfstream,G550,Large,Rolls-Royce,BR710,2
ac398b,N887TM,Gulfstream,G550,Large,Rolls-Royce,BR710,2
aaded0,N8SW,Gulfstream,G550,Large,Rolls-Royce,BR710,2
ad1570,N942JT,Gulfstream,G550,Large,Rolls-Royce,BR710,2
a69416,N523AC,Gulfstream,G550,Large,Rolls-Royce,BR710,2
a96041,N703FS,Gulfstream,G550,Large,Rolls-Royce,BR710,2
a2b1a1,N273A,Gulfstream,G550,Large,Rolls-Royce,BR710,2
300279,I-LUXO,Gulfstream,G550,Large,Rolls-Royce,BR710,2
780a55,B-LMF,Gulfstream,G550,Large,Rolls-Royce,BR710,2
a6ff6b,N550A,Gulfstream,G550,Large,Rolls-Royce,BR710,2
a66217,N510GT,Gulfstream,G550,Large,Rolls-Royce,BR710,2
43e97c,M-USIC,Gulfstream,G550,Large,Rolls-Royce,BR710,2
706048,9K-GFA,Gulfstream,G550,Large,Rolls-Royce,BR710,2
a07fec,N131LK,Gulfstream,G550,Large,Rolls-Royce,BR710,2
a7003b,N550JH,Gulfstream,G550,Large,Rolls-Royce,BR710,2
a6ca99,N537BT,Gulfstream,G550,Large,Rolls-Royce,BR710,2
a9ca37,N73RP,Gulfstream,G550,Large,Rolls-Royce,BR710,2
0d0773,XA-ZTK,Gulfstream,G550,Large,Rolls-Royce,BR710,2
40010d,VP-BSI,Gulfstream,G550,Large,Rolls-Royce,BR710,2
4b9030,TC-DAP,Gulfstream,G550,Large,Rolls-Royce,BR710,2
a74f00,N570GA,Gulfstream,G550,Large,Rolls-Royce,BR710,2
a700c0,N550PR,Gulfstream,G550,Large,Rolls-Royce,BR710,2
43e991,M-UGIC,Gulfstream,G550,Large,Rolls-Royce,BR710,2
a7f748,N612MJ,Gulfstream,G550,Large,Rolls-Royce,BR710,2
a1e919,N222GV,Gulfstream,G550,Large,Rolls-Royce,BR710,2
a7c807,N600J,Gulfstream,G550,Large,Rolls-Royce,BR710,2
aaa488,N785QS,Gulfstream,G550,Large,Rolls-Royce,BR710,2
a6b4bb,N531GA,Gulfstream,G550,Large,Rolls-Royce,BR710,2
a3ac7f,N336EB,Gulfstream,G550,Large,Rolls-Royce,BR710,2
343289,EC-KUM,Gulfstream,G550,Large,Rolls-Royce,BR710,2
43e889,M-MOMO,Gulfstream,G550,Large,Rolls-Royce,BR710,2
43e8ce,M-SQAR,Gulfstream,G550,Large,Rolls-Royce,BR710,2
a724bd,N56BU,Gulfstream,G550,Large,Rolls-Royce,BR710,2
a70009,N550GH,Gulfstream,G550,Large,Rolls-Royce,BR710,2
a217a9,N234DB,Gulfstream,G550,Large,Rolls-Royce,BR710,2
aa4122,N76VZ,Gulfstream,G550,Large,Rolls-Royce,BR710,2
42431c,VP-BNF,Gulfstream,G550,Large,Rolls-Royce,BR710,2
a7fae3,N613LF,Gulfstream,G550,Large,Rolls-Royce,BR710,2
ac3c86,N888KZ,Gulfstream,G550,Large,Rolls-Royce,BR710,2
ac3dfb,N8880X,Gulfstream,G550,Large,Rolls-Royce,BR710,2
34448b,EC-LYO,Gulfstream,G550,Large,Rolls-Royce,BR710,2
a8230c,N623TA,Gulfstream,G550,Large,Rolls-Royce,BR710,2
a79556,N588TN,Gulfstream,G550,Large,Rolls-Royce,BR710,2
a2bcc6,N276A,Gulfstream,G550,Large,Rolls-Royce,BR710,2
a04ea1,N119LE,Gulfstream,G550,Large,Rolls-Royce,BR710,2
a36993,N319PP,Gulfstream,G550,Large,Rolls-Royce,BR710,2
a9f224,N74VZ,Gulfstream,G550,Large,Rolls-Royce,BR710,2
78095b,B-8256,Gulfstream,G550,Large,Rolls-Royce,BR710,2
71c288,HL8288,Gulfstream,G550,Large,Rolls-Royce,BR710,2
a2840e,N261PW,Gulfstream,G550,Large,Rolls-Royce,BR710,2
a242af,N245BD,Gulfstream,G550,Large,Rolls-Royce,BR710,2
a66da8,N513MA,Gulfstream,G550,Large,Rolls-Royce,BR710,2
ac1f75,N880SR,Gulfstream,G550,Large,Rolls-Royce,BR710,2
a79838,N589K,Gulfstream,G550,Large,Rolls-Royce,BR710,2
aa195f,N75TF,Gulfstream,G550,Large,Rolls-Royce,BR710,2
4406f2,OE-IGO,Gulfstream,G550,Large,Rolls-Royce,BR710,2
ab20c0,N816MG,Gulfstream,G550,Large,Rolls-Royce,BR710,2
400067,VP-CIP,Gulfstream,G550,Large,Rolls-Royce,BR710,2
a70770,N552GA,Gulfstream,G550,Large,Rolls-Royce,BR710,2
a7887b,N585A,Gulfstream,G550,Large,Rolls-Royce,BR710,2
a70037,N550JD,Gulfstream,G550,Large,Rolls-Royce,BR710,2
a6a0cc,N526SD,Gulfstream,G550,Large,Rolls-Royce,BR710,2
acbccc,N92LA,Gulfstream,G550,Large,Rolls-Royce,BR710,2
a722e7,N559X,Gulfstream,G550,Large,Rolls-Royce,BR710,2
a700a3,N550NM,Gulfstream,G550,Large,Rolls-Royce,BR710,2
a72170,N559G,Gulfstream,G550,Large,Rolls-Royce,BR710,2
a137df,N178L,Gulfstream,G550,Large,Rolls-Royce,BR710,2
a00fe3,N103AK,Gulfstream,G550,Large,Rolls-Royce,BR710,2
ad2170,N945TM,Gulfstream,G550,Large,Rolls-Royce,BR710,2
a21237,N232ZK,Gulfstream,G550,Large,Rolls-Royce,BR710,2
7809ff,B-8270,Gulfstream,G550,Large,Rolls-Royce,BR710,2
a8170d,N620JH,Gulfstream,G550,Large,Rolls-Royce,BR710,2
a6e570,N5430G,Gulfstream,G550,Large,Rolls-Royce,BR710,2
a7000f,N550GP,Gulfstream,G550,Large,Rolls-Royce,BR710,2
a11861,N17RX,Gulfstream,G550,Large,Rolls-Royce,BR710,2
ab00ad,N808ME,Gulfstream,G550,Large,Rolls-Royce,BR710,2
a0e8b0,N158JA,Gulfstream,G550,Large,Rolls-Royce,BR710,2
a7ee71,N61WZ,Gulfstream,G550,Large,Rolls-Royce,BR710,2
ac6f61,N900CC,Gulfstream,G550,Large,Rolls-Royce,BR710,2
a3d0de,N345LC,Gulfstream,G550,Large,Rolls-Royce,BR710,2
7503d5,9M-JJJ,Gulfstream,G550,Large,Rolls-Royce,BR710,2
a645bc,N503GS,Gulfstream,G550,Large,Rolls-Royce,BR710,2
a7b074,N595EX,Gulfstream,G550,Large,Rolls-Royce,BR710,2
a83c76,N63M,Gulfstream,G550,Large,Rolls-Royce,BR710,2
a70773,N552GD,Gulfstream,G550,Large,Rolls-Royce,BR710,2
a31bec,N3PG,Gulfstream,G550,Large,Rolls-Royce,BR710,2
a66987,N512GV,Gulfstream,G550,Large,Rolls-Royce,BR710,2
a7018f,N550XY,Gulfstream,G550,Large,Rolls-Royce,BR710,2
ab7718,N838LM,Gulfstream,G550,Large,Rolls-Royce,BR710,2
ab76f8,N838KE,Gulfstream,G550,Large,Rolls-Royce,BR710,2
a1d7ef,N218HF,Gulfstream,G550,Large,Rolls-Royce,BR710,2
a700f0,N550RP,Gulfstream,G550,Large,Rolls-Royce,BR710,2
a06a62,N126EB,Gulfstream,G550,Large,Rolls-Royce,BR710,2
a650f0,N506HG,Gulfstream,G550,Large,Rolls-Royce,BR710,2
aac5d6,N7932P,Gulfstream,G550,Large,Rolls-Royce,BR710,2
406b0d,G-OGSE,Gulfstream,G550,Large,Rolls-Royce,BR710,2
a2380f,N242GM,Gulfstream,G550,Large,Rolls-Royce,BR710,2
a2de24,N284PH,Gulfstream,G550,Large,Rolls-Royce,BR710,2
4241b5,VP-CRO,Gulfstream,G550,Large,Rolls-Royce,BR710,2
4247b2,VP-CAT,Gulfstream,G550,Large,Rolls-Royce,BR710,2
a114b1,N169SD,Gulfstream,G550,Large,Rolls-Royce,BR710,2
a12595,N173NY,Gulfstream,G550,Large,Rolls-Royce,BR710,2
a72c3b,N561SK,Gulfstream,G550,Large,Rolls-Royce,BR710,2
a7767f,N580GA,Gulfstream,G550,Large,Rolls-Royce,BR710,2
a6ffa7,N550CK,Gulfstream,G550,Large,Rolls-Royce,BR710,2
780b24,B-8273,Gulfstream,G550,Large,Rolls-Royce,BR710,2
3c694b,D-AJJK,Gulfstream,G550,Large,Rolls-Royce,BR710,2
78089d,B-8136,Gulfstream,G550,Large,Rolls-Royce,BR710,2
a4a3e8,N39871,Gulfstream,G550,Large,Rolls-Royce,BR710,2
0aa004,8P-MSD,Gulfstream,G550,Large,Rolls-Royce,BR710,2
a7c345,N6HJ,Gulfstream,G550,Large,Rolls-Royce,BR710,2
a8d336,N668P,Gulfstream,G550,Large,Rolls-Royce,BR710,2
a11085,N168MM,Gulfstream,G550,Large,Rolls-Royce,BR710,2
a7acda,N594GA,Gulfstream,G650,Large,Rolls-Royce,BR725,2
a004b4,N100A,Gulfstream,G650,Large,Rolls-Royce,BR725,2
a7215d,N559FF,Gulfstream,G650,Large,Rolls-Royce,BR725,2
a63e41,N501GD,Gulfstream,G650,Large,Rolls-Royce,BR725,2
ac3da6,N888XM,Gulfstream,G650,Large,Rolls-Royce,BR725,2
a650d4,N506GD,Gulfstream,G650,Large,Rolls-Royce,BR725,2
a97659,N709DS,Gulfstream,G650,Large,Rolls-Royce,BR725,2
a339ea,N307GA,Gulfstream,G650,Large,Rolls-Royce,BR725,2
a3327c,N305GA,Gulfstream,G650,Large,Rolls-Royce,BR725,2
a000e8,N1KE,Gulfstream,G650,Large,Rolls-Royce,BR725,2
a79437,N588GA,Gulfstream,G650,Large,Rolls-Royce,BR725,2
a6edbe,N5456W,Gulfstream,G650,Large,Rolls-Royce,BR725,2
a18db5,N2E,Gulfstream,G650,Large,Rolls-Royce,BR725,2
a90b3f,N682GD,Gulfstream,G650,Large,Rolls-Royce,BR725,2
a88cc7,N650AN,Gulfstream,G650,Large,Rolls-Royce,BR725,2
ab2e82,N82A,Gulfstream,G650,Large,Rolls-Royce,BR725,2
a031ae,N111UB,Gulfstream,G650,Large,Rolls-Royce,BR725,2
a25ce2,N251TD,Gulfstream,G650,Large,Rolls-Royce,BR725,2
adf4d7,N999HX,Gulfstream,G650,Large,Rolls-Royce,BR725,2
a9a468,N720JV,Gulfstream,G650,Large,Rolls-Royce,BR725,2
a37dc3,N324GA,Gulfstream,G650,Large,Rolls-Royce,BR725,2
a13060,N176KH,Gulfstream,G650,Large,Rolls-Royce,BR725,2
a86920,N641BW,Gulfstream,G650,Large,Rolls-Royce,BR725,2
a21b74,N235DX,Gulfstream,G650,Large,Rolls-Royce,BR725,2
a8b49a,N660DX,Gulfstream,G650,Large,Rolls-Royce,BR725,2
a0058d,N100JS,Gulfstream,G650,Large,Rolls-Royce,BR725,2
3c14cf,D-AWWW,Gulfstream,G650,Large,Rolls-Royce,BR725,2
a98146,N711RL,Gulfstream,G650,Large,Rolls-Royce,BR725,2
aca5a4,N914BD,Gulfstream,G650,Large,Rolls-Royce,BR725,2
a80687,N616RH,Gulfstream,G650,Large,Rolls-Royce,BR725,2
a88d40,N650FJ,Gulfstream,G650,Large,Rolls-Royce,BR725,2
a36594,N318LS,Gulfstream,G650,Large,Rolls-Royce,BR725,2
aae9e5,N802GD,Gulfstream,G650,Large,Rolls-Royce,BR725,2
a88d6c,N650HC,Gulfstream,G650,Large,Rolls-Royce,BR725,2
ab0096,N808LG,Gulfstream,G650,Large,Rolls-Royce,BR725,2
a5dc9a,N477RH,Gulfstream,G650,Large,Rolls-Royce,BR725,2
a0379b,N113CS,Gulfstream,G650,Large,Rolls-Royce,BR725,2
a8a6cd,N657AT,Gulfstream,G650,Large,Rolls-Royce,BR725,2
a99087,N715VM,Gulfstream,G650,Large,Rolls-Royce,BR725,2
a92f07,N691GD,Gulfstream,G650,Large,Rolls-Royce,BR725,2
a63251,N499JB,Gulfstream,G650,Large,Rolls-Royce,BR725,2
aa3591,N757RR,Gulfstream,G650,Large,Rolls-Royce,BR725,2
a83d76,N63XF,Gulfstream,G650,Large,Rolls-Royce,BR725,2
4ca784,EI-LSN,Gulfstream,G650,Large,Rolls-Royce,BR725,2
a5492e,N44KJ,Gulfstream,G650,Large,Rolls-Royce,BR725,2
a88d65,N650GW,Gulfstream,G650,Large,Rolls-Royce,BR725,2
a60efc,N49NS,Gulfstream,G650,Large,Rolls-Royce,BR725,2
8964c4,A6-MAF,Gulfstream,G650,Large,Rolls-Royce,BR725,2
43eada,M-OVIE,Gulfstream,G650,Large,Rolls-Royce,BR725,2
a31780,N299GA,Gulfstream,G650,Large,Rolls-Royce,BR725,2
71c299,HL8299,Gulfstream,G650,Large,Rolls-Royce,BR725,2
4247a5,VP-CVA,Gulfstream,G650,Large,Rolls-Royce,BR725,2
a63689,N5PF,Gulfstream,G650,Large,Rolls-Royce,BR725,2
aa854f,N777ZH,Gulfstream,G650,Large,Rolls-Royce,BR725,2
4d21cc,9H-OKO,Gulfstream,G650,Large,Rolls-Royce,BR725,2
a715ef,N556CH,Gulfstream,G650,Large,Rolls-Royce,BR725,2
a00c20,N10199,Gulfstream,G650,Large,Rolls-Royce,BR725,2
a7cb90,N601GD,Gulfstream,G650,Large,Rolls-Royce,BR725,2
c06758,C-GNDN,Gulfstream,G650,Large,Rolls-Royce,BR725,2
a8db55,N67WB,Gulfstream,G650,Large,Rolls-Royce,BR725,2
acb964,N919PE,Gulfstream,G650,Large,Rolls-Royce,BR725,2
a6357e,N5CP,Gulfstream,G650,Large,Rolls-Royce,BR725,2
a8cefa,N667HS,Gulfstream,G650,Large,Rolls-Royce,BR725,2
a093bd,N136ZC,Gulfstream,G650,Large,Rolls-Royce,BR725,2
a81ef6,N622PF,Gulfstream,G650,Large,Rolls-Royce,BR725,2
ab6b9f,N835HC,Gulfstream,G650,Large,Rolls-Royce,BR725,2
a9a23a,N72LN,Gulfstream,G650,Large,Rolls-Royce,BR725,2
a16e72,N1911W,Gulfstream,G650,Large,Rolls-Royce,BR725,2
aca94a,N915AM,Gulfstream,G650,Large,Rolls-Royce,BR725,2
e4928d,PP-ADZ,Gulfstream,G650,Large,Rolls-Royce,BR725,2
a91338,N684MT,Gulfstream,G650,Large,Rolls-Royce,BR725,2
ac9eb6,N912GG,Gulfstream,G650,Large,Rolls-Royce,BR725,2
a3857b,N326K,Gulfstream,G650,Large,Rolls-Royce,BR725,2
424b62,M-SOZO,Gulfstream,G650,Large,Rolls-Royce,BR725,2
a2c105,N277FL,Gulfstream,G650,Large,Rolls-Royce,BR725,2
a13687,N1777M,Gulfstream,G650,Large,Rolls-Royce,BR725,2
a0265d,N109CH,Gulfstream,G650,Large,Rolls-Royce,BR725,2
a4dc60,N412JK,Gulfstream,G650,Large,Rolls-Royce,BR725,2
a44335,N374FS,Gulfstream,G650,Large,Rolls-Royce,BR725,2
aafbfa,N807BC,Gulfstream,G650,Large,Rolls-Royce,BR725,2
ab368e,N821WH,Gulfstream,G650,Large,Rolls-Royce,BR725,2
a665c0,N511GD,Gulfstream,G650,Large,Rolls-Royce,BR725,2
ac3c6c,N888JY,Gulfstream,G650,Large,Rolls-Royce,BR725,2
ab5326,N829JV,Gulfstream,G650,Large,Rolls-Royce,BR725,2
a3902b,N329EH,Gulfstream,G650,Large,Rolls-Royce,BR725,2
aae273,N800G,Gulfstream,G650,Large,Rolls-Royce,BR725,2
a955ab,N700MK,Gulfstream,G650,Large,Rolls-Royce,BR725,2
a7e591,N608GD,Gulfstream,G650,Large,Rolls-Royce,BR725,2
a66573,N511DB,Gulfstream,G650,Large,Rolls-Royce,BR725,2
a31b08,N3ED,Gulfstream,G650,Large,Rolls-Royce,BR725,2
a01070,N103GA,Gulfstream,G650,Large,Rolls-Royce,BR725,2
a0cdff,N151B,Gulfstream,G650,Large,Rolls-Royce,BR725,2
a0c162,N148L,Gulfstream,G650,Large,Rolls-Royce,BR725,2
a17907,N194WM,Gulfstream,G650,Large,Rolls-Royce,BR725,2
424316,VP-BZF,Gulfstream,G650,Large,Rolls-Royce,BR725,2
a67552,N515PL,Gulfstream,G650,Large,Rolls-Royce,BR725,2
a88ae5,N65FG,Gulfstream,G650,Large,Rolls-Royce,BR725,2
a88cc3,N650AJ,Gulfstream,G650,Large,Rolls-Royce,BR725,2
a32ce7,N3030Z,Gulfstream,G650,Large,Rolls-Royce,BR725,2
a2edf2,N288Z,Gulfstream,G650,Large,Rolls-Royce,BR725,2
a2f5d0,N290DL,Gulfstream,G650,Large,Rolls-Royce,BR725,2
a4aa93,N40D,Gulfstream,G650,Large,Rolls-Royce,BR725,2
aaf82e,N806AG,Gulfstream,G650,Large,Rolls-Royce,BR725,2
a90ef6,N683GD,Gulfstream,G650,Large,Rolls-Royce,BR725,2
a894c0,N652GB,Gulfstream,G650,Large,Rolls-Royce,BR725,2
a2edb1,N288WK,Gulfstream,G650,Large,Rolls-Royce,BR725,2
a6e6dc,N544AV,Gulfstream,G650,Large,Rolls-Royce,BR725,2
a9a426,N720GD,Gulfstream,G650,Large,Rolls-Royce,BR725,2
a645ab,N503G,Gulfstream,G650,Large,Rolls-Royce,BR725,2
ab0ec8,N811TM,Gulfstream,G650,Large,Rolls-Royce,BR725,2
a2d9b7,N283GA,Gulfstream,G650,Large,Rolls-Royce,BR725,2
ad342e,N95VE,Gulfstream,G650,Large,Rolls-Royce,BR725,2
4247a4,VP-CYZ,Gulfstream,G650,Large,Rolls-Royce,BR725,2
c0411d,C-FYRC,Gulfstream,G650,Large,Rolls-Royce,BR725,2
a4c514,N406YC,Gulfstream,G650,Large,Rolls-Royce,BR725,2
a3427c,N309TT,Gulfstream,G650,Large,Rolls-Royce,BR725,2
a001b1,N1TF,Gulfstream,G650,Large,Rolls-Royce,BR725,2
a7dff7,N6060X,Gulfstream,G650,Large,Rolls-Royce,BR725,2
a4ad69,N400J,Gulfstream,G650,Large,Rolls-Royce,BR725,2
aa8f1b,N78KN,Gulfstream,G650,Large,Rolls-Royce,BR725,2
a2c114,N277GA,Gulfstream,G650,Large,Rolls-Royce,BR725,2
a17a88,N1948S,Gulfstream,G650,Large,Rolls-Royce,BR725,2
a9b26f,N724AG,Gulfstream,G650,Large,Rolls-Royce,BR725,2
a715c9,N556AV,Gulfstream,G650,Large,Rolls-Royce,BR725,2
a308a4,N295GA,Gulfstream,G650,Large,Rolls-Royce,BR725,2
a4a82f,N4CP,Gulfstream,G650,Large,Rolls-Royce,BR725,2
06a1c6,A7-CGA,Gulfstream,G650,Large,Rolls-Royce,BR725,2
a359fb,N315GA,Gulfstream,G650,Large,Rolls-Royce,BR725,2
a30136,N293GA,Gulfstream,G650,Large,Rolls-Royce,BR725,2
ab3966,N822MK,Gulfstream,G650,Large,Rolls-Royce,BR725,2
aa9f6a,N784AH,Gulfstream,G650,Large,Rolls-Royce,BR725,2
ab5030,N828SN,Gulfstream,G650,Large,Rolls-Royce,BR725,2
a24824,N246V,Gulfstream,G650,Large,Rolls-Royce,BR725,2
a9cba5,N730GD,Gulfstream,G650,Large,Rolls-Royce,BR725,2
a7c7d5,N600G,Gulfstream,G650,Large,Rolls-Royce,BR725,2
acacf6,N916AA,Gulfstream,G650,Large,Rolls-Royce,BR725,2
a88dda,N650MN,Gulfstream,G650,Large,Rolls-Royce,BR725,2
a004bf,N100AL,Gulfstream,G650,Large,Rolls-Royce,BR725,2
a2f611,N290GA,Gulfstream,G650,Large,Rolls-Royce,BR725,2
a1e50a,N221DG,Gulfstream,G650,Large,Rolls-Royce,BR725,2
a4e742,N415FT,Gulfstream,G650,Large,Rolls-Royce,BR725,2
89407f,A9C-BAH,Gulfstream,G650,Large,Rolls-Royce,BR725,2
a7fa7d,N613GD,Gulfstream,G650,Large,Rolls-Royce,BR725,2
a8908b,N651BA,Gulfstream,G650,Large,Rolls-Royce,BR725,2
a7bbb6,N598GA,Gulfstream,G650,Large,Rolls-Royce,BR725,2
4407f7,OE-IIH,Gulfstream,G650,Large,Rolls-Royce,BR725,2
a380f1,N325AP,Gulfstream,G650,Large,Rolls-Royce,BR725,2
a91664,N685GD,Gulfstream,G650,Large,Rolls-Royce,BR725,2
a0b31c,N144S,Gulfstream,G650,Large,Rolls-Royce,BR725,2
a15db5,N1875A,Gulfstream,G650,Large,Rolls-Royce,BR725,2
a2d2d1,N281MM,Gulfstream,G650,Large,Rolls-Royce,BR725,2
a34158,N309GA,Gulfstream,G650,Large,Rolls-Royce,BR725,2
ac4052,N889LV,Gulfstream,G650,Large,Rolls-Royce,BR725,2
a5d93f,N476V,Gulfstream,G650,Large,Rolls-Royce,BR725,2
a195f1,N201CE,Gulfstream,G650,Large,Rolls-Royce,BR725,2
a89192,N651MP,Gulfstream,G650,Large,Rolls-Royce,BR725,2
a981b1,N711VT,Gulfstream,G650,Large,Rolls-Royce,BR725,2
a8cb4a,N666HZ,Gulfstream,G650,Large,Rolls-Royce,BR725,2
acd941,N927MC,Gulfstream,G650,Large,Rolls-Royce,BR725,2
43e759,M-VITA,Gulfstream,G650,Large,Rolls-Royce,BR725,2
a63a9f,N500H,Gulfstream,G650,Large,Rolls-Royce,BR725,2
ac4e63,N892SS,Gulfstream,G650,Large,Rolls-Royce,BR725,2
a89621,N652WE,Gulfstream,G650,Large,Rolls-Royce,BR725,2
aaf477,N805AG,Gulfstream,G650,Large,Rolls-Royce,BR725,2
a66873,N5117,Gulfstream,G650,Large,Rolls-Royce,BR725,2
a88d8c,N650JK,Gulfstream,G650,Large,Rolls-Royce,BR725,2
4d0297,LX-SIX,Gulfstream,G650,Large,Rolls-Royce,BR725,2
a71295,N555GA,Gulfstream,G650,Large,Rolls-Royce,BR725,2
a70e5b,N554AV,Gulfstream,G650,Large,Rolls-Royce,BR725,2
ab5c9e,N831FR,Gulfstream,G650,Large,Rolls-Royce,BR725,2
a80d10,N618GD,Gulfstream,G650,Large,Rolls-Royce,BR725,2
ad642b,N962GA,Gulfstream,G650,Large,Rolls-Royce,BR725,2
a88d51,N650GA,Gulfstream,G650,Large,Rolls-Royce,BR725,2
43ea7b,M-YNNS,Gulfstream,G650,Large,Rolls-Royce,BR725,2
ac3dd2,N888ZF,Gulfstream,G650,Large,Rolls-Royce,BR725,2
a38ce9,N328K,Gulfstream,G650,Large,Rolls-Royce,BR725,2
aa9212,N780RW,Gulfstream,G650,Large,Rolls-Royce,BR725,2
a7467e,N568VA,Gulfstream,G650,Large,Rolls-Royce,BR725,2
a04356,N116JS,Gulfstream,G650,Large,Rolls-Royce,BR725,2
4247aa,VP-CER,Gulfstream,G650,Large,Rolls-Royce,BR725,2
a4c18c,N4050,Gulfstream,G650,Large,Rolls-Royce,BR725,2
a8a4bf,N656TT,Gulfstream,G650,Large,Rolls-Royce,BR725,2
600bc4,4K-AI88,Gulfstream,G650,Large,Rolls-Royce,BR725,2
4d213f,9H-SSK,Gulfstream,G650,Large,Rolls-Royce,BR725,2
a7c2cd,N6CP,Gulfstream,G650,Large,Rolls-Royce,BR725,2
a7cee7,N602CH,Gulfstream,G650,Large,Rolls-Royce,BR725,2
a91a1b,N686GD,Gulfstream,G650,Large,Rolls-Royce,BR725,2
a41f78,N365GC,Gulfstream,G650,Large,Rolls-Royce,BR725,2
a079fc,N13MS,Gulfstream,G650,Large,Rolls-Royce,BR725,2
aac094,N792MP,Gulfstream,G650,Large,Rolls-Royce,BR725,2
a88d63,N650GU,Gulfstream,G650,Large,Rolls-Royce,BR725,2
aa7548,N773MJ,Gulfstream,G650,Large,Rolls-Royce,BR725,2
4d023a,LX-LXX,Gulfstream,G650,Large,Rolls-Royce,BR725,2
ab4f78,N828KD,Gulfstream,G650,Large,Rolls-Royce,BR725,2
ac7e64,N904DS,Gulfstream,G650,Large,Rolls-Royce,BR725,2
a638e4,N50PH,Gulfstream,G650,Large,Rolls-Royce,BR725,2
a1dec1,N22B,Gulfstream,G650,Large,Rolls-Royce,BR725,2
a805f0,N616KG,Gulfstream,G650,Large,Rolls-Royce,BR725,2
ac649c,N898S,Gulfstream,G650,Large,Rolls-Royce,BR725,2
706203,9K-GGA,Gulfstream,G650,Large,Rolls-Royce,BR725,2
a88e39,N650RH,Gulfstream,G650,Large,Rolls-Royce,BR725,2
a3321a,N305CC,Gulfstream,G650,Large,Rolls-Royce,BR725,2
a821f9,N623GA,Gulfstream,G650,Large,Rolls-Royce,BR725,2
a13e6c,N18B,Gulfstream,G650,Large,Rolls-Royce,BR725,2
a83846,N629GD,Gulfstream,G650,Large,Rolls-Royce,BR725,2
a7c793,N600DJ,Gulfstream,G650,Large,Rolls-Royce,BR725,2
a88de8,N650NB,Gulfstream,G650,Large,Rolls-Royce,BR725,2
ab5648,N83CW,Gulfstream,G650,Large,Rolls-Royce,BR725,2
a2a91a,N2702,Gulfstream,G650,Large,Rolls-Royce,BR725,2
a00181,N1RH,Gulfstream,G650,Large,Rolls-Royce,BR725,2
a8e3bd,N672GA,Gulfstream,G650,Large,Rolls-Royce,BR725,2
ac315b,N885KT,Gulfstream,G650,Large,Rolls-Royce,BR725,2
a30c5b,N296GA,Gulfstream,G650,Large,Rolls-Royce,BR725,2
a114c7,N169TA,Gulfstream,G650,Large,Rolls-Royce,BR725,2
a36588,N318LE,Gulfstream,G650,Large,Rolls-Royce,BR725,2
a83c91,N63NB,Gulfstream,G650,Large,Rolls-Royce,BR725,2
a332d3,N305KN,Gulfstream,G650,Large,Rolls-Royce,BR725,2
a63a2c,N500CK,Gulfstream,G650,Large,Rolls-Royce,BR725,2
a21084,N232G,Gulfstream,G650,Large,Rolls-Royce,BR725,2
ab9657,N846CB,Gulfstream,G650,Large,Rolls-Royce,BR725,2
a88d66,N650GX,Gulfstream,G650,Large,Rolls-Royce,BR725,2
aaae98,N788DQ,Gulfstream,G650,Large,Rolls-Royce,BR725,2
406b4b,G-REFO,Gulfstream,G650,Large,Rolls-Royce,BR725,2
a2e893,N287GA,Gulfstream,G650,Large,Rolls-Royce,BR725,2
a88ddf,N650MT,Gulfstream,G650,Large,Rolls-Royce,BR725,2
a955e3,N700PR,Gulfstream,G650,Large,Rolls-Royce,BR725,2
706053,9K-GGB,Gulfstream,G650,Large,Rolls-Royce,BR725,2
a816d7,N620GD,Gulfstream,G650,Large,Rolls-Royce,BR725,2
43ea36,M-INSK,Gulfstream,G650,Large,Rolls-Royce,BR725,2
a35644,N314GA,Gulfstream,G650,Large,Rolls-Royce,BR725,2
ac6346,N898CH,Gulfstream,G650,Large,Rolls-Royce,BR725,2
a74c7f,N57EL,Gulfstream,G650,Large,Rolls-Royce,BR725,2
a8f650,N677GA,Gulfstream,G650,Large,Rolls-Royce,BR725,2
a15de5,N1876P,Gulfstream,G650,Large,Rolls-Royce,BR725,2
a7cf44,N602GA,Gulfstream,G650,Large,Rolls-Royce,BR725,2
a39d9e,N332DX,Gulfstream,G650,Large,Rolls-Royce,BR725,2
a4a877,N4FL,Gulfstream,G650,Large,Rolls-Royce,BR725,2
a33da1,N308GA,Gulfstream,G650,Large,Rolls-Royce,BR725,2
a7fe34,N614GD,Gulfstream,G650,Large,Rolls-Royce,BR725,2
ac35ab,N886RW,Gulfstream,G650,Large,Rolls-Royce,BR725,2
a2992c,N267BW,Gulfstream,G650,Large,Rolls-Royce,BR725,2
a079b1,N13JS,Gulfstream,G650,Large,Rolls-Royce,BR725,2
a8fa07,N678GA,Gulfstream,G650,Large,Rolls-Royce,BR725,2
a2d600,N282GA,Gulfstream,G650,Large,Rolls-Royce,BR725,2
a83e56,N630GD,Gulfstream,G650,Large,Rolls-Royce,BR725,2
a1a521,N205FP,Gulfstream,G650,Large,Rolls-Royce,BR725,2
a40460,N358V,Gulfstream,G650,Large,Rolls-Royce,BR725,2
aa17b7,N75AG,Gulfstream,G650,Large,Rolls-Royce,BR725,2
a68009,N518KA,Gulfstream,G650,Large,Rolls-Royce,BR725,2
ab2747,N818CA,Gulfstream,G650,Large,Rolls-Royce,BR725,2
424b1f,M-YGIG,Gulfstream,G650,Large,Rolls-Royce,BR725,2
345094,EC-MHZ,Gulfstream,G650,Large,Rolls-Royce,BR725,2
a8059f,N616GA,Gulfstream,G650,Large,Rolls-Royce,BR725,2
a88e98,N650VC,Gulfstream,G650,Large,Rolls-Royce,BR725,2
a7df1a,N606SA,Gulfstream,G650,Large,Rolls-Royce,BR725,2
3c19a5,D-AYSM,Gulfstream,G650,Large,Rolls-Royce,BR725,2
ab525a,N829AR,Gulfstream,G650,Large,Rolls-Royce,BR725,2
a35409,N313XF,Gulfstream,G650,Large,Rolls-Royce,BR725,2
a8e165,N671WB,Gulfstream,G650,Large,Rolls-Royce,BR725,2
acbe4f,N920BM,Gulfstream,G650,Large,Rolls-Royce,BR725,2
ac68ef,N899YF,Gulfstream,G650,Large,Rolls-Royce,BR725,2
a7b013,N595B,Gulfstream,G650,Large,Rolls-Royce,BR725,2
a0007f,N1F,Gulfstream,G650,Large,Rolls-Royce,BR725,2
a0de77,N155TM,Gulfstream,G650,Large,Rolls-Royce,BR725,2
aaf625,N805TM,Gulfstream,G650,Large,Rolls-Royce,BR725,2
a7c7e6,N600GS,Gulfstream,G650,Large,Rolls-Royce,BR725,2
a368d7,N319GA,Gulfstream,G650,Large,Rolls-Royce,BR725,2
4b19d1,HB-JUF,Gulfstream,G650,Large,Rolls-Royce,BR725,2
a894bb,N652FX,Gulfstream,G650,Large,Rolls-Royce,BR725,2
ac701e,N900KS,Gulfstream,G650,Large,Rolls-Royce,BR725,2
a7c7a5,N600EB,Gulfstream,G650,Large,Rolls-Royce,BR725,2
a2fd7f,N292GA,Gulfstream,G650,Large,Rolls-Royce,BR725,2
4241f2,VP-CKB,Gulfstream,G650,Large,Rolls-Royce,BR725,2
ab4b2a,N827DC,Gulfstream,G650,Large,Rolls-Royce,BR725,2
ac8256,N905GA,Gulfstream,G650,Large,Rolls-Royce,BR725,2
a88dde,N650MS,Gulfstream,G650,Large,Rolls-Royce,BR725,2
a98143,N711RH,Gulfstream,G650,Large,Rolls-Royce,BR725,2
a16058,N188W,Gulfstream,G650,Large,Rolls-Royce,BR725,2
ac643b,N898NC,Gulfstream,G650,Large,Rolls-Royce,BR725,2
706055,9K-GGD,Gulfstream,G650,Large,Rolls-Royce,BR725,2
ac3c44,N888HH,Gulfstream,G650,Large,Rolls-Royce,BR725,2
ac705b,N900NC,Gulfstream,G650,Large,Rolls-Royce,BR725,2
a94905,N698GA,Gulfstream,G650,Large,Rolls-Royce,BR725,2
a7bf70,N599GD,Gulfstream,G650,Large,Rolls-Royce,BR725,2
aa1439,N749CP,Gulfstream,G650,Large,Rolls-Royce,BR725,2
a88dfd,N650NY,Gulfstream,G650,Large,Rolls-Royce,BR725,2
a8ced1,N667GA,Gulfstream,G650,Large,Rolls-Royce,BR725,2
a831cf,N627SA,Gulfstream,G650,Large,Rolls-Royce,BR725,2
a110a7,N168NW,Gulfstream,G650,Large,Rolls-Royce,BR725,2
a88cec,N650C,Gulfstream,G650,Large,Rolls-Royce,BR725,2
a082c3,N132BL,Gulfstream,G650,Large,Rolls-Royce,BR725,2
a63a43,N500DH,Gulfstream,G650,Large,Rolls-Royce,BR725,2
ac39dc,N887WT,Gulfstream,G650,Large,Rolls-Royce,BR725,2
a0aaf7,N142JS,Gulfstream,G650,Large,Rolls-Royce,BR725,2
a88ecd,N650XF,Gulfstream,G650,Large,Rolls-Royce,BR725,2
a9f324,N740GD,Gulfstream,G650,Large,Rolls-Royce,BR725,2
424b59,M-CAPE,Gulfstream,G650,Large,Rolls-Royce,BR725,2
43ea73,M-YSIX,Gulfstream,G650,Large,Rolls-Royce,BR725,2
a16692,N19HS,Gulfstream,G650,Large,Rolls-Royce,BR725,2
06a1c7,A7-CGB,Gulfstream,G650,Large,Rolls-Royce,BR725,2
a8bbe1,N662CH,Gulfstream,G650,Large,Rolls-Royce,BR725,2
440998,OE-LUC,Gulfstream,G650,Large,Rolls-Royce,BR725,2
780a9d,B-LHK,Gulfstream,G650,Large,Rolls-Royce,BR725,2
a31012,N297GA,Gulfstream,G650,Large,Rolls-Royce,BR725,2
a88df6,N650NR,Gulfstream,G650,Large,Rolls-Royce,BR725,2
a2d249,N281GA,Gulfstream,G650,Large,Rolls-Royce,BR725,2
a2edb7,N288WR,Gulfstream,G650,Large,Rolls-Royce,BR725,2
acbc10,N92CN,Gulfstream,G650,Large,Rolls-Royce,BR725,2
424408,VQ-BAH,Gulfstream,G650,Large,Rolls-Royce,BR725,2
a88de1,N650MV,Gulfstream,G650,Large,Rolls-Royce,BR725,2
a950b2,N7JP,Gulfstream,G650,Large,Rolls-Royce,BR725,2
a9419a,N696GD,Gulfstream,G650,Large,Rolls-Royce,BR725,2
424757,VP-CTS,Gulfstream,G650,Large,Rolls-Royce,BR725,2
a8926a,N651WE,Gulfstream,G650,Large,Rolls-Royce,BR725,2
aa4a1a,N762MS,Gulfstream,G650,Large,Rolls-Royce,BR725,2
a19278,N200ES,Gulfstream,G650,Large,Rolls-Royce,BR725,2
a890ab,N651CH,Gulfstream,G650,Large,Rolls-Royce,BR725,2
a16aad,N1901G,Gulfstream,G650,Large,Rolls-Royce,BR725,2
a7cb30,N601CH,Gulfstream,G650,Large,Rolls-Royce,BR725,2
a63a87,N500GA,Gulfstream,G650,Large,Rolls-Royce,BR725,2
a6982f,N524EA,Gulfstream,G650,Large,Rolls-Royce,BR725,2
a032bb,N1113R,Gulfstream,G650,Large,Rolls-Royce,BR725,2
a022b9,N108DB,Gulfstream,G650,Large,Rolls-Royce,BR725,2
aaf624,N805TL,Gulfstream,G650,Large,Rolls-Royce,BR725,2
a0a143,N14KL,Gulfstream,G650,Large,Rolls-Royce,BR725,2
a18842,N1980G,Gulfstream,G650,Large,Rolls-Royce,BR725,2
a89be8,N654DG,Gulfstream,G650,Large,Rolls-Royce,BR725,2
780a9a,B-KEY,Gulfstream,G650,Large,Rolls-Royce,BR725,2
a16534,N1895T,Gulfstream,G650,Large,Rolls-Royce,BR725,2
a2c882,N279GA,Gulfstream,G650,Large,Rolls-Royce,BR725,2
a32879,N302TR,Gulfstream,G650,Large,Rolls-Royce,BR725,2
a88d33,N650EW,Gulfstream,G650,Large,Rolls-Royce,BR725,2
a2076d,N23PA,Gulfstream,G650,Large,Rolls-Royce,BR725,2
43eac3,M-GULF,Gulfstream,G650,Large,Rolls-Royce,BR725,2
a835af,N628TS,Gulfstream,G650,Large,Rolls-Royce,BR725,2
4b174b,HB-IVJ,Gulfstream,G650,Large,Rolls-Royce,BR725,2
ad441a,N954GA,Gulfstream,G650,Large,Rolls-Royce,BR725,2
ad3f65,N9527C,Gulfstream,G650,Large,Rolls-Royce,BR725,2
a1c13f,N212DD,Gulfstream,G650,Large,Rolls-Royce,BR725,2
a4b4a6,N402GA,Gulfstream,G650,Large,Rolls-Royce,BR725,2
a63a99,N500GU,Gulfstream,G650,Large,Rolls-Royce,BR725,2
a5748a,N4500X,Gulfstream,G650,Large,Rolls-Royce,BR725,2
42476a,VP-CJJ,Gulfstream,G650,Large,Rolls-Royce,BR725,2
a24b0c,N247LT,Gulfstream,G650,Large,Rolls-Royce,BR725,2
a88d26,N650EH,Gulfstream,G650,Large,Rolls-Royce,BR725,2
a8b82a,N661CH,Gulfstream,G650,Large,Rolls-Royce,BR725,2
a88cc0,N650AF,Gulfstream,G650,Large,Rolls-Royce,BR725,2
a0054b,N100GA,Gulfstream,G650,Large,Rolls-Royce,BR725,2
a84175,N631AB,Gulfstream,G650,Large,Rolls-Royce,BR725,2
4b1855,HB-JFP,Gulfstream,G650,Large,Rolls-Royce,BR725,2
a8e774,N673GA,Gulfstream,G650,Large,Rolls-Royce,BR725,2
a5e7c9,N48RT,Gulfstream,G650,Large,Rolls-Royce,BR725,2
4850b0,P4-GVI,Gulfstream,G650,Large,Rolls-Royce,BR725,2
a96c14,N706NR,Gulfstream,G650,Large,Rolls-Royce,BR725,2
a53341,N434PB,Gulfstream,G650,Large,Rolls-Royce,BR725,2
a7d30b,N603GS,Gulfstream,G650,Large,Rolls-Royce,BR725,2
ace463,N93M,Gulfstream,G650,Large,Rolls-Royce,BR725,2
4b18f0,HB-JLO,Gulfstream,G650,Large,Rolls-Royce,BR725,2
acb0de,N917C,Gulfstream,G650,Large,Rolls-Royce,BR725,2
a35db2,N316GA,Gulfstream,G650,Large,Rolls-Royce,BR725,2
a05298,N12NU,Gulfstream,G650,Large,Rolls-Royce,BR725,2
a4d7e2,N411AL,Gulfstream,G650,Large,Rolls-Royce,BR725,2
a39988,N331AB,Gulfstream,G650,Large,Rolls-Royce,BR725,2
a3fbae,N356GA,Gulfstream,G650,Large,Rolls-Royce,BR725,2
ac7088,N900PY,Gulfstream,G650,Large,Rolls-Royce,BR725,2
a0c902,N15N,Gulfstream,G650,Large,Rolls-Royce,BR725,2
a83c23,N63HS,Gulfstream,G650,Large,Rolls-Royce,BR725,2
acc5f0,N922DN,Gulfstream,G650,Large,Rolls-Royce,BR725,2
a8b426,N66ZG,Gulfstream,G650,Large,Rolls-Royce,BR725,2
a23e71,N2437,Gulfstream,G650,Large,Rolls-Royce,BR725,2
a598cb,N46RT,Gulfstream,G650,Large,Rolls-Royce,BR725,2
a68d61,N521HN,Gulfstream,G650,Large,Rolls-Royce,BR725,2
a7c8be,N600RH,Gulfstream,G650,Large,Rolls-Royce,BR725,2
a8927f,N651XA,Gulfstream,G650,Large,Rolls-Royce,BR725,2
a184ca,N1972,Gulfstream,G650,Large,Rolls-Royce,BR725,2
aa9244,N780TW,Gulfstream,G650,Large,Rolls-Royce,BR725,2
a6548b,N507GD,Gulfstream,G650,Large,Rolls-Royce,BR725,2
acc647,N922H,Gulfstream,G650,Large,Rolls-Royce,BR725,2
a89104,N651FX,Gulfstream,G650,Large,Rolls-Royce,BR725,2
a4cea8,N409GB,Gulfstream,G650,Large,Rolls-Royce,BR725,2
a2dd6e,N284GA,Gulfstream,G650,Large,Rolls-Royce,BR725,2
a7c7cc,N600FR,Gulfstream,G650,Large,Rolls-Royce,BR725,2
4242f9,VP-BMP,Gulfstream,G650,Large,Rolls-Royce,BR725,2
a932be,N692GD,Gulfstream,G650,Large,Rolls-Royce,BR725,2
a9a48c,N720LF,Gulfstream,G650,Large,Rolls-Royce,BR725,2
a16009,N188SW,Gulfstream,G650,Large,Rolls-Royce,BR725,2
a0014e,N1PG,Gulfstream,G650,Large,Rolls-Royce,BR725,2
a34ac1,N311CG,Gulfstream,G650,Large,Rolls-Royce,BR725,2
ac442a,N89NC,Gulfstream,G650,Large,Rolls-Royce,BR725,2
ad4930,N955WB,Gulfstream,G650,Large,Rolls-Royce,BR725,2
acceb2,N924TC,Gulfstream,G650,Large,Rolls-Royce,BR725,2
885a6b,HS-VSK,Gulfstream,G650,Large,Rolls-Royce,BR725,2
aadd36,N8AL,Gulfstream,G650,Large,Rolls-Royce,BR725,2
a80956,N617GA,Gulfstream,G650,Large,Rolls-Royce,BR725,2
a3817a,N325GA,Gulfstream,G650,Large,Rolls-Royce,BR725,2
a88d20,N650EB,Gulfstream,G650,Large,Rolls-Royce,BR725,2
a89462,N652CH,Gulfstream,G650,Large,Rolls-Royce,BR725,2
a17dd1,N1955M,Gulfstream,G650,Large,Rolls-Royce,BR725,2
a33633,N306GA,Gulfstream,G650,Large,Rolls-Royce,BR725,2
406f7d,G-GSVI,Gulfstream,G650,Large,Rolls-Royce,BR725,2
a21b34,N235BH,Gulfstream,G650,Large,Rolls-Royce,BR725,2
aadd29,N79999,Gulfstream,G650,Large,Rolls-Royce,BR725,2
a67853,N516GD,Gulfstream,G650,Large,Rolls-Royce,BR725,2
a89fe4,N655GA,Gulfstream,G650,Large,Rolls-Royce,BR725,2
a8bc3a,N662FX,Gulfstream,G650,Large,Rolls-Royce,BR725,2
a88d6a,N650HA,Gulfstream,G650,Large,Rolls-Royce,BR725,2
a4ad37,N400G,Gulfstream,G650,Large,Rolls-Royce,BR725,2
a5c07a,N47TR,Gulfstream,G650,Large,Rolls-Royce,BR725,2
a4e7f8,N415P,Gulfstream,G650,Large,Rolls-Royce,BR725,2
a87a8f,N6453,Gulfstream,G650,Large,Rolls-Royce,BR725,2
4247b0,VP-CZC,Gulfstream,G650,Large,Rolls-Royce,BR725,2
a8c773,N665GS,Gulfstream,G650,Large,Rolls-Royce,BR725,2
a650e1,N506GS,Gulfstream,G650,Large,Rolls-Royce,BR725,2
a0f0e6,N16SA,Gulfstream,G650,Large,Rolls-Royce,BR725,2
a7d6b2,N604GA,Gulfstream,G650,Large,Rolls-Royce,BR725,2
a8a74e,N657FX,Gulfstream,G650,Large,Rolls-Royce,BR725,2
adf1a2,N998PB,Gulfstream,G650,Large,Rolls-Royce,BR725,2
5000b6,T7-AZG,Gulfstream,G650,Large,Rolls-Royce,BR725,2
a2f001,N289GA,Gulfstream,G650,Large,Rolls-Royce,BR725,2
ab772b,N838MF,Gulfstream,G650,Large,Rolls-Royce,BR725,2
a210cf,N232K,Gulfstream,G650,Large,Rolls-Royce,BR725,2
a23f37,N244DS,Gulfstream,G650,Large,Rolls-Royce,BR725,2
a4a437,N399,Gulfstream,G650,Large,Rolls-Royce,BR725,2
a73e71,N566NS,Gulfstream,G650,Large,Rolls-Royce,BR725,2
a88ebf,N650WS,Gulfstream,G650,Large,Rolls-Royce,BR725,2
42479a,VP-CKL,Gulfstream,G650,Large,Rolls-Royce,BR725,2
a43b59,N372BG,Gulfstream,G650,Large,Rolls-Royce,BR725,2
4243fd,VQ-BNZ,Gulfstream,G650,Large,Rolls-Royce,BR725,2
4241d8,VP-CZA,Gulfstream,G650,Large,Rolls-Royce,BR725,2
0d0772,XA-BAL,Gulfstream,G650,Large,Rolls-Royce,BR725,2
a6d8ec,N540LF,Gulfstream,G650,Large,Rolls-Royce,BR725,2
a6ea8f,N545AR,Gulfstream,G650,Large,Rolls-Royce,BR725,2
a674e4,N515KA,Gulfstream,G650,Large,Rolls-Royce,BR725,2
a88ede,N650XY,Gulfstream,G650,Large,Rolls-Royce,BR725,2
abc549,N858CG,Gulfstream,G650,Large,Rolls-Royce,BR725,2
a023b3,N108PB,Gulfstream,G650,Large,Rolls-Royce,BR725,2
a339c2,N307EL,Gulfstream,G650,Large,Rolls-Royce,BR725,2
a8cb08,N666FH,Gulfstream,G650,Large,Rolls-Royce,BR725,2
a88e71,N650TP,Gulfstream,G650,Large,Rolls-Royce,BR725,2
43ec39,2-EPIC,Gulfstream,G650,Large,Rolls-Royce,BR725,2
a00cb9,N102GA,Gulfstream,G650,Large,Rolls-Royce,BR725,2
43eaa6,M-SHEF,Gulfstream,G650,Large,Rolls-Royce,BR725,2
a475b1,N387EB,Gulfstream,G650,Large,Rolls-Royce,BR725,2
a16068,N188WR,Gulfstream,G650,Large,Rolls-Royce,BR725,2
a9846e,N712KT,Gulfstream,G650,Large,Rolls-Royce,BR725,2
a72500,N56EL,Gulfstream,G650,Large,Rolls-Royce,BR725,2
4d2163,9H-DTY,Gulfstream,G650,Large,Rolls-Royce,BR725,2
a6630f,N510SR,Gulfstream,G650,Large,Rolls-Royce,BR725,2
a78cc9,N586GA,Gulfstream,G650,Large,Rolls-Royce,BR725,2
a63c13,N500XX,Gulfstream,G650,Large,Rolls-Royce,BR725,2
1427dc,RA-10204,Gulfstream,G650,Large,Rolls-Royce,BR725,2
a78922,N585GS,Gulfstream,G650,Large,Rolls-Royce,BR725,2
43e9fd,M-NGNG,Gulfstream,G650,Large,Rolls-Royce,BR725,2
a2aa92,N271DV,Gulfstream,G650,Large,Rolls-Royce,BR725,2
aaf619,N805T,Gulfstream,G650,Large,Rolls-Royce,BR725,2
a0f57e,N161B,Gulfstream,G650,Large,Rolls-Royce,BR725,2
a1745b,N193LS,Gulfstream,G650,Large,Rolls-Royce,BR725,2
a0005e,N1DS,Gulfstream,G650,Large,Rolls-Royce,BR725,2
acb60d,N918TA,Gulfstream,G650,Large,Rolls-Royce,BR725,2
424244,VP-BLF,Gulfstream,G650,Large,Rolls-Royce,BR725,2
a0b82f,N1454H,Gulfstream,G650,Large,Rolls-Royce,BR725,2
4d214e,9H-LZM,Gulfstream,G650,Large,Rolls-Royce,BR725,2
ac2bbb,N8833,Gulfstream,G650,Large,Rolls-Royce,BR725,2
aab6f8,N79PG,Gulfstream,G650,Large,Rolls-Royce,BR725,2
a34e51,N312AT,Gulfstream,G650,Large,Rolls-Royce,BR725,2
a66977,N512GD,Gulfstream,G650,Large,Rolls-Royce,BR725,2
a4d149,N4096Q,Gulfstream,G650,Large,Rolls-Royce,BR725,2
a3133d,N298AL,Gulfstream,G650,Large,Rolls-Royce,BR725,2
a117ad,N17JS,Gulfstream,G650,Large,Rolls-Royce,BR725,2
a0c081,N148B,Gulfstream,G650,Large,Rolls-Royce,BR725,2
ac3f7e,N889CH,Gulfstream,G650,Large,Rolls-Royce,BR725,2
a35374,N313RG,Gulfstream,G650,Large,Rolls-Royce,BR725,2
a94197,N696GA,Gulfstream,G650,Large,Rolls-Royce,BR725,2
a16693,N19HT,Gulfstream,G650,Large,Rolls-Royce,BR725,2
a65bf9,N509GD,Gulfstream,G650,Large,Rolls-Royce,BR725,2
a88d06,N650DA,Gulfstream,G650,Large,Rolls-Royce,BR725,2
a7b1aa,N595TG,Gulfstream,G650,Large,Rolls-Royce,BR725,2
ac39d6,N887WM,Gulfstream,G650,Large,Rolls-Royce,BR725,2
a89fe0,N655FX,Gulfstream,G650,Large,Rolls-Royce,BR725,2
a7c8fe,N600TX,Gulfstream,G650,Large,Rolls-Royce,BR725,2
a66209,N510GD,Gulfstream,G650,Large,Rolls-Royce,BR725,2
a24666,N246BD,Gulfstream,G650,Large,Rolls-Royce,BR725,2
a6bd28,N533SF,Gulfstream,G650,Large,Rolls-Royce,BR725,2
ac6fc3,N900GA,Gulfstream,G650,Large,Rolls-Royce,BR725,2
a64ad4,N504WV,Gulfstream,G650,Large,Rolls-Royce,BR725,2
aa40ec,N76TV,Gulfstream,G650,Large,Rolls-Royce,BR725,2
a7c8bd,N600RG,Gulfstream,G650,Large,Rolls-Royce,BR725,2
424761,VP-CSG,Gulfstream,G650,Large,Rolls-Royce,BR725,2
42476e,VP-CVI,Gulfstream,G650,Large,Rolls-Royce,BR725,2
a67909,N516PL,Gulfstream,G650,Large,Rolls-Royce,BR725,2
a7e1da,N607GD,Gulfstream,G650,Large,Rolls-Royce,BR725,2
a015e8,N1040,Gulfstream,G650,Large,Rolls-Royce,BR725,2
a92f04,N691GA,Gulfstream,G650,Large,Rolls-Royce,BR725,2
a2bd5d,N276GA,Gulfstream,G650,Large,Rolls-Royce,BR725,2
a00028,N1BN,Gulfstream,G650,Large,Rolls-Royce,BR725,2
a45cdf,N380SE,Gulfstream,G650,Large,Rolls-Royce,BR725,2
a32b0e,N303GA,Gulfstream,G650,Large,Rolls-Royce,BR725,2
a42aaf,N368GW,Gulfstream,G650,Large,Rolls-Royce,BR725,2
a88d6f,N650HF,Gulfstream,G650,Large,Rolls-Royce,BR725,2
a6d9e0,N540W,Gulfstream,G650,Large,Rolls-Royce,BR725,2
aa355a,N757PL,Gulfstream,G650,Large,Rolls-Royce,BR725,2
a6749c,N515GD,Gulfstream,G650,Large,Rolls-Royce,BR725,2
a0000d,N1AL,Gulfstream,G650,Large,Rolls-Royce,BR725,2
a89442,N652BA,Gulfstream,G650,Large,Rolls-Royce,BR725,2
a88d2e,N650ER,Gulfstream,G650,Large,Rolls-Royce,BR725,2
a41fe0,N365LG,Gulfstream,G650,Large,Rolls-Royce,BR725,2
a88dad,N650KT,Gulfstream,G650,Large,Rolls-Royce,BR725,2
a65842,N508GD,Gulfstream,G650,Large,Rolls-Royce,BR725,2
a1bdf9,N211HS,Gulfstream,G650,Large,Rolls-Royce,BR725,2
a6584f,N508GS,Gulfstream,G650,Large,Rolls-Royce,BR725,2
a31ae0,N3CP,Gulfstream,G650,Large,Rolls-Royce,BR725,2
a95078,N7GF,Gulfstream,G650,Large,Rolls-Royce,BR725,2
adf64f,N999YY,Gulfstream,G650,Large,Rolls-Royce,BR725,2
a9247d,N68885,Gulfstream,G650,Large,Rolls-Royce,BR725,2
a81a8e,N621GD,Gulfstream,G650,Large,Rolls-Royce,BR725,2
a7c2d8,N6D,Gulfstream,G650,Large,Rolls-Royce,BR725,2
a88e04,N650PE,Gulfstream,G650,Large,Rolls-Royce,BR725,2
a3a19f,N333GW,Gulfstream,G650,Large,Rolls-Royce,BR725,2
a17e83,N196AP,Gulfstream,G650,Large,Rolls-Royce,BR725,2
a304ed,N294GA,Gulfstream,G650,Large,Rolls-Royce,BR725,2
a5611c,N446CC,Gulfstream,G650,Large,Rolls-Royce,BR725,2
adca0b,N988NC,Gulfstream,G650,Large,Rolls-Royce,BR725,2
a665ff,N511JS,Gulfstream,G650,Large,Rolls-Royce,BR725,2
a88d4d,N650FX,Gulfstream,G650,Large,Rolls-Royce,BR725,2
a7f30c,N611GA,Gulfstream,G650,Large,Rolls-Royce,BR725,2
a403af,N358MY,Gulfstream,G650,Large,Rolls-Royce,BR725,2
a88e38,N650RG,Gulfstream,G650,Large,Rolls-Royce,BR725,2
a912aa,N684GA,Gulfstream,G650,Large,Rolls-Royce,BR725,2
a8e7f3,N673MC,Gulfstream,G650,Large,Rolls-Royce,BR725,2
a88e7a,N650TY,Gulfstream,G650,Large,Rolls-Royce,BR725,2
a9a862,N721MM,Gulfstream,G650,Large,Rolls-Royce,BR725,2
ad57a2,N959RW,Gulfstream,G650,Large,Rolls-Royce,BR725,2
acb9ac,N919SB,Gulfstream,G650,Large,Rolls-Royce,BR725,2
ac3c78,N888KK,Gulfstream,G650,Large,Rolls-Royce,BR725,2
a79535,N588SE,Gulfstream,G650,Large,Rolls-Royce,BR725,2
a00c42,N102BG,Gulfstream,G650,Large,Rolls-Royce,BR725,2
a6df68,N542AP,Gulfstream,G650,Large,Rolls-Royce,BR725,2
a642a3,N502P,Gulfstream,G650,Large,Rolls-Royce,BR725,2
a63a65,N500ES,Gulfstream,G650,Large,Rolls-Royce,BR725,2
a3d0e6,N345LL,Gulfstream,G650,Large,Rolls-Royce,BR725,2
a45bbe,N380ER,Gulfstream,G650,Large,Rolls-Royce,BR725,2
a88d05,N650D,Gulfstream,G650,Large,Rolls-Royce,BR725,2
aa8a86,N779AR,Gulfstream,G650,Large,Rolls-Royce,BR725,2
a5a91d,N464GR,Gulfstream,G650,Large,Rolls-Royce,BR725,2
accdd3,N924JE,Gulfstream,G650,Large,Rolls-Royce,BR725,2
abed75,N868KE,Gulfstream,G650,Large,Rolls-Royce,BR725,2
adc995,N988HK,Gulfstream,G650,Large,Rolls-Royce,BR725,2
a90352,N680BB,Gulfstream,G650,Large,Rolls-Royce,BR725,2
a903d1,N680GD,Gulfstream,G650,Large,Rolls-Royce,BR725,2
a94cbf,N699GD,Gulfstream,G650,Large,Rolls-Royce,BR725,2
a635db,N5GG,Gulfstream,G650,Large,Rolls-Royce,BR725,2
424c1a,M-WHIZ,Gulfstream,G650,Large,Rolls-Royce,BR725,2
ab374c,N82123,Gulfstream,G650,Large,Rolls-Royce,BR725,2
a89549,N652MP,Gulfstream,G650,Large,Rolls-Royce,BR725,2
a18845,N1980K,Gulfstream,G650,Large,Rolls-Royce,BR725,2
aa86cf,N778AR,Gulfstream,G650,Large,Rolls-Royce,BR725,2
aa463e,N761LE,Gulfstream,G650,Large,Rolls-Royce,BR725,2
a64973,N504GS,Gulfstream,G650,Large,Rolls-Royce,BR725,2
a00986,N101MH,Gulfstream,G650,Large,Rolls-Royce,BR725,2
ab2404,N817GS,Gulfstream,G650,Large,Rolls-Royce,BR725,2
7c37bb,VH-LAL,Gulfstream,G650,Large,Rolls-Royce,BR725,2
a2ec4a,N288GA,Gulfstream,G650,Large,Rolls-Royce,BR725,2
344488,EC-LYK,Gulfstream,G650,Large,Rolls-Royce,BR725,2
ac35b6,N886SG,Gulfstream,G650,Large,Rolls-Royce,BR725,2
a00059,N1DM,Gulfstream,G650,Large,Rolls-Royce,BR725,2
a32b32,N303HM,Gulfstream,G650,Large,Rolls-Royce,BR725,2
a00529,N100ES,Gulfstream,G650,Large,Rolls-Royce,BR725,2
ad243c,N946JB,Gulfstream,G650,Large,Rolls-Royce,BR725,2
a3cc38,N344AP,Gulfstream,G650,Large,Rolls-Royce,BR725,2
a48e35,N393CW,Gulfstream,G650,Large,Rolls-Royce,BR725,2
43ea19,M-WIND,Gulfstream,G650,Large,Rolls-Royce,BR725,2
abfa9a,N871FR,Gulfstream,G650,Large,Rolls-Royce,BR725,2
a2c52e,N278L,Gulfstream,G650,Large,Rolls-Royce,BR725,2
a2a77b,N270LE,Gulfstream,G650,Large,Rolls-Royce,BR725,2
a454f5,N3788B,Gulfstream,G650,Large,Rolls-Royce,BR725,2
a283fc,N261PC,Gulfstream,G650,Large,Rolls-Royce,BR725,2
a88d52,N650GB,Gulfstream,G650,Large,Rolls-Royce,BR725,2
aae2a5,N800J,Gulfstream,G650,Large,Rolls-Royce,BR725,2
a35093,N312ZW,Gulfstream,G650,Large,Rolls-Royce,BR725,2
a8e009,N671GD,Gulfstream,G650,Large,Rolls-Royce,BR725,2
42479e,VP-CYL,Gulfstream,G650,Large,Rolls-Royce,BR725,2
a64205,N502GS,Gulfstream,G650,Large,Rolls-Royce,BR725,2
a34768,N310GA,Gulfstream,G650,Large,Rolls-Royce,BR725,2
a81761,N620MS,Gulfstream,G650,Large,Rolls-Royce,BR725,2
a8e78d,N673HA,Gulfstream,G650,Large,Rolls-Royce,BR725,2
8990f9,B-99988,Gulfstream,G650,Large,Rolls-Royce,BR725,2
a88e41,N650RR,Gulfstream,G650,Large,Rolls-Royce,BR725,2
a89872,N653FX,Gulfstream,G650,Large,Rolls-Royce,BR725,2
a00198,N1SF,Gulfstream,G650,Large,Rolls-Royce,BR725,2
0d0c0e,XA-CHR,Gulfstream,G650,Large,Rolls-Royce,BR725,2
43e9d5,M-JCBB,Gulfstream,G650,Large,Rolls-Royce,BR725,2
a88e00,N650PA,Gulfstream,G650,Large,Rolls-Royce,BR725,2
a7d6b3,N604GB,Gulfstream,G650,Large,Rolls-Royce,BR725,2
424782,VP-CCW,Gulfstream,G650,Large,Rolls-Royce,BR725,2
a8f29c,N676GD,Gulfstream,G650,Large,Rolls-Royce,BR725,2
a93de3,N695GD,Gulfstream,G650,Large,Rolls-Royce,BR725,2
a0a97b,N1415N,Gulfstream,G650,Large,Rolls-Royce,BR725,2
a95503,N700ES,Gulfstream,G650,Large,Rolls-Royce,BR725,2
4d0225,LX-GVI,Gulfstream,G650,Large,Rolls-Royce,BR725,2
42479b,VP-CJR,Gulfstream,G650,Large,Rolls-Royce,BR725,2
a7de20,N606GA,Gulfstream,G650,Large,Rolls-Royce,BR725,2
a8d642,N669GD,Gulfstream,G650,Large,Rolls-Royce,BR725,2
a78911,N585G,Gulfstream,G650,Large,Rolls-Royce,BR725,2
4cab82,EI-JSK,Gulfstream,G650,Large,Rolls-Royce,BR725,2
a81e42,N622GA,Gulfstream,G650,Large,Rolls-Royce,BR725,2
aadecd,N8ST,Gulfstream,G650,Large,Rolls-Royce,BR725,2
a18e9d,N2PG,Gulfstream,G650,Large,Rolls-Royce,BR725,2
a6cb15,N537GS,Gulfstream,G650,Large,Rolls-Royce,BR725,2
a8db67,N67WV,Gulfstream,G650,Large,Rolls-Royce,BR725,2
a88d5b,N650GL,Gulfstream,G650,Large,Rolls-Royce,BR725,2
ab0e30,N811MK,Gulfstream,G650,Large,Rolls-Royce,BR725,2
a011d4,N103WG,Gulfstream,G650,Large,Rolls-Royce,BR725,2
a8bc3e,N662GA,Gulfstream,G650,Large,Rolls-Royce,BR725,2
ac3428,N886AJ,Gulfstream,G650,Large,Rolls-Royce,BR725,2
a56d31,N449MT,Gulfstream,G650,Large,Rolls-Royce,BR725,2
a79080,N587GA,Gulfstream,G650,Large,Rolls-Royce,BR725,2
a23047,N240CX,Gulfstream,G650,Large,Rolls-Royce,BR725,2
a797ee,N589GA,Gulfstream,G650,Large,Rolls-Royce,BR725,2
a07f44,N131DS,Gulfstream,G650,Large,Rolls-Royce,BR725,2
1427dd,RA-10205,Gulfstream,G650,Large,Rolls-Royce,BR725,2
aa3908,N758PB,Gulfstream,G650,Large,Rolls-Royce,BR725,2
42476c,VP-CZB,Gulfstream,G650,Large,Rolls-Royce,BR725,2
a88d54,N650GD,Gulfstream,G650,Large,Rolls-Royce,BR725,2
ac3625,N886WT,Gulfstream,G650,Large,Rolls-Royce,BR725,2
a88d67,N650GY,Gulfstream,G650,Large,Rolls-Royce,BR725,2
706054,9K-GGC,Gulfstream,G650,Large,Rolls-Royce,BR725,2
a8b57e,N660P,Gulfstream,G650,Large,Rolls-Royce,BR725,2
a8eef2,N675GS,Gulfstream,G650,Large,Rolls-Royce,BR725,2
aa5869,N766GA,Gulfstream,G650,Large,Rolls-Royce,BR725,2
43eaa3,M-GAGA,Gulfstream,G650,Large,Rolls-Royce,BR725,2
a51280,N426GA,Gulfstream,G650,Large,Rolls-Royce,BR725,2
ac4b14,N891WW,Gulfstream,G650,Large,Rolls-Royce,BR725,2
43ea56,M-BHBH,Gulfstream,G650,Large,Rolls-Royce,BR725,2
a0017f,N1RF,Gulfstream,G650,Large,Rolls-Royce,BR725,2
4243e4,VQ-BMZ,Gulfstream,G650,Large,Rolls-Royce,BR725,2
a8b898,N661GT,Gulfstream,G650,Large,Rolls-Royce,BR725,2
a18e4c,N2LA,Gulfstream,G650,Large,Rolls-Royce,BR725,2
a91660,N685G,Gulfstream,G650,Large,Rolls-Royce,BR725,2
45dd84,OY-WLD,Gulfstream,G650,Large,Rolls-Royce,BR725,2
a03183,N111SJ,Gulfstream,G650,Large,Rolls-Royce,BR725,2
a88ec8,N650XA,Gulfstream,G650,Large,Rolls-Royce,BR725,2
a2f9c8,N291GA,Gulfstream,G650,Large,Rolls-Royce,BR725,2
a0ec67,N159JA,Gulfstream,G650,Large,Rolls-Royce,BR725,2
aa4089,N76PW,Gulfstream,G650,Large,Rolls-Royce,BR725,2
a8ab24,N658HC,Gulfstream,G650,Large,Rolls-Royce,BR725,2
a001bd,N1TT,Gulfstream,G650,Large,Rolls-Royce,BR725,2
a0051c,N100ED,Gulfstream,G650,Large,Rolls-Royce,BR725,2
a57616,N451CS,Gulfstream,G650,Large,Rolls-Royce,BR725,2
a8cb36,N666HD,Gulfstream,G650,Large,Rolls-Royce,BR725,2
abf7ac,N870PS,Gulfstream,G650,Large,Rolls-Royce,BR725,2
a7da69,N652MP,Gulfstream,G650,Large,Rolls-Royce,BR725,2
a64d1d,N505GD,Gulfstream,G650,Large,Rolls-Royce,BR725,2
a02faf,N1108M,Gulfstream,G650,Large,Rolls-Royce,BR725,2
a34ed6,N312GA,Gulfstream,G650,Large,Rolls-Royce,BR725,2
440730,OE-LZM,Gulfstream,G650,Large,Rolls-Royce,BR725,2
4247a0,VP-CPG,Gulfstream,G650,Large,Rolls-Royce,BR725,2
a952a4,N70EL,Gulfstream,G650,Large,Rolls-Royce,BR725,2
03e015,TR-KGM,Gulfstream,G650,Large,Rolls-Royce,BR725,2
43ea33,M-BADU,Gulfstream,G650,Large,Rolls-Royce,BR725,2
a351fd,N313AG,Gulfstream,G650,Large,Rolls-Royce,BR725,2
accb46,N923WC,Gulfstream,G650,Large,Rolls-Royce,BR725,2
345241,EC-MLR,Gulfstream,G650,Large,Rolls-Royce,BR725,2
a18e7d,N2N,Gulfstream,G650,Large,Rolls-Royce,BR725,2
43ea46,M-PLUS,Gulfstream,G650,Large,Rolls-Royce,BR725,2
a33d79,N308EL,Gulfstream,G650,Large,Rolls-Royce,BR725,2
ace64a,N930GL,Gulfstream,G650,Large,Rolls-Royce,BR725,2
a93a39,N694GS,Gulfstream,G650,Large,Rolls-Royce,BR725,2
a8d288,N668GA,Gulfstream,G650,Large,Rolls-Royce,BR725,2
a19a62,N202KR,Gulfstream,G650,Large,Rolls-Royce,BR725,2
a4ead9,N416EL,Gulfstream,G650,Large,Rolls-Royce,BR725,2
a91ddf,N687GS,Gulfstream,G650,Large,Rolls-Royce,BR725,2
aae67b,N801KF,Gulfstream,G650,Large,Rolls-Royce,BR725,2
a000fc,N1L,Gulfstream,G650,Large,Rolls-Royce,BR725,2
a4833d,N390ER,Gulfstream,G650,Large,Rolls-Royce,BR725,2
ab00a3,N808LV,Gulfstream,G650,Large,Rolls-Royce,BR725,2
ac3be7,N888DQ,Gulfstream,G650,Large,Rolls-Royce,BR725,2
a63b6e,N500RG,Gulfstream,G650,Large,Rolls-Royce,BR725,2
424765,VP-CGN,Gulfstream,G650,Large,Rolls-Royce,BR725,2
adc930,N988DJ,Gulfstream,G650,Large,Rolls-Royce,BR725,2
aa1abe,N750HF,Gulfstream,G650,Large,Rolls-Royce,BR725,2
a0aad0,N142HC,Gulfstream,G650,Large,Rolls-Royce,BR725,2
424238,VP-BBF,Gulfstream,G650,Large,Rolls-Royce,BR725,2
aa31ec,N756SJ,Gulfstream,G650,Large,Rolls-Royce,BR725,2
06a1c8,A7-CGC,Gulfstream,G650,Large,Rolls-Royce,BR725,2
a38566,N326JD,Gulfstream,G650,Large,Rolls-Royce,BR725,2
43e9ce,M-USIK,Gulfstream,G650,Large,Rolls-Royce,BR725,2
a8c811,N665P,Gulfstream,G650,Large,Rolls-Royce,BR725,2
424799,VP-CKV,Gulfstream,G650,Large,Rolls-Royce,BR725,2
a1e051,N22T,Gulfstream,G650,Large,Rolls-Royce,BR725,2
a8a397,N656FX,Gulfstream,G650,Large,Rolls-Royce,BR725,2
aa8e2b,N77999,Gulfstream,G650,Large,Rolls-Royce,BR725,2
ad34e5,N950CM,Gulfstream,G650,Large,Rolls-Royce,BR725,2
a9a7dd,N721GD,Gulfstream,G700,Large,Rolls-Royce,Pearl 700,2
a98b80,N714GA,Gulfstream,G700,Large,Rolls-Royce,Pearl 700,2
abf6ed,N870GA,Gulfstream,G700,Large,Rolls-Royce,Pearl 700,2
a97694,N709GA,Gulfstream,G700,Large,Rolls-Royce,Pearl 700,2
a9805b,N711GA,Gulfstream,G700,Large,Rolls-Royce,Pearl 700,2
a96401,N704GA,Gulfstream,G700,Large,Rolls-Royce,Pearl 700,2
a97ca4,N710GA,Gulfstream,G700,Large,Rolls-Royce,Pearl 700,2
a96b72,N706GD,Gulfstream,G700,Large,Rolls-Royce,Pearl 700,2
a05bb7,N122GA,Gulfstream,G700,Large,Rolls-Royce,Pearl 700,2
a9604a,N703GA,Gulfstream,G700,Large,Rolls-Royce,Pearl 700,2
a9b6b9,N725GD,Gulfstream,G700,Large,Rolls-Royce,Pearl 700,2
a9c1db,N728GA,Gulfstream,G700,Large,Rolls-Royce,Pearl 700,2
a992ee,N716GA,Gulfstream,G700,Large,Rolls-Royce,Pearl 700,2
a9c595,N729GD,Gulfstream,G700,Large,Rolls-Royce,Pearl 700,2
a9be27,N727GD,Gulfstream,G700,Large,Rolls-Royce,Pearl 700,2
a9b302,N724GD,Gulfstream,G700,Large,Rolls-Royce,Pearl 700,2
a99e16,N719GD,Gulfstream,G700,Large,Rolls-Royce,Pearl 700,2
a9a433,N720GS,Gulfstream,G700,Large,Rolls-Royce,Pearl 700,2
a9604d,N703GD,Gulfstream,G700,Large,Rolls-Royce,Pearl 700,2
a967bb,N705GD,Gulfstream,G700,Large,Rolls-Royce,Pearl 700,2
a9af4b,N723GD,Gulfstream,G700,Large,Rolls-Royce,Pearl 700,2
a9cbb2,N730GS,Gulfstream,G700,Large,Rolls-Royce,Pearl 700,2
a11d7b,N171GA,Gulfstream,G700,Large,Rolls-Royce,Pearl 700,2
a95525,N700GA,Gulfstream,G700,Large,Rolls-Royce,Pearl 700,2
a972dd,N708GA,Gulfstream,G700,Large,Rolls-Royce,Pearl 700,2
a03438,N112GA,Gulfstream,G700,Large,Rolls-Royce,Pearl 700,2
a98f37,N715GA,Gulfstream,G700,Large,Rolls-Royce,Pearl 700,2
a9ba70,N726GD,Gulfstream,G700,Large,Rolls-Royce,Pearl 700,2
a99a5c,N718GA,Gulfstream,G700,Large,Rolls-Royce,Pearl 700,2
a95c96,N702GD,Gulfstream,G700,Large,Rolls-Royce,Pearl 700,2
a790c3,N587JT,Pilatus,PC-24,Small,Williams International,FJ44,2
a6513e,N506LK,Pilatus,PC-24,Small,Williams International,FJ44,2
a316ef,N299AF,Pilatus,PC-24,Small,Williams International,FJ44,2
4b3933,HB-VRF,Pilatus,PC-24,Small,Williams International,FJ44,2
a29e03,N268PJ,Pilatus,PC-24,Small,Williams International,FJ44,2
a2c163,N277KE,Pilatus,PC-24,Small,Williams International,FJ44,2
a0d911,N154AF,Pilatus,PC-24,Small,Williams International,FJ44,2
4d02c7,LX-PCF,Pilatus,PC-24,Small,Williams International,FJ44,2
a9f10f,N74JX,Pilatus,PC-24,Small,Williams International,FJ44,2
a9564d,N700TX,Pilatus,PC-24,Small,Williams International,FJ44,2
a3ffda,N357LT,Pilatus,PC-24,Small,Williams International,FJ44,2
a2005d,N228SV,Pilatus,PC-24,Small,Williams International,FJ44,2
a0669e,N125DP,Pilatus,PC-24,Small,Williams International,FJ44,2
aa3525,N757MH,Pilatus,PC-24,Small,Williams International,FJ44,2
a072b8,N128PJ,Pilatus,PC-24,Small,Williams International,FJ44,2
4b3948,HB-VSA,Pilatus,PC-24,Small,Williams International,FJ44,2
a3940c,N33G,Pilatus,PC-24,Small,Williams International,FJ44,2
a17e7d,N196AH,Pilatus,PC-24,Small,Williams International,FJ44,2
a230d0,N240JJ,Pilatus,PC-24,Small,Williams International,FJ44,2
a4d5a1,N410RK,Pilatus,PC-24,Small,Williams International,FJ44,2
a2aa87,N271DJ,Pilatus,PC-24,Small,Williams International,FJ44,2
a51738,N427SH,Pilatus,PC-24,Small,Williams International,FJ44,2
a23127,N240MW,Pilatus,PC-24,Small,Williams International,FJ44,2
3cf774,D-CVAA,Pilatus,PC-24,Small,Williams International,FJ44,2
7c2f54,VH-JMU,Pilatus,PC-24,Small,Williams International,FJ44,2
a2f449,N29MW,Pilatus,PC-24,Small,Williams International,FJ44,2
a22ee8,N24NX,Pilatus,PC-24,Small,Williams International,FJ44,2
a25b3b,N251AF,Pilatus,PC-24,Small,Williams International,FJ44,2
a22f93,N24VT,Pilatus,PC-24,Small,Williams International,FJ44,2
a2c7f3,N279AH,Pilatus,PC-24,Small,Williams International,FJ44,2
a2fe3e,N292PS,Pilatus,PC-24,Small,Williams International,FJ44,2
aadee5,N8TS,Pilatus,PC-24,Small,Williams International,FJ44,2
ab7e66,N84KE,Pilatus,PC-24,Small,Williams International,FJ44,2
a17855,N194PJ,Pilatus,PC-24,Small,Williams International,FJ44,2
a929f8,N69SL,Pilatus,PC-24,Small,Williams International,FJ44,2
a2a072,N269AF,Pilatus,PC-24,Small,Williams International,FJ44,2
a68ce7,N521CR,Pilatus,PC-24,Small,Williams International,FJ44,2
a3045c,N294AF,Pilatus,PC-24,Small,Williams International,FJ44,2
a81b14,N621MN,Pilatus,PC-24,Small,Williams International,FJ44,2
a1f068,N224FP,Pilatus,PC-24,Small,Williams International,FJ44,2
a22f79,N24US,Pilatus,PC-24,Small,Williams International,FJ44,2
a0664b,N125AF,Pilatus,PC-24,Small,Williams International,FJ44,2
7c1ce4,VH-FZQ,Pilatus,PC-24,Small,Williams International,FJ44,2
a04819,N117VK,Pilatus,PC-24,Small,Williams International,FJ44,2
a67c72,N517LH,Pilatus,PC-24,Small,Williams International,FJ44,2
a7c5af,N60JA,Pilatus,PC-24,Small,Williams International,FJ44,2
4b39cb,HB-VXB,Pilatus,PC-24,Small,Williams International,FJ44,2
ac444b,N89PL,Pilatus,PC-24,Small,Williams International,FJ44,2
7c4d1b,VH-PIL,Pilatus,PC-24,Small,Williams International,FJ44,2
a240b6,N244V,Pilatus,PC-24,Small,Williams International,FJ44,2
a2dac4,N283SV,Pilatus,PC-24,Small,Williams International,FJ44,2
4d02c4,LX-PCC,Pilatus,PC-24,Small,Williams International,FJ44,2
ace0c4,N929MZ,Pilatus,PC-24,Small,Williams International,FJ44,2
4b395b,HB-VST,Pilatus,PC-24,Small,Williams International,FJ44,2
ad4cf1,N956WM,Pilatus,PC-24,Small,Williams International,FJ44,2
a58c56,N457CG,Pilatus,PC-24,Small,Williams International,FJ44,2
a63308,N499RK,Pilatus,PC-24,Small,Williams International,FJ44,2
a2409d,N244U,Pilatus,PC-24,Small,Williams International,FJ44,2
a06294,N124AF,Pilatus,PC-24,Small,Williams International,FJ44,2
a238bb,N242PJ,Pilatus,PC-24,Small,Williams International,FJ44,2
a015eb,N1040C,Pilatus,PC-24,Small,Williams International,FJ44,2
4b39ab,HB-VVV,Pilatus,PC-24,Small,Williams International,FJ44,2
a2b560,N274AH,Pilatus,PC-24,Small,Williams International,FJ44,2
a98104,N711NV,Pilatus,PC-24,Small,Williams International,FJ44,2
7c1b0f,VH-FMP,Pilatus,PC-24,Small,Williams International,FJ44,2
4b395a,HB-VSS,Pilatus,PC-24,Small,Williams International,FJ44,2
a35d5f,N316CT,Pilatus,PC-24,Small,Williams International,FJ44,2
a00382,N10MV,Pilatus,PC-24,Small,Williams International,FJ44,2
a9d20f,N7317,Pilatus,PC-24,Small,Williams International,FJ44,2
a20ddb,N231SV,Pilatus,PC-24,Small,Williams International,FJ44,2
ac783b,N902SS,Pilatus,PC-24,Small,Williams International,FJ44,2
a32e8d,N304DV,Pilatus,PC-24,Small,Williams International,FJ44,2
a1fce6,N227VJ,Pilatus,PC-24,Small,Williams International,FJ44,2
a0057c,N100J,Pilatus,PC-24,Small,Williams International,FJ44,2
a1f01f,N224CR,Pilatus,PC-24,Small,Williams International,FJ44,2
a6e024,N542JB,Pilatus,PC-24,Small,Williams International,FJ44,2
abcd7a,N86LB,Pilatus,PC-24,Small,Williams International,FJ44,2
a3147a,N298PC,Pilatus,PC-24,Small,Williams International,FJ44,2
a2d56f,N282AF,Pilatus,PC-24,Small,Williams International,FJ44,2
a262f5,N253DG,Pilatus,PC-24,Small,Williams International,FJ44,2
4b395f,HB-VSX,Pilatus,PC-24,Small,Williams International,FJ44,2
e49720,PR-MZE,Pilatus,PC-24,Small,Williams International,FJ44,2
a2f3d1,N29HA,Pilatus,PC-24,Small,Williams International,FJ44,2
ab1242,N812RA,Pilatus,PC-24,Small,Williams International,FJ44,2
a94fe3,N7AG,Pilatus,PC-24,Small,Williams International,FJ44,2
a06a02,N126AF,Pilatus,PC-24,Small,Williams International,FJ44,2
a7134c,N555PJ,Pilatus,PC-24,Small,Williams International,FJ44,2
ad4890,N955PS,Pilatus,PC-24,Small,Williams International,FJ44,2
a4eea1,N417FC,Pilatus,PC-24,Small,Williams International,FJ44,2
ab4b8d,N827HB,Pilatus,PC-24,Small,Williams International,FJ44,2
a686d5,N52CP,Pilatus,PC-24,Small,Williams International,FJ44,2
c069a9,C-GOAI,Pilatus,PC-24,Small,Williams International,FJ44,2
a22fb3,N24X,Pilatus,PC-24,Small,Williams International,FJ44,2
a03bbf,N114HA,Pilatus,PC-24,Small,Williams International,FJ44,2
a02003,N107PJ,Pilatus,PC-24,Small,Williams International,FJ44,2
a2d218,N281EB,Pilatus,PC-24,Small,Williams International,FJ44,2
a2d2f4,N281NX,Pilatus,PC-24,Small,Williams International,FJ44,2
a1f1d2,N224WA,Pilatus,PC-24,Small,Williams International,FJ44,2
a95cbd,N702HT,Pilatus,PC-24,Small,Williams International,FJ44,2
4b395e,HB-VSW,Pilatus,PC-24,Small,Williams International,FJ44,2
4b3907,HB-VPN,Pilatus,PC-24,Small,Williams International,FJ44,2
4b39ca,HB-VXA,Pilatus,PC-24,Small,Williams International,FJ44,2
4b38a9,HB-VLX,Pilatus,PC-24,Small,Williams International,FJ44,2
a1f39a,N225AF,Pilatus,PC-24,Small,Williams International,FJ44,2
a80d30,N618HL,Pilatus,PC-24,Small,Williams International,FJ44,2
a1dfef,N22PB,Pilatus,PC-24,Small,Williams International,FJ44,2
a18ea0,N2PK,Pilatus,PC-24,Small,Williams International,FJ44,2
4b394e,HB-VSG,Pilatus,PC-24,Small,Williams International,FJ44,2
ab7e69,N84KH,Pilatus,PC-24,Small,Williams International,FJ44,2
a0e0a7,N156BW,Pilatus,PC-24,Small,Williams International,FJ44,2
ac3c49,N888HN,Pilatus,PC-24,Small,Williams International,FJ44,2
aa9010,N78VH,Pilatus,PC-24,Small,Williams International,FJ44,2
a24039,N244Q,Pilatus,PC-24,Small,Williams International,FJ44,2
a22eee,N24PC,Pilatus,PC-24,Small,Williams International,FJ44,2
7c35c6,VH-KWO,Pilatus,PC-24,Small,Williams International,FJ44,2
a0a456,N140SX,Pilatus,PC-24,Small,Williams International,FJ44,2
a308aa,N295GG,Pilatus,PC-24,Small,Williams International,FJ44,2
4d02c2,LX-PCB,Pilatus,PC-24,Small,Williams International,FJ44,2
a0e7ed,N158AF,Pilatus,PC-24,Small,Williams International,FJ44,2
a06f7d,N127UH,Pilatus,PC-24,Small,Williams International,FJ44,2
4d02c5,LX-JFG,Pilatus,PC-24,Small,Williams International,FJ44,2
4b395c,HB-VSU,Pilatus,PC-24,Small,Williams International,FJ44,2
